2026-05-30 13:24:18:451 | [BookPort] | INFO  | com.example.BookPort.BookPortApplication | Starting BookPortApplication using Java 21.0.8 with PID 4804 (D:\Project\BookPort\bin\main started by lenovo in D:\Project\BookPort)
2026-05-30 13:24:18:471 | [BookPort] | INFO  | com.example.BookPort.BookPortApplication | No active profile set, falling back to 1 default profile: "default"
2026-05-30 13:24:18:530 | [BookPort] | INFO  | org.springframework.boot.devtools.env.DevToolsPropertyDefaultsPostProcessor | Devtools property defaults active! Set 'spring.devtools.add-properties' to 'false' to disable
2026-05-30 13:24:18:531 | [BookPort] | INFO  | org.springframework.boot.devtools.env.DevToolsPropertyDefaultsPostProcessor | For additional web related logging consider setting the 'logging.level.web' property to 'DEBUG'
2026-05-30 13:24:18:612 | [BookPort] | INFO  | org.hibernate.validator.internal.util.Version | HV000001: Hibernate Validator 9.0.1.Final
2026-05-30 13:24:19:382 | [BookPort] | INFO  | org.springframework.data.repository.config.RepositoryConfigurationDelegate | Bootstrapping Spring Data JPA repositories in DEFAULT mode.
2026-05-30 13:24:19:450 | [BookPort] | INFO  | org.springframework.data.repository.config.RepositoryConfigurationDelegate | Finished Spring Data repository scanning in 56 ms. Found 1 JPA repository interface.
2026-05-30 13:24:20:032 | [BookPort] | INFO  | org.springframework.boot.tomcat.TomcatWebServer | Tomcat initialized with port 8081 (http)
2026-05-30 13:24:20:051 | [BookPort] | INFO  | org.apache.coyote.http11.Http11NioProtocol | Initializing ProtocolHandler ["http-nio-8081"]
2026-05-30 13:24:20:055 | [BookPort] | INFO  | org.apache.catalina.core.StandardService | Starting service [Tomcat]
2026-05-30 13:24:20:055 | [BookPort] | INFO  | org.apache.catalina.core.StandardEngine | Starting Servlet engine: [Apache Tomcat/11.0.21]
2026-05-30 13:24:20:113 | [BookPort] | INFO  | org.springframework.boot.web.context.servlet.WebApplicationContextInitializer | Root WebApplicationContext: initialization completed in 1577 ms
2026-05-30 13:24:20:346 | [BookPort] | INFO  | org.hibernate.orm.jpa | HHH008540: Processing PersistenceUnitInfo [name: default]
2026-05-30 13:24:20:393 | [BookPort] | INFO  | org.hibernate.orm.core | HHH000001: Hibernate ORM core version 7.2.12.Final
2026-05-30 13:24:21:059 | [BookPort] | INFO  | org.springframework.orm.jpa.persistenceunit.SpringPersistenceUnitInfo | No LoadTimeWeaver setup: ignoring JPA class transformer
2026-05-30 13:24:21:104 | [BookPort] | INFO  | com.zaxxer.hikari.HikariDataSource | HikariPool-1 - Starting...
2026-05-30 13:24:21:598 | [BookPort] | INFO  | com.zaxxer.hikari.pool.HikariPool | HikariPool-1 - Added connection com.mysql.cj.jdbc.ConnectionImpl@3211a64d
2026-05-30 13:24:21:600 | [BookPort] | INFO  | com.zaxxer.hikari.HikariDataSource | HikariPool-1 - Start completed.
2026-05-30 13:24:21:726 | [BookPort] | INFO  | org.hibernate.orm.connections.pooling | HHH10001005: Database info:
	Database JDBC URL [jdbc:mysql://localhost:3306/library_management]
	Database driver: MySQL Connector/J
	Database dialect: MySQLDialect
	Database version: 8.0.39
	Default catalog/schema: library_management/undefined
	Autocommit mode: undefined/unknown
	Isolation level: REPEATABLE_READ [default REPEATABLE_READ]
	JDBC fetch size: none
	Pool: DataSourceConnectionProvider
	Minimum pool size: undefined/unknown
	Maximum pool size: undefined/unknown
2026-05-30 13:24:22:673 | [BookPort] | INFO  | org.hibernate.orm.core | HHH000489: No JTA platform available (set 'hibernate.transaction.jta.platform' to enable JTA platform integration)
2026-05-30 13:24:22:682 | [BookPort] | INFO  | org.springframework.orm.jpa.LocalContainerEntityManagerFactoryBean | Initialized JPA EntityManagerFactory for persistence unit 'default'
2026-05-30 13:24:22:793 | [BookPort] | INFO  | org.springframework.data.jpa.repository.query.QueryEnhancerFactories | Hibernate is in classpath; If applicable, HQL parser will be used.
2026-05-30 13:24:23:158 | [BookPort] | WARN  | org.springframework.boot.jpa.autoconfigure.JpaBaseConfiguration$JpaWebConfiguration | spring.jpa.open-in-view is enabled by default. Therefore, database queries may be performed during view rendering. Explicitly configure spring.jpa.open-in-view to disable this warning
2026-05-30 13:24:23:347 | [BookPort] | WARN  | org.springframework.boot.web.server.servlet.context.AnnotationConfigServletWebServerApplicationContext | Exception encountered during context initialization - cancelling refresh attempt: org.springframework.beans.factory.BeanCreationException: Error creating bean with name 'requestMappingHandlerMapping' defined in class path resource [org/springframework/boot/webmvc/autoconfigure/WebMvcAutoConfiguration$EnableWebMvcConfiguration.class]: Ambiguous mapping. Cannot map 'registrController' method 
com.example.BookPort.auth.controller.v1.RegistrController#register(AuthRegisterRequestDto)
to {POST [/v1/register], consumes [multipart/form-data]}: There is already 'registrController' bean method
com.example.BookPort.auth.controller.v1.RegistrController#register(String, String, String, String, String, Date, StatusEnum, String, MultipartFile, MultipartFile) mapped.
2026-05-30 13:24:23:349 | [BookPort] | INFO  | org.springframework.orm.jpa.LocalContainerEntityManagerFactoryBean | Closing JPA EntityManagerFactory for persistence unit 'default'
2026-05-30 13:24:23:356 | [BookPort] | INFO  | com.zaxxer.hikari.HikariDataSource | HikariPool-1 - Shutdown initiated...
2026-05-30 13:24:23:371 | [BookPort] | INFO  | com.zaxxer.hikari.HikariDataSource | HikariPool-1 - Shutdown completed.
2026-05-30 13:24:23:376 | [BookPort] | INFO  | org.apache.catalina.core.StandardService | Stopping service [Tomcat]
2026-05-30 13:24:23:387 | [BookPort] | INFO  | org.springframework.boot.autoconfigure.logging.ConditionEvaluationReportLogger | 

Error starting ApplicationContext. To display the condition evaluation report re-run your application with 'debug' enabled.
2026-05-30 13:24:23:409 | [BookPort] | ERROR | org.springframework.boot.SpringApplication | Application run failed
org.springframework.beans.factory.BeanCreationException: Error creating bean with name 'requestMappingHandlerMapping' defined in class path resource [org/springframework/boot/webmvc/autoconfigure/WebMvcAutoConfiguration$EnableWebMvcConfiguration.class]: Ambiguous mapping. Cannot map 'registrController' method 
com.example.BookPort.auth.controller.v1.RegistrController#register(AuthRegisterRequestDto)
to {POST [/v1/register], consumes [multipart/form-data]}: There is already 'registrController' bean method
com.example.BookPort.auth.controller.v1.RegistrController#register(String, String, String, String, String, Date, StatusEnum, String, MultipartFile, MultipartFile) mapped.
	at org.springframework.beans.factory.support.AbstractAutowireCapableBeanFactory.initializeBean(AbstractAutowireCapableBeanFactory.java:1817)
	at org.springframework.beans.factory.support.AbstractAutowireCapableBeanFactory.doCreateBean(AbstractAutowireCapableBeanFactory.java:603)
	at org.springframework.beans.factory.support.AbstractAutowireCapableBeanFactory.createBean(AbstractAutowireCapableBeanFactory.java:525)
	at org.springframework.beans.factory.support.AbstractBeanFactory.lambda$doGetBean$0(AbstractBeanFactory.java:333)
	at org.springframework.beans.factory.support.DefaultSingletonBeanRegistry.getSingleton(DefaultSingletonBeanRegistry.java:371)
	at org.springframework.beans.factory.support.AbstractBeanFactory.doGetBean(AbstractBeanFactory.java:331)
	at org.springframework.beans.factory.support.AbstractBeanFactory.getBean(AbstractBeanFactory.java:196)
	at org.springframework.beans.factory.support.DefaultListableBeanFactory.instantiateSingleton(DefaultListableBeanFactory.java:1218)
	at org.springframework.beans.factory.support.DefaultListableBeanFactory.preInstantiateSingleton(DefaultListableBeanFactory.java:1184)
	at org.springframework.beans.factory.support.DefaultListableBeanFactory.preInstantiateSingletons(DefaultListableBeanFactory.java:1121)
	at org.springframework.context.support.AbstractApplicationContext.finishBeanFactoryInitialization(AbstractApplicationContext.java:994)
	at org.springframework.context.support.AbstractApplicationContext.refresh(AbstractApplicationContext.java:621)
	at org.springframework.boot.web.server.servlet.context.ServletWebServerApplicationContext.refresh(ServletWebServerApplicationContext.java:143)
	at org.springframework.boot.SpringApplication.refresh(SpringApplication.java:756)
	at org.springframework.boot.SpringApplication.refreshContext(SpringApplication.java:445)
	at org.springframework.boot.SpringApplication.run(SpringApplication.java:321)
	at org.springframework.boot.SpringApplication.run(SpringApplication.java:1365)
	at org.springframework.boot.SpringApplication.run(SpringApplication.java:1354)
	at com.example.BookPort.BookPortApplication.main(BookPortApplication.java:10)
	at java.base/jdk.internal.reflect.DirectMethodHandleAccessor.invoke(DirectMethodHandleAccessor.java:103)
	at java.base/java.lang.reflect.Method.invoke(Method.java:580)
	at org.springframework.boot.devtools.restart.RestartLauncher.run(RestartLauncher.java:52)
Caused by: java.lang.IllegalStateException: Ambiguous mapping. Cannot map 'registrController' method 
com.example.BookPort.auth.controller.v1.RegistrController#register(AuthRegisterRequestDto)
to {POST [/v1/register], consumes [multipart/form-data]}: There is already 'registrController' bean method
com.example.BookPort.auth.controller.v1.RegistrController#register(String, String, String, String, String, Date, StatusEnum, String, MultipartFile, MultipartFile) mapped.
	at org.springframework.web.servlet.handler.AbstractHandlerMethodMapping$MappingRegistry.validateMethodMapping(AbstractHandlerMethodMapping.java:646)
	at org.springframework.web.servlet.handler.AbstractHandlerMethodMapping$MappingRegistry.register(AbstractHandlerMethodMapping.java:606)
	at org.springframework.web.servlet.handler.AbstractHandlerMethodMapping.registerHandlerMethod(AbstractHandlerMethodMapping.java:327)
	at org.springframework.web.servlet.mvc.method.annotation.RequestMappingHandlerMapping.registerHandlerMethod(RequestMappingHandlerMapping.java:459)
	at org.springframework.web.servlet.mvc.method.annotation.RequestMappingHandlerMapping.registerHandlerMethod(RequestMappingHandlerMapping.java:80)
	at org.springframework.web.servlet.handler.AbstractHandlerMethodMapping.lambda$detectHandlerMethods$1(AbstractHandlerMethodMapping.java:294)
	at java.base/java.util.LinkedHashMap.forEach(LinkedHashMap.java:986)
	at org.springframework.web.servlet.handler.AbstractHandlerMethodMapping.detectHandlerMethods(AbstractHandlerMethodMapping.java:292)
	at org.springframework.web.servlet.handler.AbstractHandlerMethodMapping.processCandidateBean(AbstractHandlerMethodMapping.java:261)
	at org.springframework.web.servlet.handler.AbstractHandlerMethodMapping.initHandlerMethods(AbstractHandlerMethodMapping.java:220)
	at org.springframework.web.servlet.handler.AbstractHandlerMethodMapping.afterPropertiesSet(AbstractHandlerMethodMapping.java:208)
	at org.springframework.web.servlet.mvc.method.annotation.RequestMappingHandlerMapping.afterPropertiesSet(RequestMappingHandlerMapping.java:158)
	at org.springframework.beans.factory.support.AbstractAutowireCapableBeanFactory.invokeInitMethods(AbstractAutowireCapableBeanFactory.java:1864)
	at org.springframework.beans.factory.support.AbstractAutowireCapableBeanFactory.initializeBean(AbstractAutowireCapableBeanFactory.java:1813)
	... 21 more
2026-05-30 13:25:18:736 | [BookPort] | INFO  | com.example.BookPort.BookPortApplication | Starting BookPortApplication using Java 21.0.8 with PID 25108 (D:\Project\BookPort\bin\main started by lenovo in D:\Project\BookPort)
2026-05-30 13:25:18:748 | [BookPort] | INFO  | com.example.BookPort.BookPortApplication | No active profile set, falling back to 1 default profile: "default"
2026-05-30 13:25:18:817 | [BookPort] | INFO  | org.springframework.boot.devtools.env.DevToolsPropertyDefaultsPostProcessor | Devtools property defaults active! Set 'spring.devtools.add-properties' to 'false' to disable
2026-05-30 13:25:18:817 | [BookPort] | INFO  | org.springframework.boot.devtools.env.DevToolsPropertyDefaultsPostProcessor | For additional web related logging consider setting the 'logging.level.web' property to 'DEBUG'
2026-05-30 13:25:18:970 | [BookPort] | INFO  | org.hibernate.validator.internal.util.Version | HV000001: Hibernate Validator 9.0.1.Final
2026-05-30 13:25:19:869 | [BookPort] | INFO  | org.springframework.data.repository.config.RepositoryConfigurationDelegate | Bootstrapping Spring Data JPA repositories in DEFAULT mode.
2026-05-30 13:25:19:991 | [BookPort] | INFO  | org.springframework.data.repository.config.RepositoryConfigurationDelegate | Finished Spring Data repository scanning in 104 ms. Found 1 JPA repository interface.
2026-05-30 13:25:20:741 | [BookPort] | INFO  | org.springframework.boot.tomcat.TomcatWebServer | Tomcat initialized with port 8081 (http)
2026-05-30 13:25:20:758 | [BookPort] | INFO  | org.apache.coyote.http11.Http11NioProtocol | Initializing ProtocolHandler ["http-nio-8081"]
2026-05-30 13:25:20:761 | [BookPort] | INFO  | org.apache.catalina.core.StandardService | Starting service [Tomcat]
2026-05-30 13:25:20:761 | [BookPort] | INFO  | org.apache.catalina.core.StandardEngine | Starting Servlet engine: [Apache Tomcat/11.0.21]
2026-05-30 13:25:20:819 | [BookPort] | INFO  | org.springframework.boot.web.context.servlet.WebApplicationContextInitializer | Root WebApplicationContext: initialization completed in 1998 ms
2026-05-30 13:25:21:071 | [BookPort] | INFO  | org.hibernate.orm.jpa | HHH008540: Processing PersistenceUnitInfo [name: default]
2026-05-30 13:25:21:132 | [BookPort] | INFO  | org.hibernate.orm.core | HHH000001: Hibernate ORM core version 7.2.12.Final
2026-05-30 13:25:21:643 | [BookPort] | INFO  | org.springframework.orm.jpa.persistenceunit.SpringPersistenceUnitInfo | No LoadTimeWeaver setup: ignoring JPA class transformer
2026-05-30 13:25:21:688 | [BookPort] | INFO  | com.zaxxer.hikari.HikariDataSource | HikariPool-1 - Starting...
2026-05-30 13:25:22:172 | [BookPort] | INFO  | com.zaxxer.hikari.pool.HikariPool | HikariPool-1 - Added connection com.mysql.cj.jdbc.ConnectionImpl@6212ff26
2026-05-30 13:25:22:176 | [BookPort] | INFO  | com.zaxxer.hikari.HikariDataSource | HikariPool-1 - Start completed.
2026-05-30 13:25:22:273 | [BookPort] | INFO  | org.hibernate.orm.connections.pooling | HHH10001005: Database info:
	Database JDBC URL [jdbc:mysql://localhost:3306/library_management]
	Database driver: MySQL Connector/J
	Database dialect: MySQLDialect
	Database version: 8.0.39
	Default catalog/schema: library_management/undefined
	Autocommit mode: undefined/unknown
	Isolation level: REPEATABLE_READ [default REPEATABLE_READ]
	JDBC fetch size: none
	Pool: DataSourceConnectionProvider
	Minimum pool size: undefined/unknown
	Maximum pool size: undefined/unknown
2026-05-30 13:25:23:168 | [BookPort] | INFO  | org.hibernate.orm.core | HHH000489: No JTA platform available (set 'hibernate.transaction.jta.platform' to enable JTA platform integration)
2026-05-30 13:25:23:175 | [BookPort] | INFO  | org.springframework.orm.jpa.LocalContainerEntityManagerFactoryBean | Initialized JPA EntityManagerFactory for persistence unit 'default'
2026-05-30 13:25:23:268 | [BookPort] | INFO  | org.springframework.data.jpa.repository.query.QueryEnhancerFactories | Hibernate is in classpath; If applicable, HQL parser will be used.
2026-05-30 13:25:23:540 | [BookPort] | WARN  | org.springframework.boot.jpa.autoconfigure.JpaBaseConfiguration$JpaWebConfiguration | spring.jpa.open-in-view is enabled by default. Therefore, database queries may be performed during view rendering. Explicitly configure spring.jpa.open-in-view to disable this warning
2026-05-30 13:25:23:934 | [BookPort] | INFO  | org.apache.coyote.http11.Http11NioProtocol | Starting ProtocolHandler ["http-nio-8081"]
2026-05-30 13:25:23:963 | [BookPort] | INFO  | org.springframework.boot.tomcat.TomcatWebServer | Tomcat started on port 8081 (http) with context path '/'
2026-05-30 13:25:23:971 | [BookPort] | INFO  | com.example.BookPort.BookPortApplication | Started BookPortApplication in 5.888 seconds (process running for 6.675)
2026-05-30 13:29:20:424 | [BookPort] | INFO  | org.springframework.boot.devtools.autoconfigure.LocalDevToolsAutoConfiguration$RestartingClassPathChangeChangedEventListener | Restarting due to 1 class path change (0 additions, 0 deletions, 1 modification)
2026-05-30 13:29:20:434 | [BookPort] | INFO  | org.springframework.boot.tomcat.GracefulShutdown | Commencing graceful shutdown. Waiting for active requests to complete
2026-05-30 13:29:20:436 | [BookPort] | INFO  | org.apache.coyote.http11.Http11NioProtocol | Pausing ProtocolHandler ["http-nio-8081"]
2026-05-30 13:29:20:441 | [BookPort] | INFO  | org.springframework.boot.tomcat.GracefulShutdown | Graceful shutdown complete
2026-05-30 13:29:20:442 | [BookPort] | INFO  | org.apache.coyote.http11.Http11NioProtocol | Stopping ProtocolHandler ["http-nio-8081"]
2026-05-30 13:29:20:446 | [BookPort] | INFO  | org.springframework.orm.jpa.LocalContainerEntityManagerFactoryBean | Closing JPA EntityManagerFactory for persistence unit 'default'
2026-05-30 13:29:20:453 | [BookPort] | INFO  | com.zaxxer.hikari.HikariDataSource | HikariPool-1 - Shutdown initiated...
2026-05-30 13:29:20:461 | [BookPort] | INFO  | com.zaxxer.hikari.HikariDataSource | HikariPool-1 - Shutdown completed.
2026-05-30 13:29:20:592 | [BookPort] | INFO  | com.example.BookPort.BookPortApplication | Starting BookPortApplication using Java 21.0.8 with PID 25108 (D:\Project\BookPort\bin\main started by lenovo in D:\Project\BookPort)
2026-05-30 13:29:20:593 | [BookPort] | INFO  | com.example.BookPort.BookPortApplication | No active profile set, falling back to 1 default profile: "default"
2026-05-30 13:29:20:973 | [BookPort] | INFO  | org.springframework.data.repository.config.RepositoryConfigurationDelegate | Bootstrapping Spring Data JPA repositories in DEFAULT mode.
2026-05-30 13:29:21:007 | [BookPort] | INFO  | org.springframework.data.repository.config.RepositoryConfigurationDelegate | Finished Spring Data repository scanning in 30 ms. Found 1 JPA repository interface.
2026-05-30 13:29:21:157 | [BookPort] | INFO  | org.springframework.boot.tomcat.TomcatWebServer | Tomcat initialized with port 8081 (http)
2026-05-30 13:29:21:158 | [BookPort] | INFO  | org.apache.coyote.http11.Http11NioProtocol | Initializing ProtocolHandler ["http-nio-8081"]
2026-05-30 13:29:21:159 | [BookPort] | INFO  | org.apache.catalina.core.StandardService | Starting service [Tomcat]
2026-05-30 13:29:21:159 | [BookPort] | INFO  | org.apache.catalina.core.StandardEngine | Starting Servlet engine: [Apache Tomcat/11.0.21]
2026-05-30 13:29:21:182 | [BookPort] | INFO  | org.springframework.boot.web.context.servlet.WebApplicationContextInitializer | Root WebApplicationContext: initialization completed in 584 ms
2026-05-30 13:29:21:223 | [BookPort] | INFO  | org.hibernate.orm.jpa | HHH008540: Processing PersistenceUnitInfo [name: default]
2026-05-30 13:29:21:260 | [BookPort] | INFO  | org.springframework.orm.jpa.persistenceunit.SpringPersistenceUnitInfo | No LoadTimeWeaver setup: ignoring JPA class transformer
2026-05-30 13:29:21:262 | [BookPort] | INFO  | com.zaxxer.hikari.HikariDataSource | HikariPool-2 - Starting...
2026-05-30 13:29:21:289 | [BookPort] | INFO  | com.zaxxer.hikari.pool.HikariPool | HikariPool-2 - Added connection com.mysql.cj.jdbc.ConnectionImpl@503ba223
2026-05-30 13:29:21:290 | [BookPort] | INFO  | com.zaxxer.hikari.HikariDataSource | HikariPool-2 - Start completed.
2026-05-30 13:29:21:294 | [BookPort] | INFO  | org.hibernate.orm.connections.pooling | HHH10001005: Database info:
	Database JDBC URL [jdbc:mysql://localhost:3306/library_management]
	Database driver: MySQL Connector/J
	Database dialect: MySQLDialect
	Database version: 8.0.39
	Default catalog/schema: library_management/undefined
	Autocommit mode: undefined/unknown
	Isolation level: REPEATABLE_READ [default REPEATABLE_READ]
	JDBC fetch size: none
	Pool: DataSourceConnectionProvider
	Minimum pool size: undefined/unknown
	Maximum pool size: undefined/unknown
2026-05-30 13:29:21:372 | [BookPort] | INFO  | org.hibernate.orm.core | HHH000489: No JTA platform available (set 'hibernate.transaction.jta.platform' to enable JTA platform integration)
2026-05-30 13:29:21:374 | [BookPort] | INFO  | org.springframework.orm.jpa.LocalContainerEntityManagerFactoryBean | Initialized JPA EntityManagerFactory for persistence unit 'default'
2026-05-30 13:29:21:472 | [BookPort] | WARN  | org.springframework.boot.jpa.autoconfigure.JpaBaseConfiguration$JpaWebConfiguration | spring.jpa.open-in-view is enabled by default. Therefore, database queries may be performed during view rendering. Explicitly configure spring.jpa.open-in-view to disable this warning
2026-05-30 13:29:21:616 | [BookPort] | INFO  | org.apache.coyote.http11.Http11NioProtocol | Starting ProtocolHandler ["http-nio-8081"]
2026-05-30 13:29:21:620 | [BookPort] | INFO  | org.springframework.boot.tomcat.TomcatWebServer | Tomcat started on port 8081 (http) with context path '/'
2026-05-30 13:29:21:625 | [BookPort] | INFO  | com.example.BookPort.BookPortApplication | Started BookPortApplication in 1.088 seconds (process running for 244.328)
2026-05-30 13:29:21:627 | [BookPort] | INFO  | org.springframework.boot.devtools.autoconfigure.ConditionEvaluationDeltaLoggingListener | Condition evaluation unchanged
2026-05-30 13:31:26:541 | [BookPort] | INFO  | com.example.BookPort.BookPortApplication | Starting BookPortApplication using Java 21.0.8 with PID 4136 (D:\Project\BookPort\bin\main started by lenovo in D:\Project\BookPort)
2026-05-30 13:31:26:551 | [BookPort] | INFO  | com.example.BookPort.BookPortApplication | No active profile set, falling back to 1 default profile: "default"
2026-05-30 13:31:26:618 | [BookPort] | INFO  | org.springframework.boot.devtools.env.DevToolsPropertyDefaultsPostProcessor | Devtools property defaults active! Set 'spring.devtools.add-properties' to 'false' to disable
2026-05-30 13:31:26:619 | [BookPort] | INFO  | org.springframework.boot.devtools.env.DevToolsPropertyDefaultsPostProcessor | For additional web related logging consider setting the 'logging.level.web' property to 'DEBUG'
2026-05-30 13:31:26:746 | [BookPort] | INFO  | org.hibernate.validator.internal.util.Version | HV000001: Hibernate Validator 9.0.1.Final
2026-05-30 13:31:27:468 | [BookPort] | INFO  | org.springframework.data.repository.config.RepositoryConfigurationDelegate | Bootstrapping Spring Data JPA repositories in DEFAULT mode.
2026-05-30 13:31:27:539 | [BookPort] | INFO  | org.springframework.data.repository.config.RepositoryConfigurationDelegate | Finished Spring Data repository scanning in 59 ms. Found 1 JPA repository interface.
2026-05-30 13:31:28:084 | [BookPort] | INFO  | org.springframework.boot.tomcat.TomcatWebServer | Tomcat initialized with port 8081 (http)
2026-05-30 13:31:28:102 | [BookPort] | INFO  | org.apache.coyote.http11.Http11NioProtocol | Initializing ProtocolHandler ["http-nio-8081"]
2026-05-30 13:31:28:105 | [BookPort] | INFO  | org.apache.catalina.core.StandardService | Starting service [Tomcat]
2026-05-30 13:31:28:105 | [BookPort] | INFO  | org.apache.catalina.core.StandardEngine | Starting Servlet engine: [Apache Tomcat/11.0.21]
2026-05-30 13:31:28:163 | [BookPort] | INFO  | org.springframework.boot.web.context.servlet.WebApplicationContextInitializer | Root WebApplicationContext: initialization completed in 1541 ms
2026-05-30 13:31:28:385 | [BookPort] | INFO  | org.hibernate.orm.jpa | HHH008540: Processing PersistenceUnitInfo [name: default]
2026-05-30 13:31:28:452 | [BookPort] | INFO  | org.hibernate.orm.core | HHH000001: Hibernate ORM core version 7.2.12.Final
2026-05-30 13:31:29:351 | [BookPort] | INFO  | org.springframework.orm.jpa.persistenceunit.SpringPersistenceUnitInfo | No LoadTimeWeaver setup: ignoring JPA class transformer
2026-05-30 13:31:29:921 | [BookPort] | INFO  | com.zaxxer.hikari.HikariDataSource | HikariPool-1 - Starting...
2026-05-30 13:31:30:420 | [BookPort] | INFO  | com.zaxxer.hikari.pool.HikariPool | HikariPool-1 - Added connection com.mysql.cj.jdbc.ConnectionImpl@5181e9bf
2026-05-30 13:31:30:422 | [BookPort] | INFO  | com.zaxxer.hikari.HikariDataSource | HikariPool-1 - Start completed.
2026-05-30 13:31:30:550 | [BookPort] | INFO  | org.hibernate.orm.connections.pooling | HHH10001005: Database info:
	Database JDBC URL [jdbc:mysql://localhost:3306/library_management]
	Database driver: MySQL Connector/J
	Database dialect: MySQLDialect
	Database version: 8.0.39
	Default catalog/schema: library_management/undefined
	Autocommit mode: undefined/unknown
	Isolation level: REPEATABLE_READ [default REPEATABLE_READ]
	JDBC fetch size: none
	Pool: DataSourceConnectionProvider
	Minimum pool size: undefined/unknown
	Maximum pool size: undefined/unknown
2026-05-30 13:31:31:531 | [BookPort] | INFO  | org.hibernate.orm.core | HHH000489: No JTA platform available (set 'hibernate.transaction.jta.platform' to enable JTA platform integration)
2026-05-30 13:31:31:539 | [BookPort] | INFO  | org.springframework.orm.jpa.LocalContainerEntityManagerFactoryBean | Initialized JPA EntityManagerFactory for persistence unit 'default'
2026-05-30 13:31:31:623 | [BookPort] | INFO  | org.springframework.data.jpa.repository.query.QueryEnhancerFactories | Hibernate is in classpath; If applicable, HQL parser will be used.
2026-05-30 13:31:31:979 | [BookPort] | WARN  | org.springframework.boot.jpa.autoconfigure.JpaBaseConfiguration$JpaWebConfiguration | spring.jpa.open-in-view is enabled by default. Therefore, database queries may be performed during view rendering. Explicitly configure spring.jpa.open-in-view to disable this warning
2026-05-30 13:31:32:417 | [BookPort] | INFO  | org.apache.coyote.http11.Http11NioProtocol | Starting ProtocolHandler ["http-nio-8081"]
2026-05-30 13:31:32:445 | [BookPort] | INFO  | org.springframework.boot.tomcat.TomcatWebServer | Tomcat started on port 8081 (http) with context path '/'
2026-05-30 13:31:32:453 | [BookPort] | INFO  | com.example.BookPort.BookPortApplication | Started BookPortApplication in 6.482 seconds (process running for 7.094)
2026-05-30 13:33:44:214 | [BookPort] | INFO  | com.example.BookPort.BookPortApplication | Starting BookPortApplication using Java 21.0.8 with PID 9304 (D:\Project\BookPort\bin\main started by lenovo in D:\Project\BookPort)
2026-05-30 13:33:44:223 | [BookPort] | INFO  | com.example.BookPort.BookPortApplication | No active profile set, falling back to 1 default profile: "default"
2026-05-30 13:33:44:272 | [BookPort] | INFO  | org.springframework.boot.devtools.env.DevToolsPropertyDefaultsPostProcessor | Devtools property defaults active! Set 'spring.devtools.add-properties' to 'false' to disable
2026-05-30 13:33:44:273 | [BookPort] | INFO  | org.springframework.boot.devtools.env.DevToolsPropertyDefaultsPostProcessor | For additional web related logging consider setting the 'logging.level.web' property to 'DEBUG'
2026-05-30 13:33:44:378 | [BookPort] | INFO  | org.hibernate.validator.internal.util.Version | HV000001: Hibernate Validator 9.0.1.Final
2026-05-30 13:33:45:124 | [BookPort] | INFO  | org.springframework.data.repository.config.RepositoryConfigurationDelegate | Bootstrapping Spring Data JPA repositories in DEFAULT mode.
2026-05-30 13:33:45:211 | [BookPort] | INFO  | org.springframework.data.repository.config.RepositoryConfigurationDelegate | Finished Spring Data repository scanning in 72 ms. Found 1 JPA repository interface.
2026-05-30 13:33:45:813 | [BookPort] | INFO  | org.springframework.boot.tomcat.TomcatWebServer | Tomcat initialized with port 8081 (http)
2026-05-30 13:33:45:835 | [BookPort] | INFO  | org.apache.coyote.http11.Http11NioProtocol | Initializing ProtocolHandler ["http-nio-8081"]
2026-05-30 13:33:45:839 | [BookPort] | INFO  | org.apache.catalina.core.StandardService | Starting service [Tomcat]
2026-05-30 13:33:45:839 | [BookPort] | INFO  | org.apache.catalina.core.StandardEngine | Starting Servlet engine: [Apache Tomcat/11.0.21]
2026-05-30 13:33:45:903 | [BookPort] | INFO  | org.springframework.boot.web.context.servlet.WebApplicationContextInitializer | Root WebApplicationContext: initialization completed in 1627 ms
2026-05-30 13:33:46:143 | [BookPort] | INFO  | org.hibernate.orm.jpa | HHH008540: Processing PersistenceUnitInfo [name: default]
2026-05-30 13:33:46:201 | [BookPort] | INFO  | org.hibernate.orm.core | HHH000001: Hibernate ORM core version 7.2.12.Final
2026-05-30 13:33:46:728 | [BookPort] | INFO  | org.springframework.orm.jpa.persistenceunit.SpringPersistenceUnitInfo | No LoadTimeWeaver setup: ignoring JPA class transformer
2026-05-30 13:33:46:765 | [BookPort] | INFO  | com.zaxxer.hikari.HikariDataSource | HikariPool-1 - Starting...
2026-05-30 13:33:47:169 | [BookPort] | INFO  | com.zaxxer.hikari.pool.HikariPool | HikariPool-1 - Added connection com.mysql.cj.jdbc.ConnectionImpl@55571e76
2026-05-30 13:33:47:170 | [BookPort] | INFO  | com.zaxxer.hikari.HikariDataSource | HikariPool-1 - Start completed.
2026-05-30 13:33:47:254 | [BookPort] | INFO  | org.hibernate.orm.connections.pooling | HHH10001005: Database info:
	Database JDBC URL [jdbc:mysql://localhost:3306/library_management]
	Database driver: MySQL Connector/J
	Database dialect: MySQLDialect
	Database version: 8.0.39
	Default catalog/schema: library_management/undefined
	Autocommit mode: undefined/unknown
	Isolation level: REPEATABLE_READ [default REPEATABLE_READ]
	JDBC fetch size: none
	Pool: DataSourceConnectionProvider
	Minimum pool size: undefined/unknown
	Maximum pool size: undefined/unknown
2026-05-30 13:33:47:418 | [BookPort] | ERROR | org.springframework.orm.jpa.LocalContainerEntityManagerFactoryBean | Failed to initialize JPA EntityManagerFactory: Could not determine recommended JdbcType for Java type 'org.springframework.web.multipart.MultipartFile'
2026-05-30 13:33:47:419 | [BookPort] | WARN  | org.springframework.boot.web.server.servlet.context.AnnotationConfigServletWebServerApplicationContext | Exception encountered during context initialization - cancelling refresh attempt: org.springframework.beans.factory.BeanCreationException: Error creating bean with name 'entityManagerFactory' defined in class path resource [org/springframework/boot/hibernate/autoconfigure/HibernateJpaConfiguration.class]: Could not determine recommended JdbcType for Java type 'org.springframework.web.multipart.MultipartFile'
2026-05-30 13:33:47:421 | [BookPort] | INFO  | com.zaxxer.hikari.HikariDataSource | HikariPool-1 - Shutdown initiated...
2026-05-30 13:33:47:461 | [BookPort] | INFO  | com.zaxxer.hikari.HikariDataSource | HikariPool-1 - Shutdown completed.
2026-05-30 13:33:47:471 | [BookPort] | INFO  | org.apache.catalina.core.StandardService | Stopping service [Tomcat]
2026-05-30 13:33:47:503 | [BookPort] | INFO  | org.springframework.boot.autoconfigure.logging.ConditionEvaluationReportLogger | 

Error starting ApplicationContext. To display the condition evaluation report re-run your application with 'debug' enabled.
2026-05-30 13:33:47:549 | [BookPort] | ERROR | org.springframework.boot.SpringApplication | Application run failed
org.springframework.beans.factory.BeanCreationException: Error creating bean with name 'entityManagerFactory' defined in class path resource [org/springframework/boot/hibernate/autoconfigure/HibernateJpaConfiguration.class]: Could not determine recommended JdbcType for Java type 'org.springframework.web.multipart.MultipartFile'
	at org.springframework.beans.factory.support.AbstractAutowireCapableBeanFactory.initializeBean(AbstractAutowireCapableBeanFactory.java:1817)
	at org.springframework.beans.factory.support.AbstractAutowireCapableBeanFactory.doCreateBean(AbstractAutowireCapableBeanFactory.java:603)
	at org.springframework.beans.factory.support.AbstractAutowireCapableBeanFactory.createBean(AbstractAutowireCapableBeanFactory.java:525)
	at org.springframework.beans.factory.support.AbstractBeanFactory.lambda$doGetBean$0(AbstractBeanFactory.java:333)
	at org.springframework.beans.factory.support.DefaultSingletonBeanRegistry.getSingleton(DefaultSingletonBeanRegistry.java:371)
	at org.springframework.beans.factory.support.AbstractBeanFactory.doGetBean(AbstractBeanFactory.java:331)
	at org.springframework.beans.factory.support.AbstractBeanFactory.getBean(AbstractBeanFactory.java:201)
	at org.springframework.context.support.AbstractApplicationContext.finishBeanFactoryInitialization(AbstractApplicationContext.java:977)
	at org.springframework.context.support.AbstractApplicationContext.refresh(AbstractApplicationContext.java:621)
	at org.springframework.boot.web.server.servlet.context.ServletWebServerApplicationContext.refresh(ServletWebServerApplicationContext.java:143)
	at org.springframework.boot.SpringApplication.refresh(SpringApplication.java:756)
	at org.springframework.boot.SpringApplication.refreshContext(SpringApplication.java:445)
	at org.springframework.boot.SpringApplication.run(SpringApplication.java:321)
	at org.springframework.boot.SpringApplication.run(SpringApplication.java:1365)
	at org.springframework.boot.SpringApplication.run(SpringApplication.java:1354)
	at com.example.BookPort.BookPortApplication.main(BookPortApplication.java:10)
	at java.base/jdk.internal.reflect.DirectMethodHandleAccessor.invoke(DirectMethodHandleAccessor.java:103)
	at java.base/java.lang.reflect.Method.invoke(Method.java:580)
	at org.springframework.boot.devtools.restart.RestartLauncher.run(RestartLauncher.java:52)
Caused by: org.hibernate.type.descriptor.java.spi.JdbcTypeRecommendationException: Could not determine recommended JdbcType for Java type 'org.springframework.web.multipart.MultipartFile'
	at org.hibernate.type.descriptor.java.spi.UnknownBasicJavaType.getRecommendedJdbcType(UnknownBasicJavaType.java:60)
	at org.hibernate.boot.model.process.internal.InferredBasicValueResolver.from(InferredBasicValueResolver.java:161)
	at org.hibernate.mapping.BasicValue.resolution(BasicValue.java:643)
	at org.hibernate.mapping.BasicValue.buildResolution(BasicValue.java:447)
	at org.hibernate.mapping.BasicValue.buildResolution(BasicValue.java:421)
	at org.hibernate.mapping.BasicValue.resolve(BasicValue.java:338)
	at org.hibernate.mapping.BasicValue.resolve(BasicValue.java:328)
	at org.hibernate.boot.internal.InFlightMetadataCollectorImpl.lambda$processValueResolvers$0(InFlightMetadataCollectorImpl.java:1760)
	at java.base/java.util.ArrayList.removeIf(ArrayList.java:1765)
	at java.base/java.util.ArrayList.removeIf(ArrayList.java:1743)
	at org.hibernate.boot.internal.InFlightMetadataCollectorImpl.processValueResolvers(InFlightMetadataCollectorImpl.java:1760)
	at org.hibernate.boot.internal.InFlightMetadataCollectorImpl.processSecondPasses(InFlightMetadataCollectorImpl.java:1749)
	at org.hibernate.boot.model.process.spi.MetadataBuildingProcess.coordinateProcessors(MetadataBuildingProcess.java:357)
	at org.hibernate.boot.model.process.spi.MetadataBuildingProcess.complete(MetadataBuildingProcess.java:201)
	at org.hibernate.jpa.boot.internal.EntityManagerFactoryBuilderImpl.metadata(EntityManagerFactoryBuilderImpl.java:1392)
	at org.hibernate.jpa.boot.internal.EntityManagerFactoryBuilderImpl.populateSessionFactoryBuilder(EntityManagerFactoryBuilderImpl.java:1472)
	at org.hibernate.jpa.boot.internal.EntityManagerFactoryBuilderImpl.build(EntityManagerFactoryBuilderImpl.java:1454)
	at org.springframework.orm.jpa.vendor.SpringHibernateJpaPersistenceProvider.createContainerEntityManagerFactory(SpringHibernateJpaPersistenceProvider.java:93)
	at org.springframework.orm.jpa.LocalContainerEntityManagerFactoryBean.createNativeEntityManagerFactory(LocalContainerEntityManagerFactoryBean.java:443)
	at org.springframework.orm.jpa.AbstractEntityManagerFactoryBean.buildNativeEntityManagerFactory(AbstractEntityManagerFactoryBean.java:436)
	at org.springframework.orm.jpa.AbstractEntityManagerFactoryBean.afterPropertiesSet(AbstractEntityManagerFactoryBean.java:411)
	at org.springframework.orm.jpa.LocalContainerEntityManagerFactoryBean.afterPropertiesSet(LocalContainerEntityManagerFactoryBean.java:419)
	at org.springframework.beans.factory.support.AbstractAutowireCapableBeanFactory.invokeInitMethods(AbstractAutowireCapableBeanFactory.java:1864)
	at org.springframework.beans.factory.support.AbstractAutowireCapableBeanFactory.initializeBean(AbstractAutowireCapableBeanFactory.java:1813)
	... 18 more
2026-05-30 13:33:57:444 | [BookPort] | INFO  | com.example.BookPort.BookPortApplication | Starting BookPortApplication using Java 21.0.8 with PID 7880 (D:\Project\BookPort\bin\main started by lenovo in D:\Project\BookPort)
2026-05-30 13:33:57:455 | [BookPort] | INFO  | com.example.BookPort.BookPortApplication | No active profile set, falling back to 1 default profile: "default"
2026-05-30 13:33:57:514 | [BookPort] | INFO  | org.springframework.boot.devtools.env.DevToolsPropertyDefaultsPostProcessor | Devtools property defaults active! Set 'spring.devtools.add-properties' to 'false' to disable
2026-05-30 13:33:57:514 | [BookPort] | INFO  | org.springframework.boot.devtools.env.DevToolsPropertyDefaultsPostProcessor | For additional web related logging consider setting the 'logging.level.web' property to 'DEBUG'
2026-05-30 13:33:57:636 | [BookPort] | INFO  | org.hibernate.validator.internal.util.Version | HV000001: Hibernate Validator 9.0.1.Final
2026-05-30 13:33:58:336 | [BookPort] | INFO  | org.springframework.data.repository.config.RepositoryConfigurationDelegate | Bootstrapping Spring Data JPA repositories in DEFAULT mode.
2026-05-30 13:33:58:405 | [BookPort] | INFO  | org.springframework.data.repository.config.RepositoryConfigurationDelegate | Finished Spring Data repository scanning in 57 ms. Found 1 JPA repository interface.
2026-05-30 13:33:58:941 | [BookPort] | INFO  | org.springframework.boot.tomcat.TomcatWebServer | Tomcat initialized with port 8081 (http)
2026-05-30 13:33:58:960 | [BookPort] | INFO  | org.apache.coyote.http11.Http11NioProtocol | Initializing ProtocolHandler ["http-nio-8081"]
2026-05-30 13:33:58:964 | [BookPort] | INFO  | org.apache.catalina.core.StandardService | Starting service [Tomcat]
2026-05-30 13:33:58:964 | [BookPort] | INFO  | org.apache.catalina.core.StandardEngine | Starting Servlet engine: [Apache Tomcat/11.0.21]
2026-05-30 13:33:59:025 | [BookPort] | INFO  | org.springframework.boot.web.context.servlet.WebApplicationContextInitializer | Root WebApplicationContext: initialization completed in 1508 ms
2026-05-30 13:33:59:248 | [BookPort] | INFO  | org.hibernate.orm.jpa | HHH008540: Processing PersistenceUnitInfo [name: default]
2026-05-30 13:33:59:303 | [BookPort] | INFO  | org.hibernate.orm.core | HHH000001: Hibernate ORM core version 7.2.12.Final
2026-05-30 13:33:59:780 | [BookPort] | INFO  | org.springframework.orm.jpa.persistenceunit.SpringPersistenceUnitInfo | No LoadTimeWeaver setup: ignoring JPA class transformer
2026-05-30 13:33:59:814 | [BookPort] | INFO  | com.zaxxer.hikari.HikariDataSource | HikariPool-1 - Starting...
2026-05-30 13:34:00:208 | [BookPort] | INFO  | com.zaxxer.hikari.pool.HikariPool | HikariPool-1 - Added connection com.mysql.cj.jdbc.ConnectionImpl@1fac25d2
2026-05-30 13:34:00:211 | [BookPort] | INFO  | com.zaxxer.hikari.HikariDataSource | HikariPool-1 - Start completed.
2026-05-30 13:34:00:306 | [BookPort] | INFO  | org.hibernate.orm.connections.pooling | HHH10001005: Database info:
	Database JDBC URL [jdbc:mysql://localhost:3306/library_management]
	Database driver: MySQL Connector/J
	Database dialect: MySQLDialect
	Database version: 8.0.39
	Default catalog/schema: library_management/undefined
	Autocommit mode: undefined/unknown
	Isolation level: REPEATABLE_READ [default REPEATABLE_READ]
	JDBC fetch size: none
	Pool: DataSourceConnectionProvider
	Minimum pool size: undefined/unknown
	Maximum pool size: undefined/unknown
2026-05-30 13:34:00:474 | [BookPort] | ERROR | org.springframework.orm.jpa.LocalContainerEntityManagerFactoryBean | Failed to initialize JPA EntityManagerFactory: Could not determine recommended JdbcType for Java type 'org.springframework.web.multipart.MultipartFile'
2026-05-30 13:34:00:475 | [BookPort] | WARN  | org.springframework.boot.web.server.servlet.context.AnnotationConfigServletWebServerApplicationContext | Exception encountered during context initialization - cancelling refresh attempt: org.springframework.beans.factory.BeanCreationException: Error creating bean with name 'entityManagerFactory' defined in class path resource [org/springframework/boot/hibernate/autoconfigure/HibernateJpaConfiguration.class]: Could not determine recommended JdbcType for Java type 'org.springframework.web.multipart.MultipartFile'
2026-05-30 13:34:00:476 | [BookPort] | INFO  | com.zaxxer.hikari.HikariDataSource | HikariPool-1 - Shutdown initiated...
2026-05-30 13:34:00:539 | [BookPort] | INFO  | com.zaxxer.hikari.HikariDataSource | HikariPool-1 - Shutdown completed.
2026-05-30 13:34:00:546 | [BookPort] | INFO  | org.apache.catalina.core.StandardService | Stopping service [Tomcat]
2026-05-30 13:34:00:562 | [BookPort] | INFO  | org.springframework.boot.autoconfigure.logging.ConditionEvaluationReportLogger | 

Error starting ApplicationContext. To display the condition evaluation report re-run your application with 'debug' enabled.
2026-05-30 13:34:00:578 | [BookPort] | ERROR | org.springframework.boot.SpringApplication | Application run failed
org.springframework.beans.factory.BeanCreationException: Error creating bean with name 'entityManagerFactory' defined in class path resource [org/springframework/boot/hibernate/autoconfigure/HibernateJpaConfiguration.class]: Could not determine recommended JdbcType for Java type 'org.springframework.web.multipart.MultipartFile'
	at org.springframework.beans.factory.support.AbstractAutowireCapableBeanFactory.initializeBean(AbstractAutowireCapableBeanFactory.java:1817)
	at org.springframework.beans.factory.support.AbstractAutowireCapableBeanFactory.doCreateBean(AbstractAutowireCapableBeanFactory.java:603)
	at org.springframework.beans.factory.support.AbstractAutowireCapableBeanFactory.createBean(AbstractAutowireCapableBeanFactory.java:525)
	at org.springframework.beans.factory.support.AbstractBeanFactory.lambda$doGetBean$0(AbstractBeanFactory.java:333)
	at org.springframework.beans.factory.support.DefaultSingletonBeanRegistry.getSingleton(DefaultSingletonBeanRegistry.java:371)
	at org.springframework.beans.factory.support.AbstractBeanFactory.doGetBean(AbstractBeanFactory.java:331)
	at org.springframework.beans.factory.support.AbstractBeanFactory.getBean(AbstractBeanFactory.java:201)
	at org.springframework.context.support.AbstractApplicationContext.finishBeanFactoryInitialization(AbstractApplicationContext.java:977)
	at org.springframework.context.support.AbstractApplicationContext.refresh(AbstractApplicationContext.java:621)
	at org.springframework.boot.web.server.servlet.context.ServletWebServerApplicationContext.refresh(ServletWebServerApplicationContext.java:143)
	at org.springframework.boot.SpringApplication.refresh(SpringApplication.java:756)
	at org.springframework.boot.SpringApplication.refreshContext(SpringApplication.java:445)
	at org.springframework.boot.SpringApplication.run(SpringApplication.java:321)
	at org.springframework.boot.SpringApplication.run(SpringApplication.java:1365)
	at org.springframework.boot.SpringApplication.run(SpringApplication.java:1354)
	at com.example.BookPort.BookPortApplication.main(BookPortApplication.java:10)
	at java.base/jdk.internal.reflect.DirectMethodHandleAccessor.invoke(DirectMethodHandleAccessor.java:103)
	at java.base/java.lang.reflect.Method.invoke(Method.java:580)
	at org.springframework.boot.devtools.restart.RestartLauncher.run(RestartLauncher.java:52)
Caused by: org.hibernate.type.descriptor.java.spi.JdbcTypeRecommendationException: Could not determine recommended JdbcType for Java type 'org.springframework.web.multipart.MultipartFile'
	at org.hibernate.type.descriptor.java.spi.UnknownBasicJavaType.getRecommendedJdbcType(UnknownBasicJavaType.java:60)
	at org.hibernate.boot.model.process.internal.InferredBasicValueResolver.from(InferredBasicValueResolver.java:161)
	at org.hibernate.mapping.BasicValue.resolution(BasicValue.java:643)
	at org.hibernate.mapping.BasicValue.buildResolution(BasicValue.java:447)
	at org.hibernate.mapping.BasicValue.buildResolution(BasicValue.java:421)
	at org.hibernate.mapping.BasicValue.resolve(BasicValue.java:338)
	at org.hibernate.mapping.BasicValue.resolve(BasicValue.java:328)
	at org.hibernate.boot.internal.InFlightMetadataCollectorImpl.lambda$processValueResolvers$0(InFlightMetadataCollectorImpl.java:1760)
	at java.base/java.util.ArrayList.removeIf(ArrayList.java:1765)
	at java.base/java.util.ArrayList.removeIf(ArrayList.java:1743)
	at org.hibernate.boot.internal.InFlightMetadataCollectorImpl.processValueResolvers(InFlightMetadataCollectorImpl.java:1760)
	at org.hibernate.boot.internal.InFlightMetadataCollectorImpl.processSecondPasses(InFlightMetadataCollectorImpl.java:1749)
	at org.hibernate.boot.model.process.spi.MetadataBuildingProcess.coordinateProcessors(MetadataBuildingProcess.java:357)
	at org.hibernate.boot.model.process.spi.MetadataBuildingProcess.complete(MetadataBuildingProcess.java:201)
	at org.hibernate.jpa.boot.internal.EntityManagerFactoryBuilderImpl.metadata(EntityManagerFactoryBuilderImpl.java:1392)
	at org.hibernate.jpa.boot.internal.EntityManagerFactoryBuilderImpl.populateSessionFactoryBuilder(EntityManagerFactoryBuilderImpl.java:1472)
	at org.hibernate.jpa.boot.internal.EntityManagerFactoryBuilderImpl.build(EntityManagerFactoryBuilderImpl.java:1454)
	at org.springframework.orm.jpa.vendor.SpringHibernateJpaPersistenceProvider.createContainerEntityManagerFactory(SpringHibernateJpaPersistenceProvider.java:93)
	at org.springframework.orm.jpa.LocalContainerEntityManagerFactoryBean.createNativeEntityManagerFactory(LocalContainerEntityManagerFactoryBean.java:443)
	at org.springframework.orm.jpa.AbstractEntityManagerFactoryBean.buildNativeEntityManagerFactory(AbstractEntityManagerFactoryBean.java:436)
	at org.springframework.orm.jpa.AbstractEntityManagerFactoryBean.afterPropertiesSet(AbstractEntityManagerFactoryBean.java:411)
	at org.springframework.orm.jpa.LocalContainerEntityManagerFactoryBean.afterPropertiesSet(LocalContainerEntityManagerFactoryBean.java:419)
	at org.springframework.beans.factory.support.AbstractAutowireCapableBeanFactory.invokeInitMethods(AbstractAutowireCapableBeanFactory.java:1864)
	at org.springframework.beans.factory.support.AbstractAutowireCapableBeanFactory.initializeBean(AbstractAutowireCapableBeanFactory.java:1813)
	... 18 more
2026-05-30 13:36:58:193 | [BookPort] | INFO  | com.example.BookPort.BookPortApplication | Starting BookPortApplication using Java 21.0.8 with PID 25876 (D:\Project\BookPort\bin\main started by lenovo in D:\Project\BookPort)
2026-05-30 13:36:58:201 | [BookPort] | INFO  | com.example.BookPort.BookPortApplication | No active profile set, falling back to 1 default profile: "default"
2026-05-30 13:36:58:256 | [BookPort] | INFO  | org.springframework.boot.devtools.env.DevToolsPropertyDefaultsPostProcessor | Devtools property defaults active! Set 'spring.devtools.add-properties' to 'false' to disable
2026-05-30 13:36:58:257 | [BookPort] | INFO  | org.springframework.boot.devtools.env.DevToolsPropertyDefaultsPostProcessor | For additional web related logging consider setting the 'logging.level.web' property to 'DEBUG'
2026-05-30 13:36:58:350 | [BookPort] | INFO  | org.hibernate.validator.internal.util.Version | HV000001: Hibernate Validator 9.0.1.Final
2026-05-30 13:36:59:071 | [BookPort] | INFO  | org.springframework.data.repository.config.RepositoryConfigurationDelegate | Bootstrapping Spring Data JPA repositories in DEFAULT mode.
2026-05-30 13:36:59:143 | [BookPort] | INFO  | org.springframework.data.repository.config.RepositoryConfigurationDelegate | Finished Spring Data repository scanning in 58 ms. Found 1 JPA repository interface.
2026-05-30 13:36:59:775 | [BookPort] | INFO  | org.springframework.boot.tomcat.TomcatWebServer | Tomcat initialized with port 8081 (http)
2026-05-30 13:36:59:802 | [BookPort] | INFO  | org.apache.coyote.http11.Http11NioProtocol | Initializing ProtocolHandler ["http-nio-8081"]
2026-05-30 13:36:59:806 | [BookPort] | INFO  | org.apache.catalina.core.StandardService | Starting service [Tomcat]
2026-05-30 13:36:59:807 | [BookPort] | INFO  | org.apache.catalina.core.StandardEngine | Starting Servlet engine: [Apache Tomcat/11.0.21]
2026-05-30 13:36:59:894 | [BookPort] | INFO  | org.springframework.boot.web.context.servlet.WebApplicationContextInitializer | Root WebApplicationContext: initialization completed in 1633 ms
2026-05-30 13:37:00:123 | [BookPort] | INFO  | org.hibernate.orm.jpa | HHH008540: Processing PersistenceUnitInfo [name: default]
2026-05-30 13:37:00:174 | [BookPort] | INFO  | org.hibernate.orm.core | HHH000001: Hibernate ORM core version 7.2.12.Final
2026-05-30 13:37:00:722 | [BookPort] | INFO  | org.springframework.orm.jpa.persistenceunit.SpringPersistenceUnitInfo | No LoadTimeWeaver setup: ignoring JPA class transformer
2026-05-30 13:37:00:770 | [BookPort] | INFO  | com.zaxxer.hikari.HikariDataSource | HikariPool-1 - Starting...
2026-05-30 13:37:01:152 | [BookPort] | INFO  | com.zaxxer.hikari.pool.HikariPool | HikariPool-1 - Added connection com.mysql.cj.jdbc.ConnectionImpl@6212ff26
2026-05-30 13:37:01:153 | [BookPort] | INFO  | com.zaxxer.hikari.HikariDataSource | HikariPool-1 - Start completed.
2026-05-30 13:37:01:240 | [BookPort] | INFO  | org.hibernate.orm.connections.pooling | HHH10001005: Database info:
	Database JDBC URL [jdbc:mysql://localhost:3306/library_management]
	Database driver: MySQL Connector/J
	Database dialect: MySQLDialect
	Database version: 8.0.39
	Default catalog/schema: library_management/undefined
	Autocommit mode: undefined/unknown
	Isolation level: REPEATABLE_READ [default REPEATABLE_READ]
	JDBC fetch size: none
	Pool: DataSourceConnectionProvider
	Minimum pool size: undefined/unknown
	Maximum pool size: undefined/unknown
2026-05-30 13:37:01:400 | [BookPort] | ERROR | org.springframework.orm.jpa.LocalContainerEntityManagerFactoryBean | Failed to initialize JPA EntityManagerFactory: Could not determine recommended JdbcType for Java type 'org.springframework.web.multipart.MultipartFile'
2026-05-30 13:37:01:401 | [BookPort] | WARN  | org.springframework.boot.web.server.servlet.context.AnnotationConfigServletWebServerApplicationContext | Exception encountered during context initialization - cancelling refresh attempt: org.springframework.beans.factory.BeanCreationException: Error creating bean with name 'entityManagerFactory' defined in class path resource [org/springframework/boot/hibernate/autoconfigure/HibernateJpaConfiguration.class]: Could not determine recommended JdbcType for Java type 'org.springframework.web.multipart.MultipartFile'
2026-05-30 13:37:01:402 | [BookPort] | INFO  | com.zaxxer.hikari.HikariDataSource | HikariPool-1 - Shutdown initiated...
2026-05-30 13:37:01:435 | [BookPort] | INFO  | com.zaxxer.hikari.HikariDataSource | HikariPool-1 - Shutdown completed.
2026-05-30 13:37:01:439 | [BookPort] | INFO  | org.apache.catalina.core.StandardService | Stopping service [Tomcat]
2026-05-30 13:37:01:448 | [BookPort] | INFO  | org.springframework.boot.autoconfigure.logging.ConditionEvaluationReportLogger | 

Error starting ApplicationContext. To display the condition evaluation report re-run your application with 'debug' enabled.
2026-05-30 13:37:01:469 | [BookPort] | ERROR | org.springframework.boot.SpringApplication | Application run failed
org.springframework.beans.factory.BeanCreationException: Error creating bean with name 'entityManagerFactory' defined in class path resource [org/springframework/boot/hibernate/autoconfigure/HibernateJpaConfiguration.class]: Could not determine recommended JdbcType for Java type 'org.springframework.web.multipart.MultipartFile'
	at org.springframework.beans.factory.support.AbstractAutowireCapableBeanFactory.initializeBean(AbstractAutowireCapableBeanFactory.java:1817)
	at org.springframework.beans.factory.support.AbstractAutowireCapableBeanFactory.doCreateBean(AbstractAutowireCapableBeanFactory.java:603)
	at org.springframework.beans.factory.support.AbstractAutowireCapableBeanFactory.createBean(AbstractAutowireCapableBeanFactory.java:525)
	at org.springframework.beans.factory.support.AbstractBeanFactory.lambda$doGetBean$0(AbstractBeanFactory.java:333)
	at org.springframework.beans.factory.support.DefaultSingletonBeanRegistry.getSingleton(DefaultSingletonBeanRegistry.java:371)
	at org.springframework.beans.factory.support.AbstractBeanFactory.doGetBean(AbstractBeanFactory.java:331)
	at org.springframework.beans.factory.support.AbstractBeanFactory.getBean(AbstractBeanFactory.java:201)
	at org.springframework.context.support.AbstractApplicationContext.finishBeanFactoryInitialization(AbstractApplicationContext.java:977)
	at org.springframework.context.support.AbstractApplicationContext.refresh(AbstractApplicationContext.java:621)
	at org.springframework.boot.web.server.servlet.context.ServletWebServerApplicationContext.refresh(ServletWebServerApplicationContext.java:143)
	at org.springframework.boot.SpringApplication.refresh(SpringApplication.java:756)
	at org.springframework.boot.SpringApplication.refreshContext(SpringApplication.java:445)
	at org.springframework.boot.SpringApplication.run(SpringApplication.java:321)
	at org.springframework.boot.SpringApplication.run(SpringApplication.java:1365)
	at org.springframework.boot.SpringApplication.run(SpringApplication.java:1354)
	at com.example.BookPort.BookPortApplication.main(BookPortApplication.java:10)
	at java.base/jdk.internal.reflect.DirectMethodHandleAccessor.invoke(DirectMethodHandleAccessor.java:103)
	at java.base/java.lang.reflect.Method.invoke(Method.java:580)
	at org.springframework.boot.devtools.restart.RestartLauncher.run(RestartLauncher.java:52)
Caused by: org.hibernate.type.descriptor.java.spi.JdbcTypeRecommendationException: Could not determine recommended JdbcType for Java type 'org.springframework.web.multipart.MultipartFile'
	at org.hibernate.type.descriptor.java.spi.UnknownBasicJavaType.getRecommendedJdbcType(UnknownBasicJavaType.java:60)
	at org.hibernate.boot.model.process.internal.InferredBasicValueResolver.from(InferredBasicValueResolver.java:161)
	at org.hibernate.mapping.BasicValue.resolution(BasicValue.java:643)
	at org.hibernate.mapping.BasicValue.buildResolution(BasicValue.java:447)
	at org.hibernate.mapping.BasicValue.buildResolution(BasicValue.java:421)
	at org.hibernate.mapping.BasicValue.resolve(BasicValue.java:338)
	at org.hibernate.mapping.BasicValue.resolve(BasicValue.java:328)
	at org.hibernate.boot.internal.InFlightMetadataCollectorImpl.lambda$processValueResolvers$0(InFlightMetadataCollectorImpl.java:1760)
	at java.base/java.util.ArrayList.removeIf(ArrayList.java:1765)
	at java.base/java.util.ArrayList.removeIf(ArrayList.java:1743)
	at org.hibernate.boot.internal.InFlightMetadataCollectorImpl.processValueResolvers(InFlightMetadataCollectorImpl.java:1760)
	at org.hibernate.boot.internal.InFlightMetadataCollectorImpl.processSecondPasses(InFlightMetadataCollectorImpl.java:1749)
	at org.hibernate.boot.model.process.spi.MetadataBuildingProcess.coordinateProcessors(MetadataBuildingProcess.java:357)
	at org.hibernate.boot.model.process.spi.MetadataBuildingProcess.complete(MetadataBuildingProcess.java:201)
	at org.hibernate.jpa.boot.internal.EntityManagerFactoryBuilderImpl.metadata(EntityManagerFactoryBuilderImpl.java:1392)
	at org.hibernate.jpa.boot.internal.EntityManagerFactoryBuilderImpl.populateSessionFactoryBuilder(EntityManagerFactoryBuilderImpl.java:1472)
	at org.hibernate.jpa.boot.internal.EntityManagerFactoryBuilderImpl.build(EntityManagerFactoryBuilderImpl.java:1454)
	at org.springframework.orm.jpa.vendor.SpringHibernateJpaPersistenceProvider.createContainerEntityManagerFactory(SpringHibernateJpaPersistenceProvider.java:93)
	at org.springframework.orm.jpa.LocalContainerEntityManagerFactoryBean.createNativeEntityManagerFactory(LocalContainerEntityManagerFactoryBean.java:443)
	at org.springframework.orm.jpa.AbstractEntityManagerFactoryBean.buildNativeEntityManagerFactory(AbstractEntityManagerFactoryBean.java:436)
	at org.springframework.orm.jpa.AbstractEntityManagerFactoryBean.afterPropertiesSet(AbstractEntityManagerFactoryBean.java:411)
	at org.springframework.orm.jpa.LocalContainerEntityManagerFactoryBean.afterPropertiesSet(LocalContainerEntityManagerFactoryBean.java:419)
	at org.springframework.beans.factory.support.AbstractAutowireCapableBeanFactory.invokeInitMethods(AbstractAutowireCapableBeanFactory.java:1864)
	at org.springframework.beans.factory.support.AbstractAutowireCapableBeanFactory.initializeBean(AbstractAutowireCapableBeanFactory.java:1813)
	... 18 more
2026-05-30 13:43:55:172 | [BookPort] | INFO  | com.example.BookPort.BookPortApplication | Starting BookPortApplication using Java 21.0.8 with PID 7732 (D:\Project\BookPort\bin\main started by lenovo in D:\Project\BookPort)
2026-05-30 13:43:55:184 | [BookPort] | INFO  | com.example.BookPort.BookPortApplication | No active profile set, falling back to 1 default profile: "default"
2026-05-30 13:43:55:249 | [BookPort] | INFO  | org.springframework.boot.devtools.env.DevToolsPropertyDefaultsPostProcessor | Devtools property defaults active! Set 'spring.devtools.add-properties' to 'false' to disable
2026-05-30 13:43:55:250 | [BookPort] | INFO  | org.springframework.boot.devtools.env.DevToolsPropertyDefaultsPostProcessor | For additional web related logging consider setting the 'logging.level.web' property to 'DEBUG'
2026-05-30 13:43:55:365 | [BookPort] | INFO  | org.hibernate.validator.internal.util.Version | HV000001: Hibernate Validator 9.0.1.Final
2026-05-30 13:43:56:107 | [BookPort] | INFO  | org.springframework.data.repository.config.RepositoryConfigurationDelegate | Bootstrapping Spring Data JPA repositories in DEFAULT mode.
2026-05-30 13:43:56:177 | [BookPort] | INFO  | org.springframework.data.repository.config.RepositoryConfigurationDelegate | Finished Spring Data repository scanning in 58 ms. Found 1 JPA repository interface.
2026-05-30 13:43:56:724 | [BookPort] | INFO  | org.springframework.boot.tomcat.TomcatWebServer | Tomcat initialized with port 8081 (http)
2026-05-30 13:43:56:741 | [BookPort] | INFO  | org.apache.coyote.http11.Http11NioProtocol | Initializing ProtocolHandler ["http-nio-8081"]
2026-05-30 13:43:56:745 | [BookPort] | INFO  | org.apache.catalina.core.StandardService | Starting service [Tomcat]
2026-05-30 13:43:56:745 | [BookPort] | INFO  | org.apache.catalina.core.StandardEngine | Starting Servlet engine: [Apache Tomcat/11.0.21]
2026-05-30 13:43:56:796 | [BookPort] | INFO  | org.springframework.boot.web.context.servlet.WebApplicationContextInitializer | Root WebApplicationContext: initialization completed in 1544 ms
2026-05-30 13:43:57:025 | [BookPort] | INFO  | org.hibernate.orm.jpa | HHH008540: Processing PersistenceUnitInfo [name: default]
2026-05-30 13:43:57:078 | [BookPort] | INFO  | org.hibernate.orm.core | HHH000001: Hibernate ORM core version 7.2.12.Final
2026-05-30 13:43:57:577 | [BookPort] | INFO  | org.springframework.orm.jpa.persistenceunit.SpringPersistenceUnitInfo | No LoadTimeWeaver setup: ignoring JPA class transformer
2026-05-30 13:43:57:618 | [BookPort] | INFO  | com.zaxxer.hikari.HikariDataSource | HikariPool-1 - Starting...
2026-05-30 13:43:57:980 | [BookPort] | INFO  | com.zaxxer.hikari.pool.HikariPool | HikariPool-1 - Added connection com.mysql.cj.jdbc.ConnectionImpl@55571e76
2026-05-30 13:43:57:982 | [BookPort] | INFO  | com.zaxxer.hikari.HikariDataSource | HikariPool-1 - Start completed.
2026-05-30 13:43:58:071 | [BookPort] | INFO  | org.hibernate.orm.connections.pooling | HHH10001005: Database info:
	Database JDBC URL [jdbc:mysql://localhost:3306/library_management]
	Database driver: MySQL Connector/J
	Database dialect: MySQLDialect
	Database version: 8.0.39
	Default catalog/schema: library_management/undefined
	Autocommit mode: undefined/unknown
	Isolation level: REPEATABLE_READ [default REPEATABLE_READ]
	JDBC fetch size: none
	Pool: DataSourceConnectionProvider
	Minimum pool size: undefined/unknown
	Maximum pool size: undefined/unknown
2026-05-30 13:43:58:912 | [BookPort] | INFO  | org.hibernate.orm.core | HHH000489: No JTA platform available (set 'hibernate.transaction.jta.platform' to enable JTA platform integration)
2026-05-30 13:43:58:918 | [BookPort] | INFO  | org.springframework.orm.jpa.LocalContainerEntityManagerFactoryBean | Initialized JPA EntityManagerFactory for persistence unit 'default'
2026-05-30 13:43:59:013 | [BookPort] | INFO  | org.springframework.data.jpa.repository.query.QueryEnhancerFactories | Hibernate is in classpath; If applicable, HQL parser will be used.
2026-05-30 13:43:59:327 | [BookPort] | WARN  | org.springframework.boot.jpa.autoconfigure.JpaBaseConfiguration$JpaWebConfiguration | spring.jpa.open-in-view is enabled by default. Therefore, database queries may be performed during view rendering. Explicitly configure spring.jpa.open-in-view to disable this warning
2026-05-30 13:43:59:765 | [BookPort] | INFO  | org.apache.coyote.http11.Http11NioProtocol | Starting ProtocolHandler ["http-nio-8081"]
2026-05-30 13:43:59:793 | [BookPort] | INFO  | org.springframework.boot.tomcat.TomcatWebServer | Tomcat started on port 8081 (http) with context path '/'
2026-05-30 13:43:59:802 | [BookPort] | INFO  | com.example.BookPort.BookPortApplication | Started BookPortApplication in 5.208 seconds (process running for 5.858)
2026-05-30 13:44:10:274 | [BookPort] | INFO  | org.apache.catalina.core.ContainerBase.[Tomcat].[localhost].[/] | Initializing Spring DispatcherServlet 'dispatcherServlet'
2026-05-30 13:44:10:282 | [BookPort] | INFO  | org.springframework.web.servlet.DispatcherServlet | Initializing Servlet 'dispatcherServlet'
2026-05-30 13:44:10:285 | [BookPort] | INFO  | org.springframework.web.servlet.DispatcherServlet | Completed initialization in 3 ms
2026-05-30 13:44:10:585 | [BookPort] | WARN  | org.springframework.web.servlet.mvc.method.annotation.ExceptionHandlerExceptionResolver | Resolved [org.springframework.web.method.annotation.MethodArgumentTypeMismatchException: Method parameter 'dob': Failed to convert value of type 'java.lang.String' to required type 'java.util.Date'; Failed to convert from type [java.lang.String] to type [@org.springframework.web.bind.annotation.RequestParam java.util.Date] for value [2002-09-22]]
2026-05-30 13:45:02:285 | [BookPort] | INFO  | com.example.BookPort.BookPortApplication | Starting BookPortApplication using Java 21.0.8 with PID 14032 (D:\Project\BookPort\bin\main started by lenovo in D:\Project\BookPort)
2026-05-30 13:45:02:299 | [BookPort] | INFO  | com.example.BookPort.BookPortApplication | No active profile set, falling back to 1 default profile: "default"
2026-05-30 13:45:02:375 | [BookPort] | INFO  | org.springframework.boot.devtools.env.DevToolsPropertyDefaultsPostProcessor | Devtools property defaults active! Set 'spring.devtools.add-properties' to 'false' to disable
2026-05-30 13:45:02:375 | [BookPort] | INFO  | org.springframework.boot.devtools.env.DevToolsPropertyDefaultsPostProcessor | For additional web related logging consider setting the 'logging.level.web' property to 'DEBUG'
2026-05-30 13:45:02:560 | [BookPort] | INFO  | org.hibernate.validator.internal.util.Version | HV000001: Hibernate Validator 9.0.1.Final
2026-05-30 13:45:03:407 | [BookPort] | INFO  | org.springframework.data.repository.config.RepositoryConfigurationDelegate | Bootstrapping Spring Data JPA repositories in DEFAULT mode.
2026-05-30 13:45:03:540 | [BookPort] | INFO  | org.springframework.data.repository.config.RepositoryConfigurationDelegate | Finished Spring Data repository scanning in 111 ms. Found 1 JPA repository interface.
2026-05-30 13:45:04:308 | [BookPort] | INFO  | org.springframework.boot.tomcat.TomcatWebServer | Tomcat initialized with port 8081 (http)
2026-05-30 13:45:04:332 | [BookPort] | INFO  | org.apache.coyote.http11.Http11NioProtocol | Initializing ProtocolHandler ["http-nio-8081"]
2026-05-30 13:45:04:337 | [BookPort] | INFO  | org.apache.catalina.core.StandardService | Starting service [Tomcat]
2026-05-30 13:45:04:338 | [BookPort] | INFO  | org.apache.catalina.core.StandardEngine | Starting Servlet engine: [Apache Tomcat/11.0.21]
2026-05-30 13:45:04:405 | [BookPort] | INFO  | org.springframework.boot.web.context.servlet.WebApplicationContextInitializer | Root WebApplicationContext: initialization completed in 2027 ms
2026-05-30 13:45:04:653 | [BookPort] | INFO  | org.hibernate.orm.jpa | HHH008540: Processing PersistenceUnitInfo [name: default]
2026-05-30 13:45:04:738 | [BookPort] | INFO  | org.hibernate.orm.core | HHH000001: Hibernate ORM core version 7.2.12.Final
2026-05-30 13:45:05:443 | [BookPort] | INFO  | org.springframework.orm.jpa.persistenceunit.SpringPersistenceUnitInfo | No LoadTimeWeaver setup: ignoring JPA class transformer
2026-05-30 13:45:05:495 | [BookPort] | INFO  | com.zaxxer.hikari.HikariDataSource | HikariPool-1 - Starting...
2026-05-30 13:45:06:063 | [BookPort] | INFO  | com.zaxxer.hikari.pool.HikariPool | HikariPool-1 - Added connection com.mysql.cj.jdbc.ConnectionImpl@7de95979
2026-05-30 13:45:06:068 | [BookPort] | INFO  | com.zaxxer.hikari.HikariDataSource | HikariPool-1 - Start completed.
2026-05-30 13:45:06:210 | [BookPort] | INFO  | org.hibernate.orm.connections.pooling | HHH10001005: Database info:
	Database JDBC URL [jdbc:mysql://localhost:3306/library_management]
	Database driver: MySQL Connector/J
	Database dialect: MySQLDialect
	Database version: 8.0.39
	Default catalog/schema: library_management/undefined
	Autocommit mode: undefined/unknown
	Isolation level: REPEATABLE_READ [default REPEATABLE_READ]
	JDBC fetch size: none
	Pool: DataSourceConnectionProvider
	Minimum pool size: undefined/unknown
	Maximum pool size: undefined/unknown
2026-05-30 13:45:07:541 | [BookPort] | INFO  | org.hibernate.orm.core | HHH000489: No JTA platform available (set 'hibernate.transaction.jta.platform' to enable JTA platform integration)
2026-05-30 13:45:07:551 | [BookPort] | INFO  | org.springframework.orm.jpa.LocalContainerEntityManagerFactoryBean | Initialized JPA EntityManagerFactory for persistence unit 'default'
2026-05-30 13:45:07:662 | [BookPort] | INFO  | org.springframework.data.jpa.repository.query.QueryEnhancerFactories | Hibernate is in classpath; If applicable, HQL parser will be used.
2026-05-30 13:45:08:028 | [BookPort] | WARN  | org.springframework.boot.jpa.autoconfigure.JpaBaseConfiguration$JpaWebConfiguration | spring.jpa.open-in-view is enabled by default. Therefore, database queries may be performed during view rendering. Explicitly configure spring.jpa.open-in-view to disable this warning
2026-05-30 13:45:08:454 | [BookPort] | INFO  | org.apache.coyote.http11.Http11NioProtocol | Starting ProtocolHandler ["http-nio-8081"]
2026-05-30 13:45:08:464 | [BookPort] | WARN  | org.springframework.boot.web.server.servlet.context.AnnotationConfigServletWebServerApplicationContext | Exception encountered during context initialization - cancelling refresh attempt: org.springframework.context.ApplicationContextException: Failed to start bean 'webServerStartStop'
2026-05-30 13:45:08:466 | [BookPort] | INFO  | org.springframework.orm.jpa.LocalContainerEntityManagerFactoryBean | Closing JPA EntityManagerFactory for persistence unit 'default'
2026-05-30 13:45:08:471 | [BookPort] | INFO  | com.zaxxer.hikari.HikariDataSource | HikariPool-1 - Shutdown initiated...
2026-05-30 13:45:08:482 | [BookPort] | INFO  | com.zaxxer.hikari.HikariDataSource | HikariPool-1 - Shutdown completed.
2026-05-30 13:45:08:495 | [BookPort] | INFO  | org.springframework.boot.autoconfigure.logging.ConditionEvaluationReportLogger | 

Error starting ApplicationContext. To display the condition evaluation report re-run your application with 'debug' enabled.
2026-05-30 13:45:08:516 | [BookPort] | ERROR | org.springframework.boot.diagnostics.LoggingFailureAnalysisReporter | 

***************************
APPLICATION FAILED TO START
***************************

Description:

Web server failed to start. Port 8081 was already in use.

Action:

Identify and stop the process that's listening on port 8081 or configure this application to listen on another port.

2026-05-30 13:47:48:321 | [BookPort] | INFO  | org.springframework.boot.devtools.autoconfigure.LocalDevToolsAutoConfiguration$RestartingClassPathChangeChangedEventListener | Restarting due to 1 class path change (0 additions, 0 deletions, 1 modification)
2026-05-30 13:47:48:343 | [BookPort] | INFO  | org.springframework.boot.tomcat.GracefulShutdown | Commencing graceful shutdown. Waiting for active requests to complete
2026-05-30 13:47:48:347 | [BookPort] | INFO  | org.apache.coyote.http11.Http11NioProtocol | Pausing ProtocolHandler ["http-nio-8081"]
2026-05-30 13:47:48:354 | [BookPort] | INFO  | org.springframework.boot.tomcat.GracefulShutdown | Graceful shutdown complete
2026-05-30 13:47:48:355 | [BookPort] | INFO  | org.apache.coyote.http11.Http11NioProtocol | Stopping ProtocolHandler ["http-nio-8081"]
2026-05-30 13:47:48:359 | [BookPort] | INFO  | org.springframework.orm.jpa.LocalContainerEntityManagerFactoryBean | Closing JPA EntityManagerFactory for persistence unit 'default'
2026-05-30 13:47:48:367 | [BookPort] | INFO  | com.zaxxer.hikari.HikariDataSource | HikariPool-1 - Shutdown initiated...
2026-05-30 13:47:48:379 | [BookPort] | INFO  | com.zaxxer.hikari.HikariDataSource | HikariPool-1 - Shutdown completed.
2026-05-30 13:47:48:521 | [BookPort] | INFO  | com.example.BookPort.BookPortApplication | Starting BookPortApplication using Java 21.0.8 with PID 7732 (D:\Project\BookPort\bin\main started by lenovo in D:\Project\BookPort)
2026-05-30 13:47:48:522 | [BookPort] | INFO  | com.example.BookPort.BookPortApplication | No active profile set, falling back to 1 default profile: "default"
2026-05-30 13:47:48:890 | [BookPort] | INFO  | org.springframework.data.repository.config.RepositoryConfigurationDelegate | Bootstrapping Spring Data JPA repositories in DEFAULT mode.
2026-05-30 13:47:48:908 | [BookPort] | INFO  | org.springframework.data.repository.config.RepositoryConfigurationDelegate | Finished Spring Data repository scanning in 16 ms. Found 1 JPA repository interface.
2026-05-30 13:47:49:041 | [BookPort] | INFO  | org.springframework.boot.tomcat.TomcatWebServer | Tomcat initialized with port 8081 (http)
2026-05-30 13:47:49:042 | [BookPort] | INFO  | org.apache.coyote.http11.Http11NioProtocol | Initializing ProtocolHandler ["http-nio-8081"]
2026-05-30 13:47:49:043 | [BookPort] | INFO  | org.apache.catalina.core.StandardService | Starting service [Tomcat]
2026-05-30 13:47:49:043 | [BookPort] | INFO  | org.apache.catalina.core.StandardEngine | Starting Servlet engine: [Apache Tomcat/11.0.21]
2026-05-30 13:47:49:083 | [BookPort] | INFO  | org.springframework.boot.web.context.servlet.WebApplicationContextInitializer | Root WebApplicationContext: initialization completed in 558 ms
2026-05-30 13:47:49:144 | [BookPort] | INFO  | org.hibernate.orm.jpa | HHH008540: Processing PersistenceUnitInfo [name: default]
2026-05-30 13:47:49:183 | [BookPort] | INFO  | org.springframework.orm.jpa.persistenceunit.SpringPersistenceUnitInfo | No LoadTimeWeaver setup: ignoring JPA class transformer
2026-05-30 13:47:49:184 | [BookPort] | INFO  | com.zaxxer.hikari.HikariDataSource | HikariPool-2 - Starting...
2026-05-30 13:47:49:205 | [BookPort] | INFO  | com.zaxxer.hikari.pool.HikariPool | HikariPool-2 - Added connection com.mysql.cj.jdbc.ConnectionImpl@489a4102
2026-05-30 13:47:49:205 | [BookPort] | INFO  | com.zaxxer.hikari.HikariDataSource | HikariPool-2 - Start completed.
2026-05-30 13:47:49:210 | [BookPort] | INFO  | org.hibernate.orm.connections.pooling | HHH10001005: Database info:
	Database JDBC URL [jdbc:mysql://localhost:3306/library_management]
	Database driver: MySQL Connector/J
	Database dialect: MySQLDialect
	Database version: 8.0.39
	Default catalog/schema: library_management/undefined
	Autocommit mode: undefined/unknown
	Isolation level: REPEATABLE_READ [default REPEATABLE_READ]
	JDBC fetch size: none
	Pool: DataSourceConnectionProvider
	Minimum pool size: undefined/unknown
	Maximum pool size: undefined/unknown
2026-05-30 13:47:49:274 | [BookPort] | INFO  | org.hibernate.orm.core | HHH000489: No JTA platform available (set 'hibernate.transaction.jta.platform' to enable JTA platform integration)
2026-05-30 13:47:49:275 | [BookPort] | INFO  | org.springframework.orm.jpa.LocalContainerEntityManagerFactoryBean | Initialized JPA EntityManagerFactory for persistence unit 'default'
2026-05-30 13:47:49:356 | [BookPort] | WARN  | org.springframework.boot.jpa.autoconfigure.JpaBaseConfiguration$JpaWebConfiguration | spring.jpa.open-in-view is enabled by default. Therefore, database queries may be performed during view rendering. Explicitly configure spring.jpa.open-in-view to disable this warning
2026-05-30 13:47:49:484 | [BookPort] | INFO  | org.apache.coyote.http11.Http11NioProtocol | Starting ProtocolHandler ["http-nio-8081"]
2026-05-30 13:47:49:489 | [BookPort] | INFO  | org.springframework.boot.tomcat.TomcatWebServer | Tomcat started on port 8081 (http) with context path '/'
2026-05-30 13:47:49:493 | [BookPort] | INFO  | com.example.BookPort.BookPortApplication | Started BookPortApplication in 1.028 seconds (process running for 235.55)
2026-05-30 13:47:49:497 | [BookPort] | INFO  | org.springframework.boot.devtools.autoconfigure.ConditionEvaluationDeltaLoggingListener | Condition evaluation unchanged
2026-05-30 13:47:55:026 | [BookPort] | INFO  | org.springframework.boot.devtools.autoconfigure.LocalDevToolsAutoConfiguration$RestartingClassPathChangeChangedEventListener | Restarting due to 1 class path change (0 additions, 0 deletions, 1 modification)
2026-05-30 13:47:55:031 | [BookPort] | INFO  | org.springframework.boot.tomcat.GracefulShutdown | Commencing graceful shutdown. Waiting for active requests to complete
2026-05-30 13:47:55:033 | [BookPort] | INFO  | org.apache.coyote.http11.Http11NioProtocol | Pausing ProtocolHandler ["http-nio-8081"]
2026-05-30 13:47:55:044 | [BookPort] | INFO  | org.springframework.boot.tomcat.GracefulShutdown | Graceful shutdown complete
2026-05-30 13:47:55:046 | [BookPort] | INFO  | org.apache.coyote.http11.Http11NioProtocol | Stopping ProtocolHandler ["http-nio-8081"]
2026-05-30 13:47:55:049 | [BookPort] | INFO  | org.springframework.orm.jpa.LocalContainerEntityManagerFactoryBean | Closing JPA EntityManagerFactory for persistence unit 'default'
2026-05-30 13:47:55:050 | [BookPort] | INFO  | com.zaxxer.hikari.HikariDataSource | HikariPool-2 - Shutdown initiated...
2026-05-30 13:47:55:059 | [BookPort] | INFO  | com.zaxxer.hikari.HikariDataSource | HikariPool-2 - Shutdown completed.
2026-05-30 13:47:55:159 | [BookPort] | INFO  | com.example.BookPort.BookPortApplication | Starting BookPortApplication using Java 21.0.8 with PID 7732 (D:\Project\BookPort\bin\main started by lenovo in D:\Project\BookPort)
2026-05-30 13:47:55:161 | [BookPort] | INFO  | com.example.BookPort.BookPortApplication | No active profile set, falling back to 1 default profile: "default"
2026-05-30 13:47:55:354 | [BookPort] | INFO  | org.springframework.data.repository.config.RepositoryConfigurationDelegate | Bootstrapping Spring Data JPA repositories in DEFAULT mode.
2026-05-30 13:47:55:369 | [BookPort] | INFO  | org.springframework.data.repository.config.RepositoryConfigurationDelegate | Finished Spring Data repository scanning in 13 ms. Found 1 JPA repository interface.
2026-05-30 13:47:55:474 | [BookPort] | INFO  | org.springframework.boot.tomcat.TomcatWebServer | Tomcat initialized with port 8081 (http)
2026-05-30 13:47:55:475 | [BookPort] | INFO  | org.apache.coyote.http11.Http11NioProtocol | Initializing ProtocolHandler ["http-nio-8081"]
2026-05-30 13:47:55:476 | [BookPort] | INFO  | org.apache.catalina.core.StandardService | Starting service [Tomcat]
2026-05-30 13:47:55:477 | [BookPort] | INFO  | org.apache.catalina.core.StandardEngine | Starting Servlet engine: [Apache Tomcat/11.0.21]
2026-05-30 13:47:55:506 | [BookPort] | INFO  | org.springframework.boot.web.context.servlet.WebApplicationContextInitializer | Root WebApplicationContext: initialization completed in 340 ms
2026-05-30 13:47:55:543 | [BookPort] | INFO  | org.hibernate.orm.jpa | HHH008540: Processing PersistenceUnitInfo [name: default]
2026-05-30 13:47:55:569 | [BookPort] | INFO  | org.springframework.orm.jpa.persistenceunit.SpringPersistenceUnitInfo | No LoadTimeWeaver setup: ignoring JPA class transformer
2026-05-30 13:47:55:570 | [BookPort] | INFO  | com.zaxxer.hikari.HikariDataSource | HikariPool-3 - Starting...
2026-05-30 13:47:55:587 | [BookPort] | INFO  | com.zaxxer.hikari.pool.HikariPool | HikariPool-3 - Added connection com.mysql.cj.jdbc.ConnectionImpl@153e1a09
2026-05-30 13:47:55:587 | [BookPort] | INFO  | com.zaxxer.hikari.HikariDataSource | HikariPool-3 - Start completed.
2026-05-30 13:47:55:590 | [BookPort] | INFO  | org.hibernate.orm.connections.pooling | HHH10001005: Database info:
	Database JDBC URL [jdbc:mysql://localhost:3306/library_management]
	Database driver: MySQL Connector/J
	Database dialect: MySQLDialect
	Database version: 8.0.39
	Default catalog/schema: library_management/undefined
	Autocommit mode: undefined/unknown
	Isolation level: REPEATABLE_READ [default REPEATABLE_READ]
	JDBC fetch size: none
	Pool: DataSourceConnectionProvider
	Minimum pool size: undefined/unknown
	Maximum pool size: undefined/unknown
2026-05-30 13:47:55:644 | [BookPort] | INFO  | org.hibernate.orm.core | HHH000489: No JTA platform available (set 'hibernate.transaction.jta.platform' to enable JTA platform integration)
2026-05-30 13:47:55:645 | [BookPort] | INFO  | org.springframework.orm.jpa.LocalContainerEntityManagerFactoryBean | Initialized JPA EntityManagerFactory for persistence unit 'default'
2026-05-30 13:47:55:721 | [BookPort] | WARN  | org.springframework.boot.jpa.autoconfigure.JpaBaseConfiguration$JpaWebConfiguration | spring.jpa.open-in-view is enabled by default. Therefore, database queries may be performed during view rendering. Explicitly configure spring.jpa.open-in-view to disable this warning
2026-05-30 13:47:55:805 | [BookPort] | INFO  | org.apache.coyote.http11.Http11NioProtocol | Starting ProtocolHandler ["http-nio-8081"]
2026-05-30 13:47:55:809 | [BookPort] | INFO  | org.springframework.boot.tomcat.TomcatWebServer | Tomcat started on port 8081 (http) with context path '/'
2026-05-30 13:47:55:812 | [BookPort] | INFO  | com.example.BookPort.BookPortApplication | Started BookPortApplication in 0.705 seconds (process running for 241.869)
2026-05-30 13:47:55:814 | [BookPort] | INFO  | org.springframework.boot.devtools.autoconfigure.ConditionEvaluationDeltaLoggingListener | Condition evaluation unchanged
2026-05-30 13:48:03:293 | [BookPort] | INFO  | com.example.BookPort.BookPortApplication | Starting BookPortApplication using Java 21.0.8 with PID 25476 (D:\Project\BookPort\bin\main started by lenovo in D:\Project\BookPort)
2026-05-30 13:48:03:303 | [BookPort] | INFO  | com.example.BookPort.BookPortApplication | No active profile set, falling back to 1 default profile: "default"
2026-05-30 13:48:03:361 | [BookPort] | INFO  | org.springframework.boot.devtools.env.DevToolsPropertyDefaultsPostProcessor | Devtools property defaults active! Set 'spring.devtools.add-properties' to 'false' to disable
2026-05-30 13:48:03:361 | [BookPort] | INFO  | org.springframework.boot.devtools.env.DevToolsPropertyDefaultsPostProcessor | For additional web related logging consider setting the 'logging.level.web' property to 'DEBUG'
2026-05-30 13:48:03:485 | [BookPort] | INFO  | org.hibernate.validator.internal.util.Version | HV000001: Hibernate Validator 9.0.1.Final
2026-05-30 13:48:04:226 | [BookPort] | INFO  | org.springframework.data.repository.config.RepositoryConfigurationDelegate | Bootstrapping Spring Data JPA repositories in DEFAULT mode.
2026-05-30 13:48:04:300 | [BookPort] | INFO  | org.springframework.data.repository.config.RepositoryConfigurationDelegate | Finished Spring Data repository scanning in 57 ms. Found 1 JPA repository interface.
2026-05-30 13:48:04:988 | [BookPort] | INFO  | org.springframework.boot.tomcat.TomcatWebServer | Tomcat initialized with port 8081 (http)
2026-05-30 13:48:05:005 | [BookPort] | INFO  | org.apache.coyote.http11.Http11NioProtocol | Initializing ProtocolHandler ["http-nio-8081"]
2026-05-30 13:48:05:009 | [BookPort] | INFO  | org.apache.catalina.core.StandardService | Starting service [Tomcat]
2026-05-30 13:48:05:010 | [BookPort] | INFO  | org.apache.catalina.core.StandardEngine | Starting Servlet engine: [Apache Tomcat/11.0.21]
2026-05-30 13:48:05:076 | [BookPort] | INFO  | org.springframework.boot.web.context.servlet.WebApplicationContextInitializer | Root WebApplicationContext: initialization completed in 1712 ms
2026-05-30 13:48:05:317 | [BookPort] | INFO  | org.hibernate.orm.jpa | HHH008540: Processing PersistenceUnitInfo [name: default]
2026-05-30 13:48:05:394 | [BookPort] | INFO  | org.hibernate.orm.core | HHH000001: Hibernate ORM core version 7.2.12.Final
2026-05-30 13:48:06:017 | [BookPort] | INFO  | org.springframework.orm.jpa.persistenceunit.SpringPersistenceUnitInfo | No LoadTimeWeaver setup: ignoring JPA class transformer
2026-05-30 13:48:06:063 | [BookPort] | INFO  | com.zaxxer.hikari.HikariDataSource | HikariPool-1 - Starting...
2026-05-30 13:48:06:482 | [BookPort] | INFO  | com.zaxxer.hikari.pool.HikariPool | HikariPool-1 - Added connection com.mysql.cj.jdbc.ConnectionImpl@55571e76
2026-05-30 13:48:06:484 | [BookPort] | INFO  | com.zaxxer.hikari.HikariDataSource | HikariPool-1 - Start completed.
2026-05-30 13:48:06:595 | [BookPort] | INFO  | org.hibernate.orm.connections.pooling | HHH10001005: Database info:
	Database JDBC URL [jdbc:mysql://localhost:3306/library_management]
	Database driver: MySQL Connector/J
	Database dialect: MySQLDialect
	Database version: 8.0.39
	Default catalog/schema: library_management/undefined
	Autocommit mode: undefined/unknown
	Isolation level: REPEATABLE_READ [default REPEATABLE_READ]
	JDBC fetch size: none
	Pool: DataSourceConnectionProvider
	Minimum pool size: undefined/unknown
	Maximum pool size: undefined/unknown
2026-05-30 13:48:07:521 | [BookPort] | INFO  | org.hibernate.orm.core | HHH000489: No JTA platform available (set 'hibernate.transaction.jta.platform' to enable JTA platform integration)
2026-05-30 13:48:07:531 | [BookPort] | INFO  | org.springframework.orm.jpa.LocalContainerEntityManagerFactoryBean | Initialized JPA EntityManagerFactory for persistence unit 'default'
2026-05-30 13:48:07:641 | [BookPort] | INFO  | org.springframework.data.jpa.repository.query.QueryEnhancerFactories | Hibernate is in classpath; If applicable, HQL parser will be used.
2026-05-30 13:48:07:995 | [BookPort] | WARN  | org.springframework.boot.jpa.autoconfigure.JpaBaseConfiguration$JpaWebConfiguration | spring.jpa.open-in-view is enabled by default. Therefore, database queries may be performed during view rendering. Explicitly configure spring.jpa.open-in-view to disable this warning
2026-05-30 13:48:08:508 | [BookPort] | INFO  | org.apache.coyote.http11.Http11NioProtocol | Starting ProtocolHandler ["http-nio-8081"]
2026-05-30 13:48:08:520 | [BookPort] | WARN  | org.springframework.boot.web.server.servlet.context.AnnotationConfigServletWebServerApplicationContext | Exception encountered during context initialization - cancelling refresh attempt: org.springframework.context.ApplicationContextException: Failed to start bean 'webServerStartStop'
2026-05-30 13:48:08:523 | [BookPort] | INFO  | org.springframework.orm.jpa.LocalContainerEntityManagerFactoryBean | Closing JPA EntityManagerFactory for persistence unit 'default'
2026-05-30 13:48:08:528 | [BookPort] | INFO  | com.zaxxer.hikari.HikariDataSource | HikariPool-1 - Shutdown initiated...
2026-05-30 13:48:08:542 | [BookPort] | INFO  | com.zaxxer.hikari.HikariDataSource | HikariPool-1 - Shutdown completed.
2026-05-30 13:48:08:559 | [BookPort] | INFO  | org.springframework.boot.autoconfigure.logging.ConditionEvaluationReportLogger | 

Error starting ApplicationContext. To display the condition evaluation report re-run your application with 'debug' enabled.
2026-05-30 13:48:08:576 | [BookPort] | ERROR | org.springframework.boot.diagnostics.LoggingFailureAnalysisReporter | 

***************************
APPLICATION FAILED TO START
***************************

Description:

Web server failed to start. Port 8081 was already in use.

Action:

Identify and stop the process that's listening on port 8081 or configure this application to listen on another port.

2026-05-30 13:48:31:951 | [BookPort] | INFO  | com.example.BookPort.BookPortApplication | Starting BookPortApplication using Java 21.0.8 with PID 12744 (D:\Project\BookPort\bin\main started by lenovo in D:\Project\BookPort)
2026-05-30 13:48:31:959 | [BookPort] | INFO  | com.example.BookPort.BookPortApplication | No active profile set, falling back to 1 default profile: "default"
2026-05-30 13:48:32:011 | [BookPort] | INFO  | org.springframework.boot.devtools.env.DevToolsPropertyDefaultsPostProcessor | Devtools property defaults active! Set 'spring.devtools.add-properties' to 'false' to disable
2026-05-30 13:48:32:011 | [BookPort] | INFO  | org.springframework.boot.devtools.env.DevToolsPropertyDefaultsPostProcessor | For additional web related logging consider setting the 'logging.level.web' property to 'DEBUG'
2026-05-30 13:48:32:101 | [BookPort] | INFO  | org.hibernate.validator.internal.util.Version | HV000001: Hibernate Validator 9.0.1.Final
2026-05-30 13:48:32:820 | [BookPort] | INFO  | org.springframework.data.repository.config.RepositoryConfigurationDelegate | Bootstrapping Spring Data JPA repositories in DEFAULT mode.
2026-05-30 13:48:32:904 | [BookPort] | INFO  | org.springframework.data.repository.config.RepositoryConfigurationDelegate | Finished Spring Data repository scanning in 67 ms. Found 1 JPA repository interface.
2026-05-30 13:48:33:482 | [BookPort] | INFO  | org.springframework.boot.tomcat.TomcatWebServer | Tomcat initialized with port 8081 (http)
2026-05-30 13:48:33:500 | [BookPort] | INFO  | org.apache.coyote.http11.Http11NioProtocol | Initializing ProtocolHandler ["http-nio-8081"]
2026-05-30 13:48:33:504 | [BookPort] | INFO  | org.apache.catalina.core.StandardService | Starting service [Tomcat]
2026-05-30 13:48:33:504 | [BookPort] | INFO  | org.apache.catalina.core.StandardEngine | Starting Servlet engine: [Apache Tomcat/11.0.21]
2026-05-30 13:48:33:558 | [BookPort] | INFO  | org.springframework.boot.web.context.servlet.WebApplicationContextInitializer | Root WebApplicationContext: initialization completed in 1544 ms
2026-05-30 13:48:33:790 | [BookPort] | INFO  | org.hibernate.orm.jpa | HHH008540: Processing PersistenceUnitInfo [name: default]
2026-05-30 13:48:33:847 | [BookPort] | INFO  | org.hibernate.orm.core | HHH000001: Hibernate ORM core version 7.2.12.Final
2026-05-30 13:48:34:328 | [BookPort] | INFO  | org.springframework.orm.jpa.persistenceunit.SpringPersistenceUnitInfo | No LoadTimeWeaver setup: ignoring JPA class transformer
2026-05-30 13:48:34:374 | [BookPort] | INFO  | com.zaxxer.hikari.HikariDataSource | HikariPool-1 - Starting...
2026-05-30 13:48:34:745 | [BookPort] | INFO  | com.zaxxer.hikari.pool.HikariPool | HikariPool-1 - Added connection com.mysql.cj.jdbc.ConnectionImpl@55571e76
2026-05-30 13:48:34:747 | [BookPort] | INFO  | com.zaxxer.hikari.HikariDataSource | HikariPool-1 - Start completed.
2026-05-30 13:48:34:855 | [BookPort] | INFO  | org.hibernate.orm.connections.pooling | HHH10001005: Database info:
	Database JDBC URL [jdbc:mysql://localhost:3306/library_management]
	Database driver: MySQL Connector/J
	Database dialect: MySQLDialect
	Database version: 8.0.39
	Default catalog/schema: library_management/undefined
	Autocommit mode: undefined/unknown
	Isolation level: REPEATABLE_READ [default REPEATABLE_READ]
	JDBC fetch size: none
	Pool: DataSourceConnectionProvider
	Minimum pool size: undefined/unknown
	Maximum pool size: undefined/unknown
2026-05-30 13:48:35:664 | [BookPort] | INFO  | org.hibernate.orm.core | HHH000489: No JTA platform available (set 'hibernate.transaction.jta.platform' to enable JTA platform integration)
2026-05-30 13:48:35:671 | [BookPort] | INFO  | org.springframework.orm.jpa.LocalContainerEntityManagerFactoryBean | Initialized JPA EntityManagerFactory for persistence unit 'default'
2026-05-30 13:48:35:797 | [BookPort] | INFO  | org.springframework.data.jpa.repository.query.QueryEnhancerFactories | Hibernate is in classpath; If applicable, HQL parser will be used.
2026-05-30 13:48:36:164 | [BookPort] | WARN  | org.springframework.boot.jpa.autoconfigure.JpaBaseConfiguration$JpaWebConfiguration | spring.jpa.open-in-view is enabled by default. Therefore, database queries may be performed during view rendering. Explicitly configure spring.jpa.open-in-view to disable this warning
2026-05-30 13:48:36:544 | [BookPort] | INFO  | org.apache.coyote.http11.Http11NioProtocol | Starting ProtocolHandler ["http-nio-8081"]
2026-05-30 13:48:36:566 | [BookPort] | INFO  | org.springframework.boot.tomcat.TomcatWebServer | Tomcat started on port 8081 (http) with context path '/'
2026-05-30 13:48:36:574 | [BookPort] | INFO  | com.example.BookPort.BookPortApplication | Started BookPortApplication in 5.175 seconds (process running for 5.804)
2026-05-30 13:48:41:011 | [BookPort] | INFO  | org.apache.catalina.core.ContainerBase.[Tomcat].[localhost].[/] | Initializing Spring DispatcherServlet 'dispatcherServlet'
2026-05-30 13:48:41:017 | [BookPort] | INFO  | org.springframework.web.servlet.DispatcherServlet | Initializing Servlet 'dispatcherServlet'
2026-05-30 13:48:41:021 | [BookPort] | INFO  | org.springframework.web.servlet.DispatcherServlet | Completed initialization in 2 ms
2026-05-30 13:48:41:142 | [BookPort] | INFO  | com.example.BookPort.auth.controller.v1.RegistrController | RegistrController--> Inside register controller.
2026-05-30 13:48:41:170 | [BookPort] | INFO  | com.example.BookPort.auth.controller.v1.RegistrController | RegistrController--> Incoming request: AuthRegisterRequestDto [username=abhogal, name=Aman Singh Bhogal, email=aman@example.com, mobNumber=9427461183, gender=null, dob=Sun Sep 22 00:00:00 IST 2002, status=PENDING, createdAt=null, updatedAt=null, password=Password@123, govIdFront=[B@295ddaaa, govIdBack=[B@14c17e2d]
2026-05-30 13:48:41:170 | [BookPort] | INFO  | com.example.BookPort.auth.controller.v1.RegistrController | RegistrController--> Sending call to AuthRegisterService.
2026-05-30 13:49:58:591 | [BookPort] | INFO  | com.example.BookPort.BookPortApplication | Starting BookPortApplication using Java 21.0.8 with PID 24216 (D:\Project\BookPort\bin\main started by lenovo in D:\Project\BookPort)
2026-05-30 13:49:58:602 | [BookPort] | INFO  | com.example.BookPort.BookPortApplication | No active profile set, falling back to 1 default profile: "default"
2026-05-30 13:49:58:664 | [BookPort] | INFO  | org.springframework.boot.devtools.env.DevToolsPropertyDefaultsPostProcessor | Devtools property defaults active! Set 'spring.devtools.add-properties' to 'false' to disable
2026-05-30 13:49:58:665 | [BookPort] | INFO  | org.springframework.boot.devtools.env.DevToolsPropertyDefaultsPostProcessor | For additional web related logging consider setting the 'logging.level.web' property to 'DEBUG'
2026-05-30 13:49:58:841 | [BookPort] | INFO  | org.hibernate.validator.internal.util.Version | HV000001: Hibernate Validator 9.0.1.Final
2026-05-30 13:49:59:750 | [BookPort] | INFO  | org.springframework.data.repository.config.RepositoryConfigurationDelegate | Bootstrapping Spring Data JPA repositories in DEFAULT mode.
2026-05-30 13:49:59:838 | [BookPort] | INFO  | org.springframework.data.repository.config.RepositoryConfigurationDelegate | Finished Spring Data repository scanning in 74 ms. Found 1 JPA repository interface.
2026-05-30 13:50:00:498 | [BookPort] | INFO  | org.springframework.boot.tomcat.TomcatWebServer | Tomcat initialized with port 8081 (http)
2026-05-30 13:50:00:521 | [BookPort] | INFO  | org.apache.coyote.http11.Http11NioProtocol | Initializing ProtocolHandler ["http-nio-8081"]
2026-05-30 13:50:00:526 | [BookPort] | INFO  | org.apache.catalina.core.StandardService | Starting service [Tomcat]
2026-05-30 13:50:00:526 | [BookPort] | INFO  | org.apache.catalina.core.StandardEngine | Starting Servlet engine: [Apache Tomcat/11.0.21]
2026-05-30 13:50:00:600 | [BookPort] | INFO  | org.springframework.boot.web.context.servlet.WebApplicationContextInitializer | Root WebApplicationContext: initialization completed in 1931 ms
2026-05-30 13:50:00:884 | [BookPort] | INFO  | org.hibernate.orm.jpa | HHH008540: Processing PersistenceUnitInfo [name: default]
2026-05-30 13:50:00:952 | [BookPort] | INFO  | org.hibernate.orm.core | HHH000001: Hibernate ORM core version 7.2.12.Final
2026-05-30 13:50:01:538 | [BookPort] | INFO  | org.springframework.orm.jpa.persistenceunit.SpringPersistenceUnitInfo | No LoadTimeWeaver setup: ignoring JPA class transformer
2026-05-30 13:50:01:579 | [BookPort] | INFO  | com.zaxxer.hikari.HikariDataSource | HikariPool-1 - Starting...
2026-05-30 13:50:01:971 | [BookPort] | INFO  | com.zaxxer.hikari.pool.HikariPool | HikariPool-1 - Added connection com.mysql.cj.jdbc.ConnectionImpl@6212ff26
2026-05-30 13:50:01:973 | [BookPort] | INFO  | com.zaxxer.hikari.HikariDataSource | HikariPool-1 - Start completed.
2026-05-30 13:50:02:072 | [BookPort] | INFO  | org.hibernate.orm.connections.pooling | HHH10001005: Database info:
	Database JDBC URL [jdbc:mysql://localhost:3306/library_management]
	Database driver: MySQL Connector/J
	Database dialect: MySQLDialect
	Database version: 8.0.39
	Default catalog/schema: library_management/undefined
	Autocommit mode: undefined/unknown
	Isolation level: REPEATABLE_READ [default REPEATABLE_READ]
	JDBC fetch size: none
	Pool: DataSourceConnectionProvider
	Minimum pool size: undefined/unknown
	Maximum pool size: undefined/unknown
2026-05-30 13:50:02:962 | [BookPort] | INFO  | org.hibernate.orm.core | HHH000489: No JTA platform available (set 'hibernate.transaction.jta.platform' to enable JTA platform integration)
2026-05-30 13:50:02:971 | [BookPort] | INFO  | org.springframework.orm.jpa.LocalContainerEntityManagerFactoryBean | Initialized JPA EntityManagerFactory for persistence unit 'default'
2026-05-30 13:50:03:081 | [BookPort] | INFO  | org.springframework.data.jpa.repository.query.QueryEnhancerFactories | Hibernate is in classpath; If applicable, HQL parser will be used.
2026-05-30 13:50:03:495 | [BookPort] | WARN  | org.springframework.boot.jpa.autoconfigure.JpaBaseConfiguration$JpaWebConfiguration | spring.jpa.open-in-view is enabled by default. Therefore, database queries may be performed during view rendering. Explicitly configure spring.jpa.open-in-view to disable this warning
2026-05-30 13:50:03:928 | [BookPort] | INFO  | org.apache.coyote.http11.Http11NioProtocol | Starting ProtocolHandler ["http-nio-8081"]
2026-05-30 13:50:03:951 | [BookPort] | INFO  | org.springframework.boot.tomcat.TomcatWebServer | Tomcat started on port 8081 (http) with context path '/'
2026-05-30 13:50:03:960 | [BookPort] | INFO  | com.example.BookPort.BookPortApplication | Started BookPortApplication in 5.912 seconds (process running for 6.538)
2026-05-30 13:50:18:808 | [BookPort] | INFO  | org.apache.catalina.core.ContainerBase.[Tomcat].[localhost].[/] | Initializing Spring DispatcherServlet 'dispatcherServlet'
2026-05-30 13:50:18:808 | [BookPort] | INFO  | org.springframework.web.servlet.DispatcherServlet | Initializing Servlet 'dispatcherServlet'
2026-05-30 13:50:18:808 | [BookPort] | INFO  | org.springframework.web.servlet.DispatcherServlet | Completed initialization in 0 ms
2026-05-30 13:50:18:957 | [BookPort] | INFO  | com.example.BookPort.auth.controller.v1.RegistrController | RegistrController--> Inside register controller.
2026-05-30 13:50:18:973 | [BookPort] | INFO  | com.example.BookPort.auth.controller.v1.RegistrController | RegistrController--> Incoming request: AuthRegisterRequestDto [username=abhogal6, name=Aman Singh Bhogal, email=aman5@example.com, mobNumber=9427461183, gender=null, dob=Sun Sep 22 00:00:00 IST 2002, status=PENDING, createdAt=null, updatedAt=null, password=Password@123, govIdFront=[B@3777056a, govIdBack=[B@6ca28f83]
2026-05-30 13:50:18:973 | [BookPort] | INFO  | com.example.BookPort.auth.controller.v1.RegistrController | RegistrController--> Sending call to AuthRegisterService.
2026-05-30 13:50:18:987 | [BookPort] | INFO  | com.example.BookPort.auth.service.AuthRegisterService | AuthRegisterService--> Inside register service.
2026-05-30 13:50:20:065 | [BookPort] | INFO  | com.example.BookPort.auth.service.AuthRegisterService | AuthRegisterService--> No existing user with username abhogal6. Going to create record in Staging table.
2026-05-30 13:50:20:143 | [BookPort] | INFO  | com.example.BookPort.auth.service.AuthRegisterService | AuthRegisterService--> abhogal6 created.
2026-05-30 14:03:28:879 | [BookPort] | INFO  | com.example.BookPort.BookPortApplication | Starting BookPortApplication using Java 21.0.8 with PID 23104 (D:\Project\BookPort\bin\main started by lenovo in D:\Project\BookPort)
2026-05-30 14:03:28:890 | [BookPort] | INFO  | com.example.BookPort.BookPortApplication | No active profile set, falling back to 1 default profile: "default"
2026-05-30 14:03:28:945 | [BookPort] | INFO  | org.springframework.boot.devtools.env.DevToolsPropertyDefaultsPostProcessor | Devtools property defaults active! Set 'spring.devtools.add-properties' to 'false' to disable
2026-05-30 14:03:28:945 | [BookPort] | INFO  | org.springframework.boot.devtools.env.DevToolsPropertyDefaultsPostProcessor | For additional web related logging consider setting the 'logging.level.web' property to 'DEBUG'
2026-05-30 14:03:29:037 | [BookPort] | INFO  | org.hibernate.validator.internal.util.Version | HV000001: Hibernate Validator 9.0.1.Final
2026-05-30 14:03:29:836 | [BookPort] | INFO  | org.springframework.data.repository.config.RepositoryConfigurationDelegate | Bootstrapping Spring Data JPA repositories in DEFAULT mode.
2026-05-30 14:03:29:919 | [BookPort] | INFO  | org.springframework.data.repository.config.RepositoryConfigurationDelegate | Finished Spring Data repository scanning in 70 ms. Found 1 JPA repository interface.
2026-05-30 14:03:30:463 | [BookPort] | INFO  | org.springframework.boot.tomcat.TomcatWebServer | Tomcat initialized with port 8081 (http)
2026-05-30 14:03:30:480 | [BookPort] | INFO  | org.apache.coyote.http11.Http11NioProtocol | Initializing ProtocolHandler ["http-nio-8081"]
2026-05-30 14:03:30:483 | [BookPort] | INFO  | org.apache.catalina.core.StandardService | Starting service [Tomcat]
2026-05-30 14:03:30:483 | [BookPort] | INFO  | org.apache.catalina.core.StandardEngine | Starting Servlet engine: [Apache Tomcat/11.0.21]
2026-05-30 14:03:30:535 | [BookPort] | INFO  | org.springframework.boot.web.context.servlet.WebApplicationContextInitializer | Root WebApplicationContext: initialization completed in 1586 ms
2026-05-30 14:03:30:777 | [BookPort] | INFO  | org.hibernate.orm.jpa | HHH008540: Processing PersistenceUnitInfo [name: default]
2026-05-30 14:03:30:829 | [BookPort] | INFO  | org.hibernate.orm.core | HHH000001: Hibernate ORM core version 7.2.12.Final
2026-05-30 14:03:31:496 | [BookPort] | INFO  | org.springframework.orm.jpa.persistenceunit.SpringPersistenceUnitInfo | No LoadTimeWeaver setup: ignoring JPA class transformer
2026-05-30 14:03:31:537 | [BookPort] | INFO  | com.zaxxer.hikari.HikariDataSource | HikariPool-1 - Starting...
2026-05-30 14:03:31:915 | [BookPort] | INFO  | com.zaxxer.hikari.pool.HikariPool | HikariPool-1 - Added connection com.mysql.cj.jdbc.ConnectionImpl@4c675909
2026-05-30 14:03:31:916 | [BookPort] | INFO  | com.zaxxer.hikari.HikariDataSource | HikariPool-1 - Start completed.
2026-05-30 14:03:32:036 | [BookPort] | INFO  | org.hibernate.orm.connections.pooling | HHH10001005: Database info:
	Database JDBC URL [jdbc:mysql://localhost:3306/library_management]
	Database driver: MySQL Connector/J
	Database dialect: MySQLDialect
	Database version: 8.0.39
	Default catalog/schema: library_management/undefined
	Autocommit mode: undefined/unknown
	Isolation level: REPEATABLE_READ [default REPEATABLE_READ]
	JDBC fetch size: none
	Pool: DataSourceConnectionProvider
	Minimum pool size: undefined/unknown
	Maximum pool size: undefined/unknown
2026-05-30 14:03:32:158 | [BookPort] | ERROR | org.springframework.orm.jpa.LocalContainerEntityManagerFactoryBean | Failed to initialize JPA EntityManagerFactory: Entity 'com.example.BookPort.auth.entity.AuthUserDetails' has no identifier (every '@Entity' class must declare or inherit at least one '@Id' or '@EmbeddedId' property)
2026-05-30 14:03:32:158 | [BookPort] | WARN  | org.springframework.boot.web.server.servlet.context.AnnotationConfigServletWebServerApplicationContext | Exception encountered during context initialization - cancelling refresh attempt: org.springframework.beans.factory.BeanCreationException: Error creating bean with name 'entityManagerFactory' defined in class path resource [org/springframework/boot/hibernate/autoconfigure/HibernateJpaConfiguration.class]: Entity 'com.example.BookPort.auth.entity.AuthUserDetails' has no identifier (every '@Entity' class must declare or inherit at least one '@Id' or '@EmbeddedId' property)
2026-05-30 14:03:32:160 | [BookPort] | INFO  | com.zaxxer.hikari.HikariDataSource | HikariPool-1 - Shutdown initiated...
2026-05-30 14:03:32:173 | [BookPort] | INFO  | com.zaxxer.hikari.HikariDataSource | HikariPool-1 - Shutdown completed.
2026-05-30 14:03:32:184 | [BookPort] | INFO  | org.apache.catalina.core.StandardService | Stopping service [Tomcat]
2026-05-30 14:03:32:206 | [BookPort] | INFO  | org.springframework.boot.autoconfigure.logging.ConditionEvaluationReportLogger | 

Error starting ApplicationContext. To display the condition evaluation report re-run your application with 'debug' enabled.
2026-05-30 14:03:32:239 | [BookPort] | ERROR | org.springframework.boot.SpringApplication | Application run failed
org.springframework.beans.factory.BeanCreationException: Error creating bean with name 'entityManagerFactory' defined in class path resource [org/springframework/boot/hibernate/autoconfigure/HibernateJpaConfiguration.class]: Entity 'com.example.BookPort.auth.entity.AuthUserDetails' has no identifier (every '@Entity' class must declare or inherit at least one '@Id' or '@EmbeddedId' property)
	at org.springframework.beans.factory.support.AbstractAutowireCapableBeanFactory.initializeBean(AbstractAutowireCapableBeanFactory.java:1817)
	at org.springframework.beans.factory.support.AbstractAutowireCapableBeanFactory.doCreateBean(AbstractAutowireCapableBeanFactory.java:603)
	at org.springframework.beans.factory.support.AbstractAutowireCapableBeanFactory.createBean(AbstractAutowireCapableBeanFactory.java:525)
	at org.springframework.beans.factory.support.AbstractBeanFactory.lambda$doGetBean$0(AbstractBeanFactory.java:333)
	at org.springframework.beans.factory.support.DefaultSingletonBeanRegistry.getSingleton(DefaultSingletonBeanRegistry.java:371)
	at org.springframework.beans.factory.support.AbstractBeanFactory.doGetBean(AbstractBeanFactory.java:331)
	at org.springframework.beans.factory.support.AbstractBeanFactory.getBean(AbstractBeanFactory.java:201)
	at org.springframework.context.support.AbstractApplicationContext.finishBeanFactoryInitialization(AbstractApplicationContext.java:977)
	at org.springframework.context.support.AbstractApplicationContext.refresh(AbstractApplicationContext.java:621)
	at org.springframework.boot.web.server.servlet.context.ServletWebServerApplicationContext.refresh(ServletWebServerApplicationContext.java:143)
	at org.springframework.boot.SpringApplication.refresh(SpringApplication.java:756)
	at org.springframework.boot.SpringApplication.refreshContext(SpringApplication.java:445)
	at org.springframework.boot.SpringApplication.run(SpringApplication.java:321)
	at org.springframework.boot.SpringApplication.run(SpringApplication.java:1365)
	at org.springframework.boot.SpringApplication.run(SpringApplication.java:1354)
	at com.example.BookPort.BookPortApplication.main(BookPortApplication.java:10)
	at java.base/jdk.internal.reflect.DirectMethodHandleAccessor.invoke(DirectMethodHandleAccessor.java:103)
	at java.base/java.lang.reflect.Method.invoke(Method.java:580)
	at org.springframework.boot.devtools.restart.RestartLauncher.run(RestartLauncher.java:52)
Caused by: org.hibernate.AnnotationException: Entity 'com.example.BookPort.auth.entity.AuthUserDetails' has no identifier (every '@Entity' class must declare or inherit at least one '@Id' or '@EmbeddedId' property)
	at org.hibernate.boot.model.internal.InheritanceState.determineDefaultAccessType(InheritanceState.java:282)
	at org.hibernate.boot.model.internal.InheritanceState.getElementsToProcess(InheritanceState.java:233)
	at org.hibernate.boot.model.internal.InheritanceState.postProcess(InheritanceState.java:166)
	at org.hibernate.boot.model.internal.EntityBinder.handleIdentifier(EntityBinder.java:371)
	at org.hibernate.boot.model.internal.EntityBinder.bindEntityClass(EntityBinder.java:217)
	at org.hibernate.boot.model.internal.AnnotationBinder.bindClass(AnnotationBinder.java:247)
	at org.hibernate.boot.model.source.internal.annotations.AnnotationMetadataSourceProcessorImpl.processEntityHierarchies(AnnotationMetadataSourceProcessorImpl.java:167)
	at org.hibernate.boot.model.process.spi.MetadataBuildingProcess$1.processEntityHierarchies(MetadataBuildingProcess.java:318)
	at org.hibernate.boot.model.process.spi.MetadataBuildingProcess.coordinateProcessors(MetadataBuildingProcess.java:352)
	at org.hibernate.boot.model.process.spi.MetadataBuildingProcess.complete(MetadataBuildingProcess.java:201)
	at org.hibernate.jpa.boot.internal.EntityManagerFactoryBuilderImpl.metadata(EntityManagerFactoryBuilderImpl.java:1392)
	at org.hibernate.jpa.boot.internal.EntityManagerFactoryBuilderImpl.populateSessionFactoryBuilder(EntityManagerFactoryBuilderImpl.java:1472)
	at org.hibernate.jpa.boot.internal.EntityManagerFactoryBuilderImpl.build(EntityManagerFactoryBuilderImpl.java:1454)
	at org.springframework.orm.jpa.vendor.SpringHibernateJpaPersistenceProvider.createContainerEntityManagerFactory(SpringHibernateJpaPersistenceProvider.java:93)
	at org.springframework.orm.jpa.LocalContainerEntityManagerFactoryBean.createNativeEntityManagerFactory(LocalContainerEntityManagerFactoryBean.java:443)
	at org.springframework.orm.jpa.AbstractEntityManagerFactoryBean.buildNativeEntityManagerFactory(AbstractEntityManagerFactoryBean.java:436)
	at org.springframework.orm.jpa.AbstractEntityManagerFactoryBean.afterPropertiesSet(AbstractEntityManagerFactoryBean.java:411)
	at org.springframework.orm.jpa.LocalContainerEntityManagerFactoryBean.afterPropertiesSet(LocalContainerEntityManagerFactoryBean.java:419)
	at org.springframework.beans.factory.support.AbstractAutowireCapableBeanFactory.invokeInitMethods(AbstractAutowireCapableBeanFactory.java:1864)
	at org.springframework.beans.factory.support.AbstractAutowireCapableBeanFactory.initializeBean(AbstractAutowireCapableBeanFactory.java:1813)
	... 18 more
2026-05-30 14:04:05:075 | [BookPort] | INFO  | com.example.BookPort.BookPortApplication | Starting BookPortApplication using Java 21.0.8 with PID 18244 (D:\Project\BookPort\bin\main started by lenovo in D:\Project\BookPort)
2026-05-30 14:04:05:084 | [BookPort] | INFO  | com.example.BookPort.BookPortApplication | No active profile set, falling back to 1 default profile: "default"
2026-05-30 14:04:05:133 | [BookPort] | INFO  | org.springframework.boot.devtools.env.DevToolsPropertyDefaultsPostProcessor | Devtools property defaults active! Set 'spring.devtools.add-properties' to 'false' to disable
2026-05-30 14:04:05:134 | [BookPort] | INFO  | org.springframework.boot.devtools.env.DevToolsPropertyDefaultsPostProcessor | For additional web related logging consider setting the 'logging.level.web' property to 'DEBUG'
2026-05-30 14:04:05:245 | [BookPort] | INFO  | org.hibernate.validator.internal.util.Version | HV000001: Hibernate Validator 9.0.1.Final
2026-05-30 14:04:05:932 | [BookPort] | INFO  | org.springframework.data.repository.config.RepositoryConfigurationDelegate | Bootstrapping Spring Data JPA repositories in DEFAULT mode.
2026-05-30 14:04:06:000 | [BookPort] | INFO  | org.springframework.data.repository.config.RepositoryConfigurationDelegate | Finished Spring Data repository scanning in 55 ms. Found 1 JPA repository interface.
2026-05-30 14:04:06:512 | [BookPort] | INFO  | org.springframework.boot.tomcat.TomcatWebServer | Tomcat initialized with port 8081 (http)
2026-05-30 14:04:06:531 | [BookPort] | INFO  | org.apache.coyote.http11.Http11NioProtocol | Initializing ProtocolHandler ["http-nio-8081"]
2026-05-30 14:04:06:534 | [BookPort] | INFO  | org.apache.catalina.core.StandardService | Starting service [Tomcat]
2026-05-30 14:04:06:534 | [BookPort] | INFO  | org.apache.catalina.core.StandardEngine | Starting Servlet engine: [Apache Tomcat/11.0.21]
2026-05-30 14:04:06:589 | [BookPort] | INFO  | org.springframework.boot.web.context.servlet.WebApplicationContextInitializer | Root WebApplicationContext: initialization completed in 1452 ms
2026-05-30 14:04:06:884 | [BookPort] | INFO  | org.hibernate.orm.jpa | HHH008540: Processing PersistenceUnitInfo [name: default]
2026-05-30 14:04:06:962 | [BookPort] | INFO  | org.hibernate.orm.core | HHH000001: Hibernate ORM core version 7.2.12.Final
2026-05-30 14:04:07:487 | [BookPort] | INFO  | org.springframework.orm.jpa.persistenceunit.SpringPersistenceUnitInfo | No LoadTimeWeaver setup: ignoring JPA class transformer
2026-05-30 14:04:07:533 | [BookPort] | INFO  | com.zaxxer.hikari.HikariDataSource | HikariPool-1 - Starting...
2026-05-30 14:04:07:963 | [BookPort] | INFO  | com.zaxxer.hikari.pool.HikariPool | HikariPool-1 - Added connection com.mysql.cj.jdbc.ConnectionImpl@1fac25d2
2026-05-30 14:04:07:966 | [BookPort] | INFO  | com.zaxxer.hikari.HikariDataSource | HikariPool-1 - Start completed.
2026-05-30 14:04:08:079 | [BookPort] | INFO  | org.hibernate.orm.connections.pooling | HHH10001005: Database info:
	Database JDBC URL [jdbc:mysql://localhost:3306/library_management]
	Database driver: MySQL Connector/J
	Database dialect: MySQLDialect
	Database version: 8.0.39
	Default catalog/schema: library_management/undefined
	Autocommit mode: undefined/unknown
	Isolation level: REPEATABLE_READ [default REPEATABLE_READ]
	JDBC fetch size: none
	Pool: DataSourceConnectionProvider
	Minimum pool size: undefined/unknown
	Maximum pool size: undefined/unknown
2026-05-30 14:04:08:970 | [BookPort] | INFO  | org.hibernate.orm.core | HHH000489: No JTA platform available (set 'hibernate.transaction.jta.platform' to enable JTA platform integration)
2026-05-30 14:04:08:979 | [BookPort] | INFO  | org.springframework.orm.jpa.LocalContainerEntityManagerFactoryBean | Initialized JPA EntityManagerFactory for persistence unit 'default'
2026-05-30 14:04:09:089 | [BookPort] | INFO  | org.springframework.data.jpa.repository.query.QueryEnhancerFactories | Hibernate is in classpath; If applicable, HQL parser will be used.
2026-05-30 14:04:09:382 | [BookPort] | WARN  | org.springframework.boot.jpa.autoconfigure.JpaBaseConfiguration$JpaWebConfiguration | spring.jpa.open-in-view is enabled by default. Therefore, database queries may be performed during view rendering. Explicitly configure spring.jpa.open-in-view to disable this warning
2026-05-30 14:04:09:791 | [BookPort] | INFO  | org.apache.coyote.http11.Http11NioProtocol | Starting ProtocolHandler ["http-nio-8081"]
2026-05-30 14:04:09:812 | [BookPort] | INFO  | org.springframework.boot.tomcat.TomcatWebServer | Tomcat started on port 8081 (http) with context path '/'
2026-05-30 14:04:09:819 | [BookPort] | INFO  | com.example.BookPort.BookPortApplication | Started BookPortApplication in 5.283 seconds (process running for 5.943)
2026-05-30 14:04:19:124 | [BookPort] | INFO  | org.apache.catalina.core.ContainerBase.[Tomcat].[localhost].[/] | Initializing Spring DispatcherServlet 'dispatcherServlet'
2026-05-30 14:04:19:124 | [BookPort] | INFO  | org.springframework.web.servlet.DispatcherServlet | Initializing Servlet 'dispatcherServlet'
2026-05-30 14:04:19:129 | [BookPort] | INFO  | org.springframework.web.servlet.DispatcherServlet | Completed initialization in 5 ms
2026-05-30 14:04:19:262 | [BookPort] | INFO  | com.example.BookPort.auth.controller.v1.RegistrController | RegistrController--> Inside register controller.
2026-05-30 14:04:19:262 | [BookPort] | INFO  | com.example.BookPort.common.util.IdGenerator | IdGenerator--> IdGenerator bean created for module 1
2026-05-30 14:04:19:262 | [BookPort] | INFO  | com.example.BookPort.common.util.IdGenerator | IdGenerator--> Inside generateId for module 1
2026-05-30 14:04:19:272 | [BookPort] | INFO  | com.example.BookPort.common.util.IdGenerator | IdGenerator--> current MilliSecond 1780130059272
2026-05-30 14:04:19:272 | [BookPort] | INFO  | com.example.BookPort.common.util.IdGenerator | IdGenerator--> lastTimestamp -1
2026-05-30 14:04:19:272 | [BookPort] | INFO  | com.example.BookPort.common.util.IdGenerator | IdGenerator--> counter: 0
2026-05-30 14:04:19:273 | [BookPort] | INFO  | com.example.BookPort.common.util.IdGenerator | IdGenerator--> counter post millisecond check: 0
2026-05-30 14:04:19:273 | [BookPort] | INFO  | com.example.BookPort.common.util.IdGenerator | IdGenerator--> RETURNING ID : 2615001050659272000
2026-05-30 14:04:19:275 | [BookPort] | INFO  | com.example.BookPort.auth.controller.v1.RegistrController | RegistrController--> Registration ID generated: 2615001050659272000
2026-05-30 14:04:19:275 | [BookPort] | INFO  | com.example.BookPort.common.util.IdGenerator | IdGenerator--> Inside generateId for module 1
2026-05-30 14:04:19:275 | [BookPort] | INFO  | com.example.BookPort.common.util.IdGenerator | IdGenerator--> current MilliSecond 1780130059275
2026-05-30 14:04:19:275 | [BookPort] | INFO  | com.example.BookPort.common.util.IdGenerator | IdGenerator--> lastTimestamp 1780130059272
2026-05-30 14:04:19:275 | [BookPort] | INFO  | com.example.BookPort.common.util.IdGenerator | IdGenerator--> counter: 0
2026-05-30 14:04:19:275 | [BookPort] | INFO  | com.example.BookPort.common.util.IdGenerator | IdGenerator--> counter post millisecond check: 0
2026-05-30 14:04:19:275 | [BookPort] | INFO  | com.example.BookPort.common.util.IdGenerator | IdGenerator--> RETURNING ID : 2615001050659275000
2026-05-30 14:04:19:292 | [BookPort] | INFO  | com.example.BookPort.auth.controller.v1.RegistrController | RegistrController--> Incoming request: AuthRegisterRequestDto [registrationId=2615001050659275000, username=abhogal7, name=Aman Singh Bhogal, email=aman5@example.com, mobNumber=9427461183, gender=null, dob=Sun Sep 22 00:00:00 IST 2002, status=PENDING, createdAt=null, updatedAt=null, password=Password@123, govIdFront=[-1, -40, -1, -32, 0, 16, 74, 70, 73, 70, 0, 1, 1, 0, 0, 1, 0, 1, 0, 0, -1, -37, 0, -124, 0, 9, 6, 7, 8, 7, 6, 9, 8, 7, 8, 10, 10, 9, 11, 13, 22, 15, 13, 12, 12, 13, 27, 20, 21, 16, 22, 32, 29, 34, 34, 32, 29, 31, 31, 36, 40, 52, 44, 36, 38, 49, 39, 31, 31, 45, 61, 45, 49, 53, 55, 58, 58, 58, 35, 43, 63, 68, 63, 56, 67, 52, 57, 58, 55, 1, 10, 10, 10, 13, 12, 13, 26, 15, 15, 26, 55, 37, 31, 37, 55, 55, 55, 55, 55, 55, 55, 55, 55, 55, 55, 55, 55, 55, 55, 55, 55, 55, 55, 55, 55, 55, 55, 55, 55, 55, 55, 55, 55, 55, 55, 55, 55, 55, 55, 55, 55, 55, 55, 55, 55, 55, 55, 55, 55, 55, 55, 55, 55, 55, -1, -64, 0, 17, 8, 0, -108, 1, 14, 3, 1, 34, 0, 2, 17, 1, 3, 17, 1, -1, -60, 0, 28, 0, 0, 2, 2, 3, 1, 1, 0, 0, 0, 0, 0, 0, 0, 0, 0, 0, 3, 5, 2, 4, 0, 1, 6, 7, 8, -1, -60, 0, 65, 16, 0, 2, 1, 3, 2, 3, 5, 5, 4, 8, 5, 3, 5, 0, 0, 0, 1, 2, 3, 0, 4, 17, 33, 49, 5, 18, 65, 6, 19, 81, 97, 113, 20, 34, 50, -127, -111, 66, -95, -63, -47, 7, 21, 35, 82, 98, 114, -126, -79, 51, 67, -110, -31, -16, 22, 83, -15, 52, 68, 115, -109, -94, -1, -60, 0, 26, 1, 0, 3, 1, 1, 1, 1, 0, 0, 0, 0, 0, 0, 0, 0, 0, 0, 0, 1, 2, 3, 4, 5, 6, -1, -60, 0, 40, 17, 0, 2, 2, 1, 3, 3, 3, 4, 3, 0, 0, 0, 0, 0, 0, 0, 0, 1, 2, 17, 3, 18, 33, 49, 4, 65, 81, 5, 19, 34, 20, 21, 50, 66, 97, -127, -95, -1, -38, 0, 12, 3, 1, 0, 2, 17, 3, 17, 0, 63, 0, -13, 108, 84, -46, 38, 109, -75, -84, 2, -92, -71, 31, 9, 34, -66, -124, -15, -84, -63, 25, 27, -125, 83, -18, -21, 57, -53, 111, 83, 86, 56, -42, -127, 89, 16, -75, 32, 42, 65, -65, -122, -120, 27, 77, -121, -46, -102, 17, -91, 20, 104, -50, 58, 100, 86, -108, -7, 15, -91, 16, 107, -48, 80, 38, 25, 38, 11, -94, -88, -59, 77, -97, -97, 29, 40, 10, 40, -118, 41, -47, 45, -122, 10, 60, 86, -120, -76, 53, 20, 100, 90, 100, -123, 78, 118, -9, 70, -85, -46, -116, -79, -107, -8, -76, -95, 38, 87, 111, -70, -118, -96, -17, -110, 73, -15, -96, 65, 20, 81, 80, 84, 16, 81, -44, 80, 34, 104, -75, 97, 5, 14, 49, 86, 80, 84, 48, 38, -126, -84, 34, -44, 17, 122, -43, -120, -93, 102, 56, 85, 36, -8, 1, 89, -71, 34, -46, 101, -2, 21, 99, -19, -20, -16, 38, 22, 64, 57, -107, -67, 43, -91, -32, 118, 83, 88, 67, 50, -80, -60, -124, -12, -37, -27, 72, 56, 36, -122, -34, -19, 93, 84, -77, 96, -116, 1, -83, 117, 54, -9, -20, -17, -56, -15, -108, 108, 103, 4, 98, -72, 122, -119, 74, -24, -17, -23, -29, 30, 123, -108, 56, -68, 45, 113, 18, -27, 71, 120, -97, 9, -95, -61, 24, -122, 62, -19, 23, 3, -87, -3, -22, -67, 112, 121, -51, 7, -69, -14, -84, -93, 45, -88, -42, 81, -7, 106, 55, 29, 77, -100, -88, 10, -75, 16, -104, 27, 86, -71, 117, -92, -54, 15, 30, 15, -81, 90, -73, 24, -86, 74, 113, -118, -67, 110, -68, -29, 122, -50, 69, -60, 60, 122, 10, 42, -44, 85, 49, 82, -38, -77, 53, 52, 85, 114, 67, 96, -126, 122, -118, -33, 74, -39, -38, -94, 13, 0, 42, -67, -110, 83, 33, 71, -9, 84, 108, 60, 106, -83, 57, -71, -73, -114, -32, 2, 91, 12, 54, 34, -86, -120, 22, -33, 73, 19, -68, -50, -51, 90, -87, -86, 49, -108, 29, -97, 48, -14, -42, -15, 69, -27, -14, -84, -27, -14, -81, 112, -14, -20, 24, 90, -112, 21, 48, -75, 32, -96, 80, 34, 32, 81, 21, 107, 97, 104, -118, 40, 17, -118, 40, -118, 43, 21, 104, -86, -76, -60, 104, 10, 42, -83, 96, 90, 34, -83, 49, 27, 85, -93, 32, -88, -88, -94, -86, -48, 34, 74, 40, -56, -75, 5, 20, 116, 20, 18, 77, 22, -114, -119, 80, -116, 109, -91, 117, -10, 125, -101, -74, -70, -32, 113, -34, 91, -68, -83, 55, 46, -85, -47, -50, 118, -84, -78, -27, 88, -22, -53, -122, 55, 55, -15, 17, -16, -34, 27, 115, -60, 36, 41, 105, 17, -111, -108, 115, 31, 120, 12, 15, -99, 118, 92, 47, -77, 16, 90, 93, 36, -13, -49, -34, -29, 7, -69, 100, 26, 31, 58, -33, 10, -114, -42, 23, 105, -83, 99, 8, -52, -95, 78, -124, 109, -75, 93, 105, 88, -71, 53, -25, -26, -49, 57, 58, 92, 29, -8, -80, -62, 42, -33, 37, -104, -8, 55, 14, 25, 100, -76, -125, 87, 44, 73, 92, -111, -23, 87, 87, -70, 67, -92, 105, -112, 52, -64, -23, 75, -31, -99, -41, 99, -67, 100, -78, -76, 106, 92, 12, -80, -40, 87, 51, 77, -67, -39, -46, -100, 82, -39, 27, 19, 91, 69, 117, 35, -92, 28, -100, -5, -80, 24, -26, -96, -36, 93, -57, 113, 112, -116, -54, 65, -113, 60, -104, 29, 14, 55, -86, 50, -35, -103, 9, -25, 62, -15, -5, 62, 21, 4, -63, -15, -51, 90, -123, 25, 57, -115, 99, 2, 81, -111, -82, 40, -94, 61, 54, -96, -40, -57, -53, -93, 28, 18, 116, -51, 48, 72, -11, 21, 18, 116, -51, -94, -83, 21, -69, -83, 54, -95, -76, 120, -90, 13, -54, -93, -50, -76, 99, -120, -116, -79, -59, 78, -95, -23, 23, -123, 57, 26, 31, -91, 92, -73, 96, -121, 93, 42, 38, 95, -119, 84, 124, 63, 125, 12, 30, 125, 73, -94, -20, 18, -95, -110, -100, -118, -58, 56, -96, 70, -40, 81, 88, -20, 15, -115, 69, 23, 102, -35, -51, 68, 62, 40, 78, -58, -122, 88, -45, -95, 89, 111, -104, 81, 57, -44, -113, 120, 103, 21, 67, -100, -42, -60, -124, 81, 67, -77, -63, -41, -78, -100, 97, -83, 13, -46, -38, 115, 71, -116, -128, -83, -106, 35, -46, -88, -55, -62, 111, -29, -116, -56, -10, 83, 42, 40, -55, 102, 92, 1, 94, -73, -62, 120, -27, -107, -38, -14, 66, -31, 72, -45, -105, 108, -46, -66, -35, -53, 114, -4, 55, -71, -75, 28, -53, 33, -52, -124, 111, -118, -12, -29, -44, 77, -50, -102, 60, -41, -122, 58, 109, 51, -50, -72, 95, 12, 126, 33, 43, 34, -70, -58, 20, 106, -51, 86, 110, -72, 58, -37, 70, -54, -45, -85, -50, 14, -61, -62, -123, 11, 24, -78, 8, 57, -49, -114, 49, 86, -51, -52, 79, -126, -22, 73, 11, -128, -89, 99, 93, 50, -69, -40, -63, 85, 10, -28, -74, -110, 28, 119, -120, 84, 29, -119, 27, -42, -128, 25, -63, -34, -70, 20, -102, 62, 33, 8, -118, 126, 72, -93, 77, -78, 112, 69, 91, -31, -4, 11, -122, -36, 69, 38, 110, -3, -32, 14, 50, 113, 71, -71, 92, -117, 77, -16, 114, -22, -72, 25, 58, 81, 21, 115, -80, 63, 74, -23, 120, 21, -107, -110, 25, 94, 118, 66, -24, 112, 27, 124, -4, -85, -89, -105, -122, -16, -117, -69, 85, -73, 107, 120, -69, -48, -92, -85, 69, -128, 114, 125, 42, 101, -99, 39, -63, 81, -58, -38, -28, -13, 117, 95, 26, 42, -83, 49, -30, -36, 45, -84, 46, -28, -115, 68, -116, -120, 6, 93, -105, 26, -1, 0, -52, 85, 68, 94, -67, 43, 104, -55, 73, 90, 50, -110, 113, -39, -102, 85, -14, -93, 42, -47, 33, -127, -28, 96, -79, -93, 51, 19, -128, 20, 100, -102, -71, 63, 15, -71, -75, 115, 29, -51, -68, -79, 56, 25, 33, -41, 26, 81, -87, 45, -104, -110, 111, 116, 84, 85, -94, -94, -22, 41, -27, -113, 103, 37, -98, -38, 59, -121, -99, 17, 24, 100, -116, 106, -75, -87, 123, 63, 117, 28, -100, -79, 21, -112, 116, 35, 74, -113, 118, 23, 86, 63, 110, 85, 116, 84, -31, -10, -85, 60, -63, 93, -71, 80, 110, -34, 21, -24, 60, 22, 104, 34, -77, 17, 91, 114, -80, 93, 52, 53, -60, -89, 11, -65, -128, -107, -18, 28, -125, -15, 5, -89, 92, 39, -122, -15, 27, 107, -108, 43, 19, -92, 79, -71, 36, 87, 55, 80, -93, 37, -55, -45, -127, -72, 62, 14, -78, -39, 64, 113, -123, -50, 117, -55, 21, -69, -59, 73, 55, -9, 66, -11, -57, 90, -126, -5, 64, 88, -33, -105, 109, 49, -102, 52, -28, -53, 25, 82, 112, 119, 58, 87, -100, -7, 61, 5, -70, 23, -62, -20, -31, -121, 33, 1, 118, 39, -83, 17, -27, -18, -30, 119, -54, -110, -85, -79, 53, 97, -96, -26, -119, 79, 54, 0, -40, 120, -46, -114, 61, 8, 101, -17, 57, -80, -60, 0, 84, 85, -57, 118, 68, -66, 40, 92, -46, -76, -78, 23, 56, -44, -25, 74, -75, 110, -84, -20, 0, -86, 17, -18, 0, 26, 83, -98, 22, -63, 27, 44, -71, -83, -25, -78, 57, -15, -18, -58, -80, -122, 76, 22, 57, -94, 61, -55, 78, -103, -86, -73, 19, 16, -70, 109, 85, -60, -124, -99, 14, 107, -106, -84, -22, -70, 47, -5, 66, -79, -55, 6, -79, -7, -89, 66, 35, -40, 117, -51, 5, 1, -64, -56, -56, -85, 22, -84, -79, -125, -125, -116, -12, -95, -20, 82, -36, -81, 108, 102, 89, 88, -78, 28, -114, -92, 85, -120, -62, 62, 85, -68, 104, -83, 113, 24, 24, -48, -102, -87, 35, -14, 18, -54, -89, 94, -76, -71, 14, 11, -68, -70, 96, 26, -125, -87, 80, 58, -43, 104, -91, 36, -4, 85, 118, 50, 10, -21, -42, -109, -40, 107, 114, -77, 102, -74, 23, -101, 97, 69, -112, 5, -83, 25, 21, 62, 17, 64, -24, -120, -127, -79, -102, -113, 119, -115, -51, 16, 94, 70, -93, 86, -91, -9, 87, -103, 127, 116, -23, 70, -30, 109, 35, -52, -82, -82, 44, -117, -76, -112, 56, 89, 64, -9, 89, 70, 42, -117, 113, -69, -41, -124, -60, -20, -78, 47, -117, 111, 66, -18, 61, 107, 94, -49, -27, 94, -60, 99, 21, -55, -28, 60, -115, -117, -39, 11, 63, 55, 90, -48, -115, -87, -113, -77, -97, 10, -33, -77, -26, -76, -44, -120, -90, 80, -28, 39, 122, 34, 43, 3, -85, 17, 87, 61, -102, -119, 29, -93, -56, 112, -120, 88, -17, -96, -95, -76, 27, -127, -74, 10, -78, -122, 125, 71, 92, 83, 14, 29, 115, 29, -83, -46, -52, -124, -128, -89, 32, -99, 107, 35, -31, 55, -114, 50, -74, -14, 99, -7, 104, -16, 112, -103, -106, 104, -110, 104, -54, -93, 54, -67, 113, 81, 39, 23, -55, 113, -44, -72, 59, 11, 9, -31, -30, 48, -107, -103, 20, -13, 46, 10, -80, -50, -97, -107, 14, -17, -77, 28, 54, 75, 102, -114, 40, -42, 23, 119, 4, 58, -115, 71, -91, 57, -32, -10, 54, 118, -10, -54, -79, -59, -115, 48, 89, -66, 35, -13, -93, -67, -78, -13, 21, 26, -83, 121, -81, 43, -116, -66, 44, -12, 22, 52, -29, -14, 71, 57, -63, 120, 82, -16, -71, -104, 58, -58, -19, -51, -107, -108, 40, -55, 30, 21, -43, -107, 89, -19, 94, 57, -108, 72, -82, 10, -80, -15, 6, -86, 61, -86, -17, -51, -125, 67, -122, -36, 6, -28, 73, -101, 93, -13, 74, 114, -42, -19, -79, -62, 26, 21, 80, -65, -116, 114, 90, -73, 50, 42, 8, -16, 2, -86, -29, 24, -91, 23, 28, 66, -22, 120, -64, -116, 48, 7, 113, -115, -87, -19, -9, 14, 120, -26, 105, 21, -124, -118, -33, 101, -86, -76, 62, -47, 17, -18, -47, 35, 40, 79, -68, -104, -83, 97, 40, -41, -109, 25, -58, 87, -32, 47, 9, 49, -83, -84, 125, -31, 118, 56, -55, -55, -21, 87, 19, -118, -58, -110, -70, -55, -112, -67, 42, -83, -52, -42, -42, 112, 73, 51, -107, 64, -117, -52, -39, -39, 107, -50, -81, -69, 108, -105, 82, -81, -77, 97, -97, -104, 126, -55, 70, -66, -128, -11, -15, -41, 27, 15, 26, -61, 36, -30, -99, -78, -11, 56, 42, 71, -86, -89, 17, -117, -97, 42, -40, 67, -71, 38, -93, 113, 125, 27, 74, 121, 95, 74, -15, 11, -18, -45, 113, 86, -102, 104, -31, -119, -71, 99, -62, -70, -9, -127, -76, 7, 57, -56, 27, -45, 46, 25, -37, 43, -89, -99, -51, -62, -26, 36, 62, -14, -86, 96, -81, -49, 93, 63, -26, 107, 37, -105, 29, -16, 39, -106, 71, -86, -36, 92, -69, -123, -18, -37, 110, -126, -88, 92, -51, 47, 121, -5, 82, 65, 62, 52, -115, 59, 79, 105, 19, 102, 73, -107, 1, -63, 25, 56, -9, 73, -64, 56, -4, 41, -77, -15, 24, 56, -116, 8, -32, -13, 48, 26, 21, -4, 107, -94, 45, 94, -60, -71, 89, 20, 30, -9, 49, -85, -16, 74, 83, -31, 56, -91, -27, -76, -94, 68, -25, -58, -76, 123, -119, 58, 29, 91, 58, -50, 64, -112, -32, 13, -22, -55, -74, 80, -54, 80, -23, -42, -108, -119, 0, -117, 0, 124, -24, -80, -33, -14, 46, 36, 108, -118, -55, -59, -10, 55, 82, 75, -111, -116, -81, -35, -116, 19, -12, -91, 115, 93, 58, 49, -63, 56, -13, -93, -75, -60, 114, 16, -51, -95, -58, 6, 40, 114, -63, 28, -117, -107, 109, 105, 47, -28, 37, -65, 5, 101, -71, 110, 108, -28, -26, -82, -37, 75, 36, -24, -36, -52, -27, 87, -88, -86, 109, 104, -32, 103, 25, -88, -60, -46, 68, 72, 4, -116, -8, 85, 52, -97, 4, -90, -41, 35, 72, -61, 44, -64, 99, 122, -76, 111, 2, 47, -99, 46, -114, -31, -37, 82, -58, -94, -18, 95, -82, -75, 26, 75, 82, 44, -49, 127, -99, -88, 39, -120, -80, 24, -46, -85, 50, 26, 4, -120, -21, -45, 52, -44, 80, -100, -104, 87, -97, 39, 122, -41, 123, 85, -116, 111, -99, -113, -46, -74, 1, 27, -125, 84, -110, 39, 80, -116, 112, 114, -39, 60, -54, 64, -16, 6, -73, 31, 7, 14, 112, 0, 63, 60, 83, 52, 86, 7, -31, -85, -42, -14, -58, -119, -17, -90, -43, -93, -55, 36, 102, -79, -59, -120, -41, -124, 47, 123, -125, 108, 79, -95, -90, 22, -4, 41, 93, 64, 123, 111, 117, 122, 53, 49, -17, 35, 39, -99, 99, 35, -106, -120, -73, 97, 116, 109, -86, 94, 73, 50, -42, 56, -95, 87, -22, -53, 56, -92, -52, -74, -61, -23, -91, 22, 59, 27, 62, -16, -111, 25, -27, -16, 83, 76, -89, -71, -123, -93, -57, 40, 38, -105, 18, 17, -77, -49, -53, -102, 90, -92, -60, -44, 81, 117, 32, -73, -116, -13, 69, 35, 8, -49, -39, 18, 105, 89, 34, 90, 71, 63, 56, 111, 80, 105, 108, -82, 1, -54, -116, -30, -124, -18, -46, 16, 73, -90, -96, -7, -79, 57, -41, 7, 64, -73, 75, -116, 33, 24, -87, -117, -126, 54, -44, -46, 123, 8, -71, -36, -13, 57, 24, -38, -100, -64, 33, -26, 8, -111, -98, 99, -71, 53, -100, -94, -94, 105, 25, -71, 5, 73, -103, -109, 44, -128, -48, 101, -70, -58, -100, -122, -82, -86, -60, -96, -107, -48, -3, -43, 86, 112, 6, -70, 28, -44, 42, 52, 118, 82, -98, -22, 73, -74, 20, -93, -120, -15, -88, 120, 113, 94, -7, -3, -10, 58, 42, -17, -113, 26, 107, 40, -63, -45, -18, -81, 40, -3, 37, -33, -54, -100, 64, 90, -105, -120, -9, 105, -108, 104, -80, 100, 58, 12, -13, 14, -99, 113, -29, -67, 86, 73, 104, -118, -93, 6, -37, 116, 83, -19, 15, 104, -18, 47, -81, 111, 22, -42, 119, 104, -7, -71, 74, 19, -123, -57, -111, -41, 57, 0, 125, 13, 114, -9, 13, 8, 80, -4, -45, -107, 77, -103, 87, 82, 14, -6, -23, -127, 75, -46, -22, 69, -123, -33, -102, 80, 57, -71, 121, -74, 3, 115, -113, 51, -42, -81, -38, 92, 61, -73, 36, -110, -62, -56, -61, 61, -41, -69, -107, -25, -41, 1, -44, -18, 51, -53, -81, 79, -70, -72, -102, 109, -37, 52, 80, -14, 29, 110, 90, -38, -37, -35, 73, 88, 1, -54, 29, -41, 83, -52, 15, 46, 117, -45, 94, -66, 70, -118, -105, -100, 66, -38, -38, 88, -94, 6, 46, -7, 4, -92, -55, -94, -120, -63, -45, 76, 120, -20, 106, -124, -77, -13, 75, 63, -74, -36, 97, 102, 37, -53, 34, -106, 44, -53, -88, 26, 109, -82, 49, -31, -91, 18, -22, -26, 41, 5, -78, -40, 73, 51, 14, -17, -110, -32, -56, -68, -85, 44, -99, 112, 58, -25, 56, -59, 20, 61, 40, -75, 101, -58, -26, -127, 37, 55, 49, -103, 35, -109, 67, -52, 6, 80, 121, 120, 116, -81, 67, -20, -89, 29, -31, 79, 97, 21, -76, -73, 15, 13, -54, 40, 86, 51, 96, 115, -73, -105, -106, -101, -8, 98, -68, -50, 91, -39, 46, -124, 125, -30, -88, -111, 125, -50, 98, 113, -49, -96, 31, 60, 99, 115, 89, 109, 26, -37, -36, -21, 39, 54, 78, -118, 24, -112, 117, -14, -86, -57, -111, -29, 118, -116, -36, 19, 61, -26, -50, 22, -69, -120, -54, -102, -81, 49, 83, -99, 48, 70, -30, -83, -83, -117, -14, -13, 40, -64, -13, -83, -2, -113, 37, -114, 110, -56, 89, -52, 34, 16, -31, 74, 48, -58, 57, -71, 73, 94, 111, -98, 5, 55, -70, -108, 48, -28, 64, 43, -78, 57, 92, -121, -95, 37, 98, -40, -30, 96, 57, 72, -48, -44, 90, -53, -104, -28, 10, -72, -85, 68, 85, -13, -85, 109, -119, 36, 82, -118, -56, -125, -31, 86, -110, -41, 31, 17, 52, 112, 49, -10, -77, 91, -51, 70, -20, -91, 72, -113, 116, -36, -72, -26, -56, -96, 53, -66, -69, 85, -60, 36, 3, -127, -67, 96, -119, -104, -26, -107, -47, 117, 101, 37, -73, -14, -87, 123, 54, -71, -50, 42, -1, 0, 114, 85, 114, 106, 5, 105, 88, -88, -87, -36, 47, 92, -47, -95, -74, -120, 107, 47, -35, 83, -27, -83, -124, -94, -58, -111, -124, -37, 103, -35, 64, 71, -104, -88, 77, 4, 15, -126, 10, -81, -91, 23, -70, -42, -73, -56, 60, 41, 20, 38, -10, 111, -89, -115, 78, 27, 65, -110, 105, 42, 118, -53, -123, 54, -84, -110, -81, -86, -125, -3, -86, -62, 118, -61, -125, -9, 100, 43, 72, -57, -64, 46, 63, -67, 97, -11, -72, 107, -14, 51, 73, 88, -42, 88, 15, -62, 14, -108, 46, -29, 29, 53, -92, -78, -10, -62, -44, 124, 16, 22, -2, 103, 2, -86, 73, -37, 25, 0, -3, -108, 81, 47, -85, 115, 86, 111, -44, 112, 46, -10, 27, 29, 39, 118, -39, -40, 84, 90, -33, -101, 117, 21, -57, 92, 118, -65, -120, 54, 121, 39, -126, 63, -27, -117, 95, -68, -43, 23, -19, 47, 22, 115, -91, -4, -96, 31, -35, 69, 31, -123, 71, -36, -15, -10, 76, 78, -114, -5, -39, -120, -40, 98, -76, -74, 36, -100, -102, -31, -31, -29, -41, -31, 63, 105, 119, 114, -25, -50, 70, 31, -38, -123, 39, 29, -30, 76, 127, 103, 61, -62, -7, -9, -122, -95, -6, -74, -5, 68, -102, -119, -24, -80, 88, -80, 57, 31, 13, 95, -118, 17, 30, -58, -68, -91, 56, -89, 25, 118, -49, -73, 95, 127, -9, -112, 63, -67, 90, -121, -118, 113, -108, 63, -6, -37, -109, -4, -41, 77, -3, -77, 81, 47, 85, -117, -3, 127, -47, -89, 20, 122, -103, -116, 98, -94, 97, 70, -34, -68, -14, 14, 55, -58, 65, -46, -20, -6, 52, -123, -65, -67, 48, -73, -29, 124, 111, -2, -20, 109, -3, 53, 11, -43, 113, -82, 81, 126, -28, 78, -64, -38, 64, 84, -29, 35, 77, -63, -38, -66, 117, -3, 36, 89, 92, 88, 118, -126, -17, 51, -67, -44, 65, -108, 25, -28, 64, -84, 88, -82, -60, 87, -75, 67, -57, 120, -127, -1, 0, 22, 40, -113, -53, 21, -30, -65, -92, 14, 39, 117, -57, 120, -11, -19, -44, 113, -72, -73, 82, -86, 28, 70, 116, 10, -95, 78, 78, 49, -65, 74, -24, -57, -42, 99, -22, 31, -57, -80, -45, -115, -20, 114, -23, 52, 16, -37, -76, 102, 37, 45, 42, -31, -28, -50, 88, 48, 36, -114, 95, 13, -58, 71, 94, 90, -119, 110, -8, -123, 48, 20, 126, -20, -79, 37, -114, 72, -24, 112, 107, -87, -31, -99, -125, -68, -68, -31, -80, 95, 64, -62, 71, -107, -49, -20, 8, 49, -78, -128, 9, -44, -99, -74, -12, -44, 82, 110, 53, -62, 111, 120, 44, -26, -54, -12, -56, -114, -64, 50, -123, -109, 66, -65, -113, -2, 106, -29, -105, 28, -37, -118, 123, -102, 90, 22, -119, -117, 18, 7, 123, -81, -119, -49, -67, -80, -51, 110, 70, -26, 33, 4, 92, -18, 1, 3, 27, -109, -90, -92, 85, -71, -8, 79, 16, 107, 41, -81, 86, -58, 101, -75, 93, 28, -88, -8, 78, 51, -106, 4, -28, 14, -71, -86, -111, -62, -46, -25, -69, 94, 83, -114, -103, 98, -33, -97, -91, 90, -95, 108, 104, 93, 57, 85, 105, 25, -92, 24, -41, -99, -119, 39, -56, -7, 85, -21, 25, -118, -121, 46, -62, 57, 0, -36, 13, 65, -50, -122, -70, -103, -69, 15, -60, -102, -50, 43, -5, 86, 23, 44, -22, -84, 83, -108, -85, -74, 113, -65, 54, -71, 30, 122, -41, 53, -60, 98, 110, 25, 48, -114, 107, 110, 75, -128, 57, -52, 108, 6, 72, 58, 107, -41, -21, -29, -102, -54, 57, -95, -111, -44, 25, 45, -89, -79, -17, -33, -93, -34, 86, -20, -91, -118, 34, -86, -14, 2, 31, -107, -108, -28, -28, -27, -76, 39, 115, -13, -82, -119, -48, 46, -58, -68, -125, -12, 91, -60, 98, -68, -76, -69, -123, 72, -114, -31, 36, 15, -110, 73, 44, -92, 99, 63, 44, 125, -11, -34, -91, -60, -47, 109, 112, 126, 76, 107, -105, 47, -85, -82, -97, 35, -57, 40, -16, 70, -53, 99, -92, 72, -13, -74, -76, 85, -128, 117, 21, -51, 55, 18, -99, 127, -9, 108, 7, -121, 49, -95, -98, 40, -8, -55, -71, -101, -48, 49, 21, -97, -33, 96, -1, 0, 70, 53, -92, -22, -3, -100, -115, -9, -83, 119, 88, -36, -118, -29, -37, -116, -111, -2, 124, -39, -1, 0, -28, 53, 6, -29, -78, 32, -56, -72, -109, -3, 102, -102, -11, -75, -34, 12, 119, 19, -75, -115, -71, 91, 2, -89, -50, 75, 109, 92, 68, 125, -90, -71, 25, -61, 43, 15, -30, -42, -116, -99, -83, -111, 8, 18, -63, 27, 15, 34, 71, -9, -83, -31, -22, -72, 37, -7, 90, 5, 36, 118, -117, -126, 9, -56, -88, -123, 83, -26, 107, -100, -73, -19, 117, -101, 17, -34, 69, 42, 121, -24, 69, 48, -117, -76, 60, 46, 124, 98, -19, 20, -1, 0, 26, -30, -70, -95, -43, -31, -105, 18, 69, 90, 99, 22, 77, 107, 88, -83, 69, 117, 111, 63, -8, 83, -58, -28, -8, 56, -51, 17, -127, 29, 43, 117, 52, -8, 99, -40, -46, 22, -87, 21, -26, -42, -94, 42, 98, -104, -49, 21, 91, 25, 24, -32, -86, -113, -99, 25, 120, 107, -19, -128, 43, -81, -3, 77, 24, -8, 100, 111, -69, -14, -83, 14, 24, -128, -29, -99, -2, -17, -54, -66, 41, -25, 103, 61, 51, -105, 94, 21, 39, -39, 98, -65, 32, 104, -119, -63, 25, -121, -67, 35, 124, -64, 31, -38, -70, 97, -61, 99, 31, -26, 55, -35, -7, 84, -113, 15, 81, -77, -75, 79, -70, -62, -114, 122, 62, 7, 26, -22, 74, -73, -11, 26, -78, -100, 22, 35, -47, 71, -104, 38, -100, -117, 32, -65, 108, -3, 43, 94, -54, 115, -15, -100, 122, 82, 121, 101, -28, 84, 45, 94, 11, 107, -10, -105, 62, -90, -120, -68, 22, -53, -9, 7, -42, -81, -117, 76, -3, -78, 42, 94, -58, -33, 102, 81, -12, -87, 115, -105, -112, -94, -102, -16, -117, 17, -89, 116, 15, -52, -47, -109, -121, 89, 70, 125, -37, 116, -49, -103, -93, -2, -81, -108, -115, 37, 81, -11, -88, -2, -82, -70, -23, 60, 68, 121, -106, -4, -87, 106, -105, -112, -2, -115, -120, 96, 77, -96, -117, -23, 91, -62, 116, 69, 90, -48, -31, 119, 45, -15, 92, 66, -66, -103, 53, 49, -62, -104, 124, 119, -93, -6, 99, -1, 0, 122, -101, -112, -66, 94, 8, 23, -63, -9, 113, -12, 31, -107, 64, 96, 15, -123, 48, 119, -9, 6, -75, 117, 120, 125, -78, -97, -38, 77, 35, -6, -112, 40, -123, -20, 45, -64, 37, 84, 124, -63, -4, 104, 90, -5, 49, -88, -56, -94, -67, -21, 124, 17, -25, -7, 86, -125, 117, -62, 34, -65, 116, 123, -85, 24, 102, 104, -40, 50, 52, -79, -87, 42, 70, -40, -49, -87, -93, 94, -10, -105, -124, 89, -116, 60, -8, 36, 103, -107, 72, -49, -46, -111, 93, -10, -6, -43, 85, -67, -117, -121, -50, -17, -48, -54, 66, 3, -8, -42, -40, -15, 101, -69, 86, 27, 46, -29, 30, 17, -39, -72, -72, 74, -36, 45, -100, 88, -114, -26, 78, 121, 21, -36, 48, -16, -64, 30, 30, 91, 87, 27, -40, 14, -51, -40, 93, -114, 37, 114, -106, 113, -69, -37, 113, 25, 18, 41, 12, -92, 114, 5, 111, 116, 0, 8, -58, -61, 106, 37, -1, 0, 108, -72, -43, -48, 101, -74, 72, 109, 1, 24, 86, 65, -52, -61, -26, 105, 47, 102, -82, 120, -81, 103, -31, 120, 44, 103, 83, 19, -65, 59, 44, -118, 27, 39, -57, 59, -41, 124, 49, 101, 88, -90, -100, -2, 78, -127, 78, 58, 94, -25, -85, -5, 37, -57, -38, 72, -105, 58, -18, 52, -6, -26, -109, 118, -125, -78, 112, -15, -95, 3, 51, -61, 5, -60, 51, -92, -94, 112, -95, -119, -27, -24, 116, 25, -45, 77, 118, -92, -79, -10, -81, -116, 3, -17, -63, 108, -1, 0, -22, -4, -22, -28, 125, -84, -68, -9, 123, -53, 8, -113, -113, 35, -111, 92, 112, -23, -14, 98, -106, -88, 61, -55, 82, -118, -32, 117, 105, -64, 44, -84, 102, 121, -84, -32, -76, -126, 73, 70, 36, 120, -93, 85, 47, -21, -128, 60, 106, -55, -79, 99, -2, 108, 95, 64, 41, 84, 125, -88, -127, -65, -59, -78, -107, 125, 49, 86, -29, -19, 7, 12, -105, -30, 46, -98, -79, -102, -58, 120, -92, -35, -53, -112, -43, 22, 29, -72, 107, -25, 67, 19, 124, -24, 50, 112, -106, 39, 61, -38, 103, -42, -82, 71, 125, 99, 47, -8, 119, 9, -23, -100, 81, 75, -61, -116, -122, 39, -48, -44, 104, -94, -76, -57, -56, -91, -8, 75, 13, 121, 53, -14, 53, 90, 94, 13, 33, -44, 18, 62, 116, -5, -36, -36, 51, 124, -21, 68, 120, 107, -22, 106, -107, -82, 24, -100, 81, -53, -73, 4, -112, 19, -121, 57, -88, 126, -90, -67, -39, 101, 36, 121, -100, -41, 85, -54, -67, 64, -84, 33, 105, -21, -110, 21, 28, -88, -32, -105, -37, 101, 0, -11, -59, 26, 62, -49, -49, -97, 126, 100, 81, -4, 32, -109, 93, 33, -27, 29, 7, -46, -93, -52, -66, 95, 74, 107, 36, -71, 69, 10, 97, -32, -94, 45, -18, 28, -3, 7, -31, 87, 96, 19, -37, -1, 0, -123, 117, 50, -6, 72, 69, 29, -92, 81, -10, 71, -46, -96, 102, 30, 95, 74, 107, 36, -41, 14, -123, 108, -79, 31, 20, -30, 41, -89, -76, 6, -2, 101, 7, -16, -94, 14, 51, -60, 6, -26, 54, -2, -111, 84, 76, -93, -2, 10, -119, -101, -2, 98, -74, 93, 86, 117, -5, 49, -36, -68, -127, -3, 101, -90, 72, 3, -52, -102, 32, -67, 111, 3, 73, -60, -38, -24, 126, 91, 84, -124, -51, -53, -112, -52, 107, -97, 65, 90, -122, -34, -36, -33, -69, -12, -83, 11, -87, -113, 74, 84, -73, 12, 126, -41, -46, -90, 46, 24, 121, -118, 90, 71, 99, 81, 113, 33, -35, -79, -27, 82, -17, -36, 106, 90, -107, 9, -119, -41, 36, 15, 42, -112, -105, 63, 107, -21, 75, 72, -83, 13, 22, -27, -114, -20, 62, 117, 33, 40, 39, 124, 122, -46, -93, 41, -50, 65, 3, -17, -87, 9, 91, 76, -97, -83, 45, 32, -102, 27, -121, -41, 71, 31, 90, -97, 124, -61, 108, 31, -70, -108, -117, -113, 53, -2, -43, 33, 114, -64, 107, -51, -3, 58, -46, -46, 85, -95, -80, -108, -99, 115, 82, 51, 18, 49, -49, -118, 86, 39, -50, -60, -23, -67, 73, 101, 86, -44, 55, -49, 52, 49, 12, 89, 85, -74, 43, -11, -91, -105, -4, 28, -36, -99, 24, -29, -61, -104, -47, 13, -50, 14, -128, 15, 44, -47, 18, -24, 100, 97, -108, 31, 12, 80, -89, 37, -64, -102, 76, 68, -35, -112, -22, -117, 24, -12, 56, -95, -1, 0, -46, 50, -20, 81, 15, -93, -41, 74, 38, -26, 59, -21, -27, 91, -17, -120, -36, -100, 122, -102, -43, 117, 57, 23, 114, 125, -72, -100, -41, -3, 32, -25, 25, 80, 61, 26, -90, -67, -112, 24, -8, -79, 93, 50, -52, 15, -113, -52, -44, -42, 111, 23, 52, -66, -89, 39, -111, 44, 81, 57, -127, -39, 52, 27, -51, 69, 78, -51, 67, 31, -59, 114, -29, -56, 87, 73, -34, -89, 92, 26, -116, -115, 19, 125, -111, -11, -91, -11, 19, -14, 63, 110, 34, 33, -64, -83, 87, 119, -107, -65, -88, 126, 85, 49, -62, -84, -45, -20, 72, 127, -86, -101, 52, 40, 118, 113, 66, 107, 119, 43, -112, 70, 51, -71, 56, -93, -35, -109, -18, 78, -124, 80, 91, 123, 120, -2, 24, -2, -90, -117, -34, 42, -115, 35, 65, -113, 26, -109, -37, -56, 62, 37, 63, 42, 19, 68, -8, 36, 98, -115, 72, 85, 65, -106, -28, -2, -30, 125, 106, 94, -43, -90, 90, 60, 122, 26, -87, -54, -40, -23, -14, -88, -66, 122, -125, -14, -89, 104, 45, -105, 26, -23, 116, -56, 32, 121, -44, 77, -54, -8, -3, -11, 73, -80, 119, 111, -107, 64, -56, -85, -127, -111, 79, 97, 54, -53, -51, 58, -99, -100, 80, -53, -98, -123, 13, 82, 105, 65, -48, -107, -6, 80, -99, -108, 108, -96, -7, -45, 66, -44, -58, 6, 118, -40, 119, 127, 90, 27, 92, 56, -24, -108, -65, -30, 58, -115, 61, 107, 93, -56, -21, 51, 125, 106, -110, 38, -39, 120, -35, -73, -18, -3, -11, 3, 115, 47, 84, 31, -22, -86, -84, -83, -1, 0, 112, -125, -4, -43, 14, 71, 27, 75, -1, 0, -22, -102, 66, 114, 96, 26, 96, 117, 90, -59, -72, 40, 54, -46, -107, -121, 36, -25, -104, -113, -99, 109, -114, 119, 102, -5, -85, 77, 6, -74, 48, 75, -100, -99, -57, -42, -113, -52, -92, 100, -100, 31, 58, 80, 37, 69, 24, 36, 102, -120, -105, 35, 93, 6, -98, 38, -109, -128, -20, 104, -83, -125, -80, -49, -122, -11, 62, -8, -127, -98, 76, -113, 49, 74, -59, -64, 35, 77, 7, -112, -83, 53, -55, -50, 36, 76, -113, 28, 102, -89, 64, -84, 112, 38, 3, -31, 108, 120, -5, -72, -84, 91, -113, 123, 4, 28, 82, -107, -72, 1, 70, 24, 48, -24, 5, 17, 37, 36, -28, -126, 87, -46, -109, -128, -58, 126, -47, -4, 92, -89, -96, -58, 115, 90, -25, 36, 107, -87, 59, -28, 126, 53, 67, -68, 1, -14, 84, -28, -11, 11, -118, 42, -54, -97, 99, 126, -70, 10, -99, 33, 101, -27, -109, -108, -25, -98, -116, 46, 125, -34, 108, -87, 62, 34, -107, -121, 3, -4, -49, -20, 77, 25, 94, 66, -71, 50, 30, 83, -74, 64, 63, -123, 39, 18, -84, 98, -77, -31, 112, -84, -95, 79, -104, 21, 17, 41, 81, -66, 6, -25, -35, -86, 43, 33, 125, 68, -113, -97, 37, -83, 119, -59, 64, 13, -52, -6, 107, -98, -97, 33, 75, 72, 88, -60, 93, 1, -23, -29, -102, -103, -72, -24, -82, 1, -33, -107, -76, 52, -66, 55, 13, -16, -3, -30, -92, 100, 109, -70, -113, -31, 31, 118, 105, 105, 65, 99, 21, -72, 99, -15, 6, -11, -94, 36, -121, -2, 26, 82, -73, 15, -44, -82, 124, -58, 40, -117, 41, -15, 56, -13, -87, 112, 21, -114, 22, 93, 53, -4, -22, 70, 65, -29, 74, 22, -32, -125, -128, 113, -14, -94, 123, 67, 102, -95, -64, 118, 52, 14, 115, -109, -73, -99, 111, -68, -41, 83, -54, 52, 57, -13, 20, -80, 76, -33, 103, 67, -27, 68, 23, 7, 24, 39, -52, -125, -67, 45, 33, 99, 49, 112, -61, 99, -8, 84, -69, -2, 111, -119, 84, -46, -63, 63, 48, 39, 56, -11, -83, 36, -52, -121, 37, -127, 30, 32, 109, 70, -112, -79, -82, 32, 109, 74, 16, 124, -85, 66, 4, 124, -31, -122, -37, 98, -105, -117, -110, 78, 115, -111, -29, -79, -94, 11, -116, -24, 78, 7, -114, 106, 105, -114, -61, -53, 97, -43, 49, -25, -118, -85, 45, -128, 44, 50, 15, 48, -37, 76, -118, 42, 93, -98, 126, 80, 91, 3, 99, -102, 34, -35, 16, 113, -128, 71, -83, 52, -28, -121, -79, 66, 75, 39, 25, 35, -109, 35, 122, -81, 36, 69, 65, -56, 25, -89, 45, 58, 72, 64, -48, 31, 93, 106, 6, 53, 109, -50, 125, 106, -42, 70, 75, 72, 66, -47, -25, 66, 51, -118, 19, -62, 63, 116, 124, -123, 60, 107, 24, -40, 28, 29, 73, -45, 90, -83, 61, -117, -81, 64, -43, -94, -56, -119, 113, -16, 38, 60, -70, -24, 71, -123, 12, -100, 125, -80, 62, 85, 126, 88, 93, 24, -85, 68, 66, -12, 7, -3, -86, -79, -115, 67, 16, 65, 35, -57, 66, 107, 104, -76, -55, 104, -26, 81, -40, -11, -58, -99, 40, -127, -37, 56, -49, -115, 101, 101, 117, 48, 8, -70, -77, 19, -82, 54, -96, 72, -60, -54, 118, -36, 116, 21, -107, -108, -94, 53, -56, 69, -111, -61, -32, 49, 3, 30, 53, 57, 29, -71, 7, -68, 119, -4, 107, 43, 40, -112, 48, -78, 124, 123, -111, -91, 110, 57, 28, -98, 92, -23, -102, -35, 101, 64, -119, 65, 35, -107, -43, -40, -6, -102, 48, 3, 59, 117, -84, -84, -88, 99, 68, -121, -38, 52, 66, -60, 71, -90, -107, -107, -107, 33, 34, 92, -60, 38, 116, 39, -50, -94, -77, 54, 25, -41, 10, 67, 99, 65, 89, 89, 82, -122, 16, 18, -48, 9, 11, 28, -73, -98, -44, 118, 99, -18, 12, -28, 86, 86, 84, -80, 54, -57, 57, -50, -70, 86, -56, -60, 121, 26, 31, -10, -84, -84, -87, 99, 102, -41, 87, -83, -119, 24, 72, 71, 77, 43, 43, 40, 36, 41, 118, 80, 72, 39, 92, 86, -111, -55, 63, 42, -54, -54, 72, 100, -7, -113, 49, -14, -51, 77, 29, -126, 3, -109, -100, 86, 86, 84, -79, 18, 82, 91, -109, -104, -109, -100, 102, -92, 119, 35, 29, 43, 43, 42, 70, 109, -16, -40, 12, -93, 24, -94, 40, -62, 18, 52, -64, -48, 86, 86, 80, -64, -108, 100, -70, 6, 59, -42, -71, -40, 54, 1, -46, -78, -78, -89, -72, -40, 68, 99, -55, -100, -21, -118, -97, 59, 16, 50, 126, -41, -27, 89, 89, 72, 9, -32, 49, 33, -70, -43, 121, 109, -29, 4, -31, 113, -83, 106, -78, -124, -35, -115, 31, -1, -39], govIdBack=[-1, -40, -1, -32, 0, 16, 74, 70, 73, 70, 0, 1, 1, 0, 0, 1, 0, 1, 0, 0, -1, -37, 0, -124, 0, 9, 6, 7, 8, 7, 6, 9, 8, 7, 8, 10, 10, 9, 11, 13, 22, 15, 13, 12, 12, 13, 27, 20, 21, 16, 22, 32, 29, 34, 34, 32, 29, 31, 31, 36, 40, 52, 44, 36, 38, 49, 39, 31, 31, 45, 61, 45, 49, 53, 55, 58, 58, 58, 35, 43, 63, 68, 63, 56, 67, 52, 57, 58, 55, 1, 10, 10, 10, 13, 12, 13, 26, 15, 15, 26, 55, 37, 31, 37, 55, 55, 55, 55, 55, 55, 55, 55, 55, 55, 55, 55, 55, 55, 55, 55, 55, 55, 55, 55, 55, 55, 55, 55, 55, 55, 55, 55, 55, 55, 55, 55, 55, 55, 55, 55, 55, 55, 55, 55, 55, 55, 55, 55, 55, 55, 55, 55, 55, 55, -1, -64, 0, 17, 8, 0, -108, 1, 14, 3, 1, 34, 0, 2, 17, 1, 3, 17, 1, -1, -60, 0, 28, 0, 0, 2, 2, 3, 1, 1, 0, 0, 0, 0, 0, 0, 0, 0, 0, 0, 3, 5, 2, 4, 0, 1, 6, 7, 8, -1, -60, 0, 65, 16, 0, 2, 1, 3, 2, 3, 5, 5, 4, 8, 5, 3, 5, 0, 0, 0, 1, 2, 3, 0, 4, 17, 33, 49, 5, 18, 65, 6, 19, 81, 97, 113, 20, 34, 50, -127, -111, 66, -95, -63, -47, 7, 21, 35, 82, 98, 114, -126, -79, 51, 67, -110, -31, -16, 22, 83, -15, 52, 68, 115, -109, -94, -1, -60, 0, 26, 1, 0, 3, 1, 1, 1, 1, 0, 0, 0, 0, 0, 0, 0, 0, 0, 0, 0, 1, 2, 3, 4, 5, 6, -1, -60, 0, 40, 17, 0, 2, 2, 1, 3, 3, 3, 4, 3, 0, 0, 0, 0, 0, 0, 0, 0, 1, 2, 17, 3, 18, 33, 49, 4, 65, 81, 5, 19, 34, 20, 21, 50, 66, 97, -127, -95, -1, -38, 0, 12, 3, 1, 0, 2, 17, 3, 17, 0, 63, 0, -13, 108, 84, -46, 38, 109, -75, -84, 2, -92, -71, 31, 9, 34, -66, -124, -15, -84, -63, 25, 27, -125, 83, -18, -21, 57, -53, 111, 83, 86, 56, -42, -127, 89, 16, -75, 32, 42, 65, -65, -122, -120, 27, 77, -121, -46, -102, 17, -91, 20, 104, -50, 58, 100, 86, -108, -7, 15, -91, 16, 107, -48, 80, 38, 25, 38, 11, -94, -88, -59, 77, -97, -97, 29, 40, 10, 40, -118, 41, -47, 45, -122, 10, 60, 86, -120, -76, 53, 20, 100, 90, 100, -123, 78, 118, -9, 70, -85, -46, -116, -79, -107, -8, -76, -95, 38, 87, 111, -70, -118, -96, -17, -110, 73, -15, -96, 65, 20, 81, 80, 84, 16, 81, -44, 80, 34, 104, -75, 97, 5, 14, 49, 86, 80, 84, 48, 38, -126, -84, 34, -44, 17, 122, -43, -120, -93, 102, 56, 85, 36, -8, 1, 89, -71, 34, -46, 101, -2, 21, 99, -19, -20, -16, 38, 22, 64, 57, -107, -67, 43, -91, -32, 118, 83, 88, 67, 50, -80, -60, -124, -12, -37, -27, 72, 56, 36, -122, -34, -19, 93, 84, -77, 96, -116, 1, -83, 117, 54, -9, -20, -17, -56, -15, -108, 108, 103, 4, 98, -72, 122, -119, 74, -24, -17, -23, -29, 30, 123, -108, 56, -68, 45, 113, 18, -27, 71, 120, -97, 9, -95, -61, 24, -122, 62, -19, 23, 3, -87, -3, -22, -67, 112, 121, -51, 7, -69, -14, -84, -93, 45, -88, -42, 81, -7, 106, 55, 29, 77, -100, -88, 10, -75, 16, -104, 27, 86, -71, 117, -92, -54, 15, 30, 15, -81, 90, -73, 24, -86, 74, 113, -118, -67, 110, -68, -29, 122, -50, 69, -60, 60, 122, 10, 42, -44, 85, 49, 82, -38, -77, 53, 52, 85, 114, 67, 96, -126, 122, -118, -33, 74, -39, -38, -94, 13, 0, 42, -67, -110, 83, 33, 71, -9, 84, 108, 60, 106, -83, 57, -71, -73, -114, -32, 2, 91, 12, 54, 34, -86, -120, 22, -33, 73, 19, -68, -50, -51, 90, -87, -86, 49, -108, 29, -97, 48, -14, -42, -15, 69, -27, -14, -84, -27, -14, -81, 112, -14, -20, 24, 90, -112, 21, 48, -75, 32, -96, 80, 34, 32, 81, 21, 107, 97, 104, -118, 40, 17, -118, 40, -118, 43, 21, 104, -86, -76, -60, 104, 10, 42, -83, 96, 90, 34, -83, 49, 27, 85, -93, 32, -88, -88, -94, -86, -48, 34, 74, 40, -56, -75, 5, 20, 116, 20, 18, 77, 22, -114, -119, 80, -116, 109, -91, 117, -10, 125, -101, -74, -70, -32, 113, -34, 91, -68, -83, 55, 46, -85, -47, -50, 118, -84, -78, -27, 88, -22, -53, -122, 55, 55, -15, 17, -16, -34, 27, 115, -60, 36, 41, 105, 17, -111, -108, 115, 31, 120, 12, 15, -99, 118, 92, 47, -77, 16, 90, 93, 36, -13, -49, -34, -29, 7, -69, 100, 26, 31, 58, -33, 10, -114, -42, 23, 105, -83, 99, 8, -52, -95, 78, -124, 109, -75, 93, 105, 88, -71, 53, -25, -26, -49, 57, 58, 92, 29, -8, -80, -62, 42, -33, 37, -104, -8, 55, 14, 25, 100, -76, -125, 87, 44, 73, 92, -111, -23, 87, 87, -70, 67, -92, 105, -112, 52, -64, -23, 75, -31, -99, -41, 99, -67, 100, -78, -76, 106, 92, 12, -80, -40, 87, 51, 77, -67, -39, -46, -100, 82, -39, 27, 19, 91, 69, 117, 35, -92, 28, -100, -5, -80, 24, -26, -96, -36, 93, -57, 113, 112, -116, -54, 65, -113, 60, -104, 29, 14, 55, -86, 50, -35, -103, 9, -25, 62, -15, -5, 62, 21, 4, -63, -15, -51, 90, -123, 25, 57, -115, 99, 2, 81, -111, -82, 40, -94, 61, 54, -96, -40, -57, -53, -93, 28, 18, 116, -51, 48, 72, -11, 21, 18, 116, -51, -94, -83, 21, -69, -83, 54, -95, -76, 120, -90, 13, -54, -93, -50, -76, 99, -120, -116, -79, -59, 78, -95, -23, 23, -123, 57, 26, 31, -91, 92, -73, 96, -121, 93, 42, 38, 95, -119, 84, 124, 63, 125, 12, 30, 125, 73, -94, -20, 18, -95, -110, -100, -118, -58, 56, -96, 70, -40, 81, 88, -20, 15, -115, 69, 23, 102, -35, -51, 68, 62, 40, 78, -58, -122, 88, -45, -95, 89, 111, -104, 81, 57, -44, -113, 120, 103, 21, 67, -100, -42, -60, -124, 81, 67, -77, -63, -41, -78, -100, 97, -83, 13, -46, -38, 115, 71, -116, -128, -83, -106, 35, -46, -88, -55, -62, 111, -29, -116, -56, -10, 83, 42, 40, -55, 102, 92, 1, 94, -73, -62, 120, -27, -107, -38, -14, 66, -31, 72, -45, -105, 108, -46, -66, -35, -53, 114, -4, 55, -71, -75, 28, -53, 33, -52, -124, 111, -118, -12, -29, -44, 77, -50, -102, 60, -41, -122, 58, 109, 51, -50, -72, 95, 12, 126, 33, 43, 34, -70, -58, 20, 106, -51, 86, 110, -72, 58, -37, 70, -54, -45, -85, -50, 14, -61, -62, -123, 11, 24, -78, 8, 57, -49, -114, 49, 86, -51, -52, 79, -126, -22, 73, 11, -128, -89, 99, 93, 50, -69, -40, -63, 85, 10, -28, -74, -110, 28, 119, -120, 84, 29, -119, 27, -42, -128, 25, -63, -34, -70, 20, -102, 62, 33, 8, -118, 126, 72, -93, 77, -78, 112, 69, 91, -31, -4, 11, -122, -36, 69, 38, 110, -3, -32, 14, 50, 113, 71, -71, 92, -117, 77, -16, 114, -22, -72, 25, 58, 81, 21, 115, -80, 63, 74, -23, 120, 21, -107, -110, 25, 94, 118, 66, -24, 112, 27, 124, -4, -85, -89, -105, -122, -16, -117, -69, 85, -73, 107, 120, -69, -48, -92, -85, 69, -128, 114, 125, 42, 101, -99, 39, -63, 81, -58, -38, -28, -13, 117, 95, 26, 42, -83, 49, -30, -36, 45, -84, 46, -28, -115, 68, -116, -120, 6, 93, -105, 26, -1, 0, -52, 85, 68, 94, -67, 43, 104, -55, 73, 90, 50, -110, 113, -39, -102, 85, -14, -93, 42, -47, 33, -127, -28, 96, -79, -93, 51, 19, -128, 20, 100, -102, -71, 63, 15, -71, -75, 115, 29, -51, -68, -79, 56, 25, 33, -41, 26, 81, -87, 45, -104, -110, 111, 116, 84, 85, -94, -94, -22, 41, -27, -113, 103, 37, -98, -38, 59, -121, -99, 17, 24, 100, -116, 106, -75, -87, 123, 63, 117, 28, -100, -79, 21, -112, 116, 35, 74, -113, 118, 23, 86, 63, 110, 85, 116, 84, -31, -10, -85, 60, -63, 93, -71, 80, 110, -34, 21, -24, 60, 22, 104, 34, -77, 17, 91, 114, -80, 93, 52, 53, -60, -89, 11, -65, -128, -107, -18, 28, -125, -15, 5, -89, 92, 39, -122, -15, 27, 107, -108, 43, 19, -92, 79, -71, 36, 87, 55, 80, -93, 37, -55, -45, -127, -72, 62, 14, -78, -39, 64, 113, -123, -50, 117, -55, 21, -69, -59, 73, 55, -9, 66, -11, -57, 90, -126, -5, 64, 88, -33, -105, 109, 49, -102, 52, -28, -53, 25, 82, 112, 119, 58, 87, -100, -7, 61, 5, -70, 23, -62, -20, -31, -121, 33, 1, 118, 39, -83, 17, -27, -18, -30, 119, -54, -110, -85, -79, 53, 97, -96, -26, -119, 79, 54, 0, -40, 120, -46, -114, 61, 8, 101, -17, 57, -80, -60, 0, 84, 85, -57, 118, 68, -66, 40, 92, -46, -76, -78, 23, 56, -44, -25, 74, -75, 110, -84, -20, 0, -86, 17, -18, 0, 26, 83, -98, 22, -63, 27, 44, -71, -83, -25, -78, 57, -15, -18, -58, -80, -122, 76, 22, 57, -94, 61, -55, 78, -103, -86, -73, 19, 16, -70, 109, 85, -60, -124, -99, 14, 107, -106, -84, -22, -70, 47, -5, 66, -79, -55, 6, -79, -7, -89, 66, 35, -40, 117, -51, 5, 1, -64, -56, -56, -85, 22, -84, -79, -125, -125, -116, -12, -95, -20, 82, -36, -81, 108, 102, 89, 88, -78, 28, -114, -92, 85, -120, -62, 62, 85, -68, 104, -83, 113, 24, 24, -48, -102, -87, 35, -14, 18, -54, -89, 94, -76, -71, 14, 11, -68, -70, 96, 26, -125, -87, 80, 58, -43, 104, -91, 36, -4, 85, 118, 50, 10, -21, -42, -109, -40, 107, 114, -77, 102, -74, 23, -101, 97, 69, -112, 5, -83, 25, 21, 62, 17, 64, -24, -120, -127, -79, -102, -113, 119, -115, -51, 16, 94, 70, -93, 86, -91, -9, 87, -103, 127, 116, -23, 70, -30, 109, 35, -52, -82, -82, 44, -117, -76, -112, 56, 89, 64, -9, 89, 70, 42, -117, 113, -69, -41, -124, -60, -20, -78, 47, -117, 111, 66, -18, 61, 107, 94, -49, -27, 94, -60, 99, 21, -55, -28, 60, -115, -117, -39, 11, 63, 55, 90, -48, -115, -87, -113, -77, -97, 10, -33, -77, -26, -76, -44, -120, -90, 80, -28, 39, 122, 34, 43, 3, -85, 17, 87, 61, -102, -119, 29, -93, -56, 112, -120, 88, -17, -96, -95, -76, 27, -127, -74, 10, -78, -122, 125, 71, 92, 83, 14, 29, 115, 29, -83, -46, -52, -124, -128, -89, 32, -99, 107, 35, -31, 55, -114, 50, -74, -14, 99, -7, 104, -16, 112, -103, -106, 104, -110, 104, -54, -93, 54, -67, 113, 81, 39, 23, -55, 113, -44, -72, 59, 11, 9, -31, -30, 48, -107, -103, 20, -13, 46, 10, -80, -50, -97, -107, 14, -17, -77, 28, 54, 75, 102, -114, 40, -42, 23, 119, 4, 58, -115, 71, -91, 57, -32, -10, 54, 118, -10, -54, -79, -59, -115, 48, 89, -66, 35, -13, -93, -67, -78, -13, 21, 26, -83, 121, -81, 43, -116, -66, 44, -12, 22, 52, -29, -14, 71, 57, -63, 120, 82, -16, -71, -104, 58, -58, -19, -51, -107, -108, 40, -55, 30, 21, -43, -107, 89, -19, 94, 57, -108, 72, -82, 10, -80, -15, 6, -86, 61, -86, -17, -51, -125, 67, -122, -36, 6, -28, 73, -101, 93, -13, 74, 114, -42, -19, -79, -62, 26, 21, 80, -65, -116, 114, 90, -73, 50, 42, 8, -16, 2, -86, -29, 24, -91, 23, 28, 66, -22, 120, -64, -116, 48, 7, 113, -115, -87, -19, -9, 14, 120, -26, 105, 21, -124, -118, -33, 101, -86, -76, 62, -47, 17, -18, -47, 35, 40, 79, -68, -104, -83, 97, 40, -41, -109, 25, -58, 87, -32, 47, 9, 49, -83, -84, 125, -31, 118, 56, -55, -55, -21, 87, 19, -118, -58, -110, -70, -55, -112, -67, 42, -83, -52, -42, -42, 112, 73, 51, -107, 64, -117, -52, -39, -39, 107, -50, -81, -69, 108, -105, 82, -81, -77, 97, -97, -104, 126, -55, 70, -66, -128, -11, -15, -41, 27, 15, 26, -61, 36, -30, -99, -78, -11, 56, 42, 71, -86, -89, 17, -117, -97, 42, -40, 67, -71, 38, -93, 113, 125, 27, 74, 121, 95, 74, -15, 11, -18, -45, 113, 86, -102, 104, -31, -119, -71, 99, -62, -70, -9, -127, -76, 7, 57, -56, 27, -45, 46, 25, -37, 43, -89, -99, -51, -62, -26, 36, 62, -14, -86, 96, -81, -49, 93, 63, -26, 107, 37, -105, 29, -16, 39, -106, 71, -86, -36, 92, -69, -123, -18, -37, 110, -126, -88, 92, -51, 47, 121, -5, 82, 65, 62, 52, -115, 59, 79, 105, 19, 102, 73, -107, 1, -63, 25, 56, -9, 73, -64, 56, -4, 41, -77, -15, 24, 56, -116, 8, -32, -13, 48, 26, 21, -4, 107, -94, 45, 94, -60, -71, 89, 20, 30, -9, 49, -85, -16, 74, 83, -31, 56, -91, -27, -76, -94, 68, -25, -58, -76, 123, -119, 58, 29, 91, 58, -50, 64, -112, -32, 13, -22, -55, -74, 80, -54, 80, -23, -42, -108, -119, 0, -117, 0, 124, -24, -80, -33, -14, 46, 36, 108, -118, -55, -59, -10, 55, 82, 75, -111, -116, -81, -35, -116, 19, -12, -91, 115, 93, 58, 49, -63, 56, -13, -93, -75, -60, 114, 16, -51, -95, -58, 6, 40, 114, -63, 28, -117, -107, 109, 105, 47, -28, 37, -65, 5, 101, -71, 110, 108, -28, -26, -82, -37, 75, 36, -24, -36, -52, -27, 87, -88, -86, 109, 104, -32, 103, 25, -88, -60, -46, 68, 72, 4, -116, -8, 85, 52, -97, 4, -90, -41, 35, 72, -61, 44, -64, 99, 122, -76, 111, 2, 47, -99, 46, -114, -31, -37, 82, -58, -94, -18, 95, -82, -75, 26, 75, 82, 44, -49, 127, -99, -88, 39, -120, -80, 24, -46, -85, 50, 26, 4, -120, -21, -45, 52, -44, 80, -100, -104, 87, -97, 39, 122, -41, 123, 85, -116, 111, -99, -113, -46, -74, 1, 27, -125, 84, -110, 39, 80, -116, 112, 114, -39, 60, -54, 64, -16, 6, -73, 31, 7, 14, 112, 0, 63, 60, 83, 52, 86, 7, -31, -85, -42, -14, -58, -119, -17, -90, -43, -93, -55, 36, 102, -79, -59, -120, -41, -124, 47, 123, -125, 108, 79, -95, -90, 22, -4, 41, 93, 64, 123, 111, 117, 122, 53, 49, -17, 35, 39, -99, 99, 35, -106, -120, -73, 97, 116, 109, -86, 94, 73, 50, -42, 56, -95, 87, -22, -53, 56, -92, -52, -74, -61, -23, -91, 22, 59, 27, 62, -16, -111, 25, -27, -16, 83, 76, -89, -71, -123, -93, -57, 40, 38, -105, 18, 17, -77, -49, -53, -102, 90, -92, -60, -44, 81, 117, 32, -73, -116, -13, 69, 35, 8, -49, -39, 18, 105, 89, 34, 90, 71, 63, 56, 111, 80, 105, 108, -82, 1, -54, -116, -30, -124, -18, -46, 16, 73, -90, -96, -7, -79, 57, -41, 7, 64, -73, 75, -116, 33, 24, -87, -117, -126, 54, -44, -46, 123, 8, -71, -36, -13, 57, 24, -38, -100, -64, 33, -26, 8, -111, -98, 99, -71, 53, -100, -94, -94, 105, 25, -71, 5, 73, -103, -109, 44, -128, -48, 101, -70, -58, -100, -122, -82, -86, -60, -96, -107, -48, -3, -43, 86, 112, 6, -70, 28, -44, 42, 52, 118, 82, -98, -22, 73, -74, 20, -93, -120, -15, -88, 120, 113, 94, -7, -3, -10, 58, 42, -17, -113, 26, 107, 40, -63, -45, -18, -81, 40, -3, 37, -33, -54, -100, 64, 90, -105, -120, -9, 105, -108, 104, -80, 100, 58, 12, -13, 14, -99, 113, -29, -67, 86, 73, 104, -118, -93, 6, -37, 116, 83, -19, 15, 104, -18, 47, -81, 111, 22, -42, 119, 104, -7, -71, 74, 19, -123, -57, -111, -41, 57, 0, 125, 13, 114, -9, 13, 8, 80, -4, -45, -107, 77, -103, 87, 82, 14, -6, -23, -127, 75, -46, -22, 69, -123, -33, -102, 80, 57, -71, 121, -74, 3, 115, -113, 51, -42, -81, -38, 92, 61, -73, 36, -110, -62, -56, -61, 61, -41, -69, -107, -25, -41, 1, -44, -18, 51, -53, -81, 79, -70, -72, -102, 109, -37, 52, 80, -14, 29, 110, 90, -38, -37, -35, 73, 88, 1, -54, 29, -41, 83, -52, 15, 46, 117, -45, 94, -66, 70, -118, -105, -100, 66, -38, -38, 88, -94, 6, 46, -7, 4, -92, -55, -94, -120, -63, -45, 76, 120, -20, 106, -124, -77, -13, 75, 63, -74, -36, 97, 102, 37, -53, 34, -106, 44, -53, -88, 26, 109, -82, 49, -31, -91, 18, -22, -26, 41, 5, -78, -40, 73, 51, 14, -17, -110, -32, -56, -68, -85, 44, -99, 112, 58, -25, 56, -59, 20, 61, 40, -75, 101, -58, -26, -127, 37, 55, 49, -103, 35, -109, 67, -52, 6, 80, 121, 120, 116, -81, 67, -20, -89, 29, -31, 79, 97, 21, -76, -73, 15, 13, -54, 40, 86, 51, 96, 115, -73, -105, -106, -101, -8, 98, -68, -50, 91, -39, 46, -124, 125, -30, -88, -111, 125, -50, 98, 113, -49, -96, 31, 60, 99, 115, 89, 109, 26, -37, -36, -21, 39, 54, 78, -118, 24, -112, 117, -14, -86, -57, -111, -29, 118, -116, -36, 19, 61, -26, -50, 22, -69, -120, -54, -102, -81, 49, 83, -99, 48, 70, -30, -83, -83, -117, -14, -13, 40, -64, -13, -83, -2, -113, 37, -114, 110, -56, 89, -52, 34, 16, -31, 74, 48, -58, 57, -71, 73, 94, 111, -98, 5, 55, -70, -108, 48, -28, 64, 43, -78, 57, 92, -121, -95, 37, 98, -40, -30, 96, 57, 72, -48, -44, 90, -53, -104, -28, 10, -72, -85, 68, 85, -13, -85, 109, -119, 36, 82, -118, -56, -125, -31, 86, -110, -41, 31, 17, 52, 112, 49, -10, -77, 91, -51, 70, -20, -91, 72, -113, 116, -36, -72, -26, -56, -96, 53, -66, -69, 85, -60, 36, 3, -127, -67, 96, -119, -104, -26, -107, -47, 117, 101, 37, -73, -14, -87, 123, 54, -71, -50, 42, -1, 0, 114, 85, 114, 106, 5, 105, 88, -88, -87, -36, 47, 92, -47, -95, -74, -120, 107, 47, -35, 83, -27, -83, -124, -94, -58, -111, -124, -37, 103, -35, 64, 71, -104, -88, 77, 4, 15, -126, 10, -81, -91, 23, -70, -42, -73, -56, 60, 41, 20, 38, -10, 111, -89, -115, 78, 27, 65, -110, 105, 42, 118, -53, -123, 54, -84, -110, -81, -86, -125, -3, -86, -62, 118, -61, -125, -9, 100, 43, 72, -57, -64, 46, 63, -67, 97, -11, -72, 107, -14, 51, 73, 88, -42, 88, 15, -62, 14, -108, 46, -29, 29, 53, -92, -78, -10, -62, -44, 124, 16, 22, -2, 103, 2, -86, 73, -37, 25, 0, -3, -108, 81, 47, -85, 115, 86, 111, -44, 112, 46, -10, 27, 29, 39, 118, -39, -40, 84, 90, -33, -101, 117, 21, -57, 92, 118, -65, -120, 54, 121, 39, -126, 63, -27, -117, 95, -68, -43, 23, -19, 47, 22, 115, -91, -4, -96, 31, -35, 69, 31, -123, 71, -36, -15, -10, 76, 78, -114, -5, -39, -120, -40, 98, -76, -74, 36, -100, -102, -31, -31, -29, -41, -31, 63, 105, 119, 114, -25, -50, 70, 31, -38, -123, 39, 29, -30, 76, 127, 103, 61, -62, -7, -9, -122, -95, -6, -74, -5, 68, -102, -119, -24, -80, 88, -80, 57, 31, 13, 95, -118, 17, 30, -58, -68, -91, 56, -89, 25, 118, -49, -73, 95, 127, -9, -112, 63, -67, 90, -121, -118, 113, -108, 63, -6, -37, -109, -4, -41, 77, -3, -77, 81, 47, 85, -117, -3, 127, -47, -89, 20, 122, -103, -116, 98, -94, 97, 70, -34, -68, -14, 14, 55, -58, 65, -46, -20, -6, 52, -123, -65, -67, 48, -73, -29, 124, 111, -2, -20, 109, -3, 53, 11, -43, 113, -82, 81, 126, -28, 78, -64, -38, 64, 84, -29, 35, 77, -63, -38, -66, 117, -3, 36, 89, 92, 88, 118, -126, -17, 51, -67, -44, 65, -108, 25, -28, 64, -84, 88, -82, -60, 87, -75, 67, -57, 120, -127, -1, 0, 22, 40, -113, -53, 21, -30, -65, -92, 14, 39, 117, -57, 120, -11, -19, -44, 113, -72, -73, 82, -86, 28, 70, 116, 10, -95, 78, 78, 49, -65, 74, -24, -57, -42, 99, -22, 31, -57, -80, -45, -115, -20, 114, -23, 52, 16, -37, -76, 102, 37, 45, 42, -31, -28, -50, 88, 48, 36, -114, 95, 13, -58, 71, 94, 90, -119, 110, -8, -123, 48, 20, 126, -20, -79, 37, -114, 72, -24, 112, 107, -87, -31, -99, -125, -68, -68, -31, -80, 95, 64, -62, 71, -107, -49, -20, 8, 49, -78, -128, 9, -44, -99, -74, -12, -44, 82, 110, 53, -62, 111, 120, 44, -26, -54, -12, -56, -114, -64, 50, -123, -109, 66, -65, -113, -2, 106, -29, -105, 28, -37, -118, 123, -102, 90, 22, -119, -117, 18, 7, 123, -81, -119, -49, -67, -80, -51, 110, 70, -26, 33, 4, 92, -18, 1, 3, 27, -109, -90, -92, 85, -71, -8, 79, 16, 107, 41, -81, 86, -58, 101, -75, 93, 28, -88, -8, 78, 51, -106, 4, -28, 14, -71, -86, -111, -62, -46, -25, -69, 94, 83, -114, -103, 98, -33, -97, -91, 90, -95, 108, 104, 93, 57, 85, 105, 25, -92, 24, -41, -99, -119, 39, -56, -7, 85, -21, 25, -118, -121, 46, -62, 57, 0, -36, 13, 65, -50, -122, -70, -103, -69, 15, -60, -102, -50, 43, -5, 86, 23, 44, -22, -84, 83, -108, -85, -74, 113, -65, 54, -71, 30, 122, -41, 53, -60, 98, 110, 25, 48, -114, 107, 110, 75, -128, 57, -52, 108, 6, 72, 58, 107, -41, -21, -29, -102, -54, 57, -95, -111, -44, 25, 45, -89, -79, -17, -33, -93, -34, 86, -20, -91, -118, 34, -86, -14, 2, 31, -107, -108, -28, -28, -27, -76, 39, 115, -13, -82, -119, -48, 46, -58, -68, -125, -12, 91, -60, 98, -68, -76, -69, -123, 72, -114, -31, 36, 15, -110, 73, 44, -92, 99, 63, 44, 125, -11, -34, -91, -60, -47, 109, 112, 126, 76, 107, -105, 47, -85, -82, -97, 35, -57, 40, -16, 70, -53, 99, -92, 72, -13, -74, -76, 85, -128, 117, 21, -51, 55, 18, -99, 127, -9, 108, 7, -121, 49, -95, -98, 40, -8, -55, -71, -101, -48, 49, 21, -97, -33, 96, -1, 0, 70, 53, -92, -22, -3, -100, -115, -9, -83, 119, 88, -36, -118, -29, -37, -116, -111, -2, 124, -39, -1, 0, -28, 53, 6, -29, -78, 32, -56, -72, -109, -3, 102, -102, -11, -75, -34, 12, 119, 19, -75, -115, -71, 91, 2, -89, -50, 75, 109, 92, 68, 125, -90, -71, 25, -61, 43, 15, -30, -42, -116, -99, -83, -111, 8, 18, -63, 27, 15, 34, 71, -9, -83, -31, -22, -72, 37, -7, 90, 5, 36, 118, -117, -126, 9, -56, -88, -123, 83, -26, 107, -100, -73, -19, 117, -101, 17, -34, 69, 42, 121, -24, 69, 48, -117, -76, 60, 46, 124, 98, -19, 20, -1, 0, 26, -30, -70, -95, -43, -31, -105, 18, 69, 90, 99, 22, 77, 107, 88, -83, 69, 117, 111, 63, -8, 83, -58, -28, -8, 56, -51, 17, -127, 29, 43, 117, 52, -8, 99, -40, -46, 22, -87, 21, -26, -42, -94, 42, 98, -104, -49, 21, 91, 25, 24, -32, -86, -113, -99, 25, 120, 107, -19, -128, 43, -81, -3, 77, 24, -8, 100, 111, -69, -14, -83, 14, 24, -128, -29, -99, -2, -17, -54, -66, 41, -25, 103, 61, 51, -105, 94, 21, 39, -39, 98, -65, 32, 104, -119, -63, 25, -121, -67, 35, 124, -64, 31, -38, -70, 97, -61, 99, 31, -26, 55, -35, -7, 84, -113, 15, 81, -77, -75, 79, -70, -62, -114, 122, 62, 7, 26, -22, 74, -73, -11, 26, -78, -100, 22, 35, -47, 71, -104, 38, -100, -117, 32, -65, 108, -3, 43, 94, -54, 115, -15, -100, 122, 82, 121, 101, -28, 84, 45, 94, 11, 107, -10, -105, 62, -90, -120, -68, 22, -53, -9, 7, -42, -81, -117, 76, -3, -78, 42, 94, -58, -33, 102, 81, -12, -87, 115, -105, -112, -94, -102, -16, -117, 17, -89, 116, 15, -52, -47, -109, -121, 89, 70, 125, -37, 116, -49, -103, -93, -2, -81, -108, -115, 37, 81, -11, -88, -2, -82, -70, -23, 60, 68, 121, -106, -4, -87, 106, -105, -112, -2, -115, -120, 96, 77, -96, -117, -23, 91, -62, 116, 69, 90, -48, -31, 119, 45, -15, 92, 66, -66, -103, 53, 49, -62, -104, 124, 119, -93, -6, 99, -1, 0, 122, -101, -112, -66, 94, 8, 23, -63, -9, 113, -12, 31, -107, 64, 96, 15, -123, 48, 119, -9, 6, -75, 117, 120, 125, -78, -97, -38, 77, 35, -6, -112, 40, -123, -20, 45, -64, 37, 84, 124, -63, -4, 104, 90, -5, 49, -88, -56, -94, -67, -21, 124, 17, -25, -7, 86, -125, 117, -62, 34, -65, 116, 123, -85, 24, 102, 104, -40, 50, 52, -79, -87, 42, 70, -40, -49, -87, -93, 94, -10, -105, -124, 89, -116, 60, -8, 36, 103, -107, 72, -49, -46, -111, 93, -10, -6, -43, 85, -67, -117, -121, -50, -17, -48, -54, 66, 3, -8, -42, -40, -15, 101, -69, 86, 27, 46, -29, 30, 17, -39, -72, -72, 74, -36, 45, -100, 88, -114, -26, 78, 121, 21, -36, 48, -16, -64, 30, 30, 91, 87, 27, -40, 14, -51, -40, 93, -114, 37, 114, -106, 113, -69, -37, 113, 25, 18, 41, 12, -92, 114, 5, 111, 116, 0, 8, -58, -61, 106, 37, -1, 0, 108, -72, -43, -48, 101, -74, 72, 109, 1, 24, 86, 65, -52, -61, -26, 105, 47, 102, -82, 120, -81, 103, -31, 120, 44, 103, 83, 19, -65, 59, 44, -118, 27, 39, -57, 59, -41, 124, 49, 101, 88, -90, -100, -2, 78, -127, 78, 58, 94, -25, -85, -5, 37, -57, -38, 72, -105, 58, -18, 52, -6, -26, -109, 118, -125, -78, 112, -15, -95, 3, 51, -61, 5, -60, 51, -92, -94, 112, -95, -119, -27, -24, 116, 25, -45, 77, 118, -92, -79, -10, -81, -116, 3, -17, -63, 108, -1, 0, -22, -4, -22, -28, 125, -84, -68, -9, 123, -53, 8, -113, -113, 35, -111, 92, 112, -23, -14, 98, -106, -88, 61, -55, 82, -118, -32, 117, 105, -64, 44, -84, 102, 121, -84, -32, -76, -126, 73, 70, 36, 120, -93, 85, 47, -21, -128, 60, 106, -55, -79, 99, -2, 108, 95, 64, 41, 84, 125, -88, -127, -65, -59, -78, -107, 125, 49, 86, -29, -19, 7, 12, -105, -30, 46, -98, -79, -102, -58, 120, -92, -35, -53, -112, -43, 22, 29, -72, 107, -25, 67, 19, 124, -24, 50, 112, -106, 39, 61, -38, 103, -42, -82, 71, 125, 99, 47, -8, 119, 9, -23, -100, 81, 75, -61, -116, -122, 39, -48, -44, 104, -94, -76, -57, -56, -91, -8, 75, 13, 121, 53, -14, 53, 90, 94, 13, 33, -44, 18, 62, 116, -5, -36, -36, 51, 124, -21, 68, 120, 107, -22, 106, -107, -82, 24, -100, 81, -53, -73, 4, -112, 19, -121, 57, -88, 126, -90, -67, -39, 101, 36, 121, -100, -41, 85, -54, -67, 64, -84, 33, 105, -21, -110, 21, 28, -88, -32, -105, -37, 101, 0, -11, -59, 26, 62, -49, -49, -97, 126, 100, 81, -4, 32, -109, 93, 33, -27, 29, 7, -46, -93, -52, -66, 95, 74, 107, 36, -71, 69, 10, 97, -32, -94, 45, -18, 28, -3, 7, -31, 87, 96, 19, -37, -1, 0, -123, 117, 50, -6, 72, 69, 29, -92, 81, -10, 71, -46, -96, 102, 30, 95, 74, 107, 36, -41, 14, -123, 108, -79, 31, 20, -30, 41, -89, -76, 6, -2, 101, 7, -16, -94, 14, 51, -60, 6, -26, 54, -2, -111, 84, 76, -93, -2, 10, -119, -101, -2, 98, -74, 93, 86, 117, -5, 49, -36, -68, -127, -3, 101, -90, 72, 3, -52, -102, 32, -67, 111, 3, 73, -60, -38, -24, 126, 91, 84, -124, -51, -53, -112, -52, 107, -97, 65, 90, -122, -34, -36, -33, -69, -12, -83, 11, -87, -113, 74, 84, -73, 12, 126, -41, -46, -90, 46, 24, 121, -118, 90, 71, 99, 81, 113, 33, -35, -79, -27, 82, -17, -36, 106, 90, -107, 9, -119, -41, 36, 15, 42, -112, -105, 63, 107, -21, 75, 72, -83, 13, 22, -27, -114, -20, 62, 117, 33, 40, 39, 124, 122, -46, -93, 41, -50, 65, 3, -17, -87, 9, 91, 76, -97, -83, 45, 32, -102, 27, -121, -41, 71, 31, 90, -97, 124, -61, 108, 31, -70, -108, -117, -113, 53, -2, -43, 33, 114, -64, 107, -51, -3, 58, -46, -46, 85, -95, -80, -108, -99, 115, 82, 51, 18, 49, -49, -118, 86, 39, -50, -60, -23, -67, 73, 101, 86, -44, 55, -49, 52, 49, 12, 89, 85, -74, 43, -11, -91, -105, -4, 28, -36, -99, 24, -29, -61, -104, -47, 13, -50, 14, -128, 15, 44, -47, 18, -24, 100, 97, -108, 31, 12, 80, -89, 37, -64, -102, 76, 68, -35, -112, -22, -117, 24, -12, 56, -95, -1, 0, -46, 50, -20, 81, 15, -93, -41, 74, 38, -26, 59, -21, -27, 91, -17, -120, -36, -100, 122, -102, -43, 117, 57, 23, 114, 125, -72, -100, -41, -3, 32, -25, 25, 80, 61, 26, -90, -67, -112, 24, -8, -79, 93, 50, -52, 15, -113, -52, -44, -42, 111, 23, 52, -66, -89, 39, -111, 44, 81, 57, -127, -39, 52, 27, -51, 69, 78, -51, 67, 31, -59, 114, -29, -56, 87, 73, -34, -89, 92, 26, -116, -115, 19, 125, -111, -11, -91, -11, 19, -14, 63, 110, 34, 33, -64, -83, 87, 119, -107, -65, -88, 126, 85, 49, -62, -84, -45, -20, 72, 127, -86, -101, 52, 40, 118, 113, 66, 107, 119, 43, -112, 70, 51, -71, 56, -93, -35, -109, -18, 78, -124, 80, 91, 123, 120, -2, 24, -2, -90, -117, -34, 42, -115, 35, 65, -113, 26, -109, -37, -56, 62, 37, 63, 42, 19, 68, -8, 36, 98, -115, 72, 85, 65, -106, -28, -2, -30, 125, 106, 94, -43, -90, 90, 60, 122, 26, -87, -54, -40, -23, -14, -88, -66, 122, -125, -14, -89, 104, 45, -105, 26, -23, 116, -56, 32, 121, -44, 77, -54, -8, -3, -11, 73, -80, 119, 111, -107, 64, -56, -85, -127, -111, 79, 97, 54, -53, -51, 58, -99, -100, 80, -53, -98, -123, 13, 82, 105, 65, -48, -107, -6, 80, -99, -108, 108, -96, -7, -45, 66, -44, -58, 6, 118, -40, 119, 127, 90, 27, 92, 56, -24, -108, -65, -30, 58, -115, 61, 107, 93, -56, -21, 51, 125, 106, -110, 38, -39, 120, -35, -73, -18, -3, -11, 3, 115, 47, 84, 31, -22, -86, -84, -83, -1, 0, 112, -125, -4, -43, 14, 71, 27, 75, -1, 0, -22, -102, 66, 114, 96, 26, 96, 117, 90, -59, -72, 40, 54, -46, -107, -121, 36, -25, -104, -113, -99, 109, -114, 119, 102, -5, -85, 77, 6, -74, 48, 75, -100, -99, -57, -42, -113, -52, -92, 100, -100, 31, 58, 80, 37, 69, 24, 36, 102, -120, -105, 35, 93, 6, -98, 38, -109, -128, -20, 104, -83, -125, -80, -49, -122, -11, 62, -8, -127, -98, 76, -113, 49, 74, -59, -64, 35, 77, 7, -112, -83, 53, -55, -50, 36, 76, -113, 28, 102, -89, 64, -84, 112, 38, 3, -31, 108, 120, -5, -72, -84, 91, -113, 123, 4, 28, 82, -107, -72, 1, 70, 24, 48, -24, 5, 17, 37, 36, -28, -126, 87, -46, -109, -128, -58, 126, -47, -4, 92, -89, -96, -58, 115, 90, -25, 36, 107, -87, 59, -28, 126, 53, 67, -68, 1, -14, 84, -28, -11, 11, -118, 42, -54, -97, 99, 126, -70, 10, -99, 33, 101, -27, -109, -108, -25, -98, -116, 46, 125, -34, 108, -87, 62, 34, -107, -121, 3, -4, -49, -20, 77, 25, 94, 66, -71, 50, 30, 83, -74, 64, 63, -123, 39, 18, -84, 98, -77, -31, 112, -84, -95, 79, -104, 21, 17, 41, 81, -66, 6, -25, -35, -86, 43, 33, 125, 68, -113, -97, 37, -83, 119, -59, 64, 13, -52, -6, 107, -98, -97, 33, 75, 72, 88, -60, 93, 1, -23, -29, -102, -103, -72, -24, -82, 1, -33, -107, -76, 52, -66, 55, 13, -16, -3, -30, -92, 100, 109, -70, -113, -31, 31, 118, 105, 105, 65, 99, 21, -72, 99, -15, 6, -11, -94, 36, -121, -2, 26, 82, -73, 15, -44, -82, 124, -58, 40, -117, 41, -15, 56, -13, -87, 112, 21, -114, 22, 93, 53, -4, -22, 70, 65, -29, 74, 22, -32, -125, -128, 113, -14, -94, 123, 67, 102, -95, -64, 118, 52, 14, 115, -109, -73, -99, 111, -68, -41, 83, -54, 52, 57, -13, 20, -80, 76, -33, 103, 67, -27, 68, 23, 7, 24, 39, -52, -125, -67, 45, 33, 99, 49, 112, -61, 99, -8, 84, -69, -2, 111, -119, 84, -46, -63, 63, 48, 39, 56, -11, -83, 36, -52, -121, 37, -127, 30, 32, 109, 70, -112, -79, -82, 32, 109, 74, 16, 124, -85, 66, 4, 124, -31, -122, -37, 98, -105, -117, -110, 78, 115, -111, -29, -79, -94, 11, -116, -24, 78, 7, -114, 106, 105, -114, -61, -53, 97, -43, 49, -25, -118, -85, 45, -128, 44, 50, 15, 48, -37, 76, -118, 42, 93, -98, 126, 80, 91, 3, 99, -102, 34, -35, 16, 113, -128, 71, -83, 52, -28, -121, -79, 66, 75, 39, 25, 35, -109, 35, 122, -81, 36, 69, 65, -56, 25, -89, 45, 58, 72, 64, -48, 31, 93, 106, 6, 53, 109, -50, 125, 106, -42, 70, 75, 72, 66, -47, -25, 66, 51, -118, 19, -62, 63, 116, 124, -123, 60, 107, 24, -40, 28, 29, 73, -45, 90, -83, 61, -117, -81, 64, -43, -94, -56, -119, 113, -16, 38, 60, -70, -24, 71, -123, 12, -100, 125, -80, 62, 85, 126, 88, 93, 24, -85, 68, 66, -12, 7, -3, -86, -79, -115, 67, 16, 65, 35, -57, 66, 107, 104, -76, -55, 104, -26, 81, -40, -11, -58, -99, 40, -127, -37, 56, -49, -115, 101, 101, 117, 48, 8, -70, -77, 19, -82, 54, -96, 72, -60, -54, 118, -36, 116, 21, -107, -108, -94, 53, -56, 69, -111, -61, -32, 49, 3, 30, 53, 57, 29, -71, 7, -68, 119, -4, 107, 43, 40, -112, 48, -78, 124, 123, -111, -91, 110, 57, 28, -98, 92, -23, -102, -35, 101, 64, -119, 65, 35, -107, -43, -40, -6, -102, 48, 3, 59, 117, -84, -84, -88, 99, 68, -121, -38, 52, 66, -60, 71, -90, -107, -107, -107, 33, 34, 92, -60, 38, 116, 39, -50, -94, -77, 54, 25, -41, 10, 67, 99, 65, 89, 89, 82, -122, 16, 18, -48, 9, 11, 28, -73, -98, -44, 118, 99, -18, 12, -28, 86, 86, 84, -80, 54, -57, 57, -50, -70, 86, -56, -60, 121, 26, 31, -10, -84, -84, -87, 99, 102, -41, 87, -83, -119, 24, 72, 71, 77, 43, 43, 40, 36, 41, 118, 80, 72, 39, 92, 86, -111, -55, 63, 42, -54, -54, 72, 100, -7, -113, 49, -14, -51, 77, 29, -126, 3, -109, -100, 86, 86, 84, -79, 18, 82, 91, -109, -104, -109, -100, 102, -92, 119, 35, 29, 43, 43, 42, 70, 109, -16, -40, 12, -93, 24, -94, 40, -62, 18, 52, -64, -48, 86, 86, 80, -64, -108, 100, -70, 6, 59, -42, -71, -40, 54, 1, -46, -78, -78, -89, -72, -40, 68, 99, -55, -100, -21, -118, -97, 59, 16, 50, 126, -41, -27, 89, 89, 72, 9, -32, 49, 33, -70, -43, 121, 109, -29, 4, -31, 113, -83, 106, -78, -124, -35, -115, 31, -1, -39]]
2026-05-30 14:04:19:292 | [BookPort] | INFO  | com.example.BookPort.auth.controller.v1.RegistrController | RegistrController--> Sending call to AuthRegisterService.
2026-05-30 14:04:19:292 | [BookPort] | INFO  | com.example.BookPort.auth.controller.v1.RegistrController | RegistrController--> Returning from register controller.
2026-05-30 14:04:38:960 | [BookPort] | INFO  | org.springframework.boot.devtools.autoconfigure.LocalDevToolsAutoConfiguration$RestartingClassPathChangeChangedEventListener | Restarting due to 1 class path change (0 additions, 0 deletions, 1 modification)
2026-05-30 14:04:38:971 | [BookPort] | INFO  | org.springframework.boot.tomcat.GracefulShutdown | Commencing graceful shutdown. Waiting for active requests to complete
2026-05-30 14:04:38:974 | [BookPort] | INFO  | org.apache.coyote.http11.Http11NioProtocol | Pausing ProtocolHandler ["http-nio-8081"]
2026-05-30 14:04:38:986 | [BookPort] | INFO  | org.springframework.boot.tomcat.GracefulShutdown | Graceful shutdown complete
2026-05-30 14:04:38:987 | [BookPort] | INFO  | org.apache.coyote.http11.Http11NioProtocol | Stopping ProtocolHandler ["http-nio-8081"]
2026-05-30 14:04:38:991 | [BookPort] | INFO  | org.springframework.orm.jpa.LocalContainerEntityManagerFactoryBean | Closing JPA EntityManagerFactory for persistence unit 'default'
2026-05-30 14:04:38:997 | [BookPort] | INFO  | com.zaxxer.hikari.HikariDataSource | HikariPool-1 - Shutdown initiated...
2026-05-30 14:04:39:005 | [BookPort] | INFO  | com.zaxxer.hikari.HikariDataSource | HikariPool-1 - Shutdown completed.
2026-05-30 14:04:39:092 | [BookPort] | INFO  | com.example.BookPort.BookPortApplication | Starting BookPortApplication using Java 21.0.8 with PID 18244 (D:\Project\BookPort\bin\main started by lenovo in D:\Project\BookPort)
2026-05-30 14:04:39:092 | [BookPort] | INFO  | com.example.BookPort.BookPortApplication | No active profile set, falling back to 1 default profile: "default"
2026-05-30 14:04:39:306 | [BookPort] | INFO  | org.springframework.data.repository.config.RepositoryConfigurationDelegate | Bootstrapping Spring Data JPA repositories in DEFAULT mode.
2026-05-30 14:04:39:334 | [BookPort] | INFO  | org.springframework.data.repository.config.RepositoryConfigurationDelegate | Finished Spring Data repository scanning in 25 ms. Found 1 JPA repository interface.
2026-05-30 14:04:39:443 | [BookPort] | INFO  | org.springframework.boot.tomcat.TomcatWebServer | Tomcat initialized with port 8081 (http)
2026-05-30 14:04:39:445 | [BookPort] | INFO  | org.apache.coyote.http11.Http11NioProtocol | Initializing ProtocolHandler ["http-nio-8081"]
2026-05-30 14:04:39:445 | [BookPort] | INFO  | org.apache.catalina.core.StandardService | Starting service [Tomcat]
2026-05-30 14:04:39:446 | [BookPort] | INFO  | org.apache.catalina.core.StandardEngine | Starting Servlet engine: [Apache Tomcat/11.0.21]
2026-05-30 14:04:39:473 | [BookPort] | INFO  | org.springframework.boot.web.context.servlet.WebApplicationContextInitializer | Root WebApplicationContext: initialization completed in 377 ms
2026-05-30 14:04:39:521 | [BookPort] | INFO  | org.hibernate.orm.jpa | HHH008540: Processing PersistenceUnitInfo [name: default]
2026-05-30 14:04:39:554 | [BookPort] | INFO  | org.springframework.orm.jpa.persistenceunit.SpringPersistenceUnitInfo | No LoadTimeWeaver setup: ignoring JPA class transformer
2026-05-30 14:04:39:555 | [BookPort] | INFO  | com.zaxxer.hikari.HikariDataSource | HikariPool-2 - Starting...
2026-05-30 14:04:39:574 | [BookPort] | INFO  | com.zaxxer.hikari.pool.HikariPool | HikariPool-2 - Added connection com.mysql.cj.jdbc.ConnectionImpl@7463ee7b
2026-05-30 14:04:39:574 | [BookPort] | INFO  | com.zaxxer.hikari.HikariDataSource | HikariPool-2 - Start completed.
2026-05-30 14:04:39:577 | [BookPort] | INFO  | org.hibernate.orm.connections.pooling | HHH10001005: Database info:
	Database JDBC URL [jdbc:mysql://localhost:3306/library_management]
	Database driver: MySQL Connector/J
	Database dialect: MySQLDialect
	Database version: 8.0.39
	Default catalog/schema: library_management/undefined
	Autocommit mode: undefined/unknown
	Isolation level: REPEATABLE_READ [default REPEATABLE_READ]
	JDBC fetch size: none
	Pool: DataSourceConnectionProvider
	Minimum pool size: undefined/unknown
	Maximum pool size: undefined/unknown
2026-05-30 14:04:39:640 | [BookPort] | INFO  | org.hibernate.orm.core | HHH000489: No JTA platform available (set 'hibernate.transaction.jta.platform' to enable JTA platform integration)
2026-05-30 14:04:39:641 | [BookPort] | INFO  | org.springframework.orm.jpa.LocalContainerEntityManagerFactoryBean | Initialized JPA EntityManagerFactory for persistence unit 'default'
2026-05-30 14:04:39:723 | [BookPort] | WARN  | org.springframework.boot.jpa.autoconfigure.JpaBaseConfiguration$JpaWebConfiguration | spring.jpa.open-in-view is enabled by default. Therefore, database queries may be performed during view rendering. Explicitly configure spring.jpa.open-in-view to disable this warning
2026-05-30 14:04:39:823 | [BookPort] | INFO  | org.apache.coyote.http11.Http11NioProtocol | Starting ProtocolHandler ["http-nio-8081"]
2026-05-30 14:04:39:828 | [BookPort] | INFO  | org.springframework.boot.tomcat.TomcatWebServer | Tomcat started on port 8081 (http) with context path '/'
2026-05-30 14:04:39:831 | [BookPort] | INFO  | com.example.BookPort.BookPortApplication | Started BookPortApplication in 0.776 seconds (process running for 35.956)
2026-05-30 14:04:39:835 | [BookPort] | INFO  | org.springframework.boot.devtools.autoconfigure.ConditionEvaluationDeltaLoggingListener | Condition evaluation unchanged
2026-05-30 14:04:41:824 | [BookPort] | INFO  | org.apache.catalina.core.ContainerBase.[Tomcat].[localhost].[/] | Initializing Spring DispatcherServlet 'dispatcherServlet'
2026-05-30 14:04:41:824 | [BookPort] | INFO  | org.springframework.web.servlet.DispatcherServlet | Initializing Servlet 'dispatcherServlet'
2026-05-30 14:04:41:824 | [BookPort] | INFO  | org.springframework.web.servlet.DispatcherServlet | Completed initialization in 0 ms
2026-05-30 14:04:41:859 | [BookPort] | INFO  | com.example.BookPort.auth.controller.v1.RegistrController | RegistrController--> Inside register controller.
2026-05-30 14:04:41:859 | [BookPort] | INFO  | com.example.BookPort.common.util.IdGenerator | IdGenerator--> IdGenerator bean created for module 1
2026-05-30 14:04:41:859 | [BookPort] | INFO  | com.example.BookPort.common.util.IdGenerator | IdGenerator--> Inside generateId for module 1
2026-05-30 14:04:41:859 | [BookPort] | INFO  | com.example.BookPort.common.util.IdGenerator | IdGenerator--> current MilliSecond 1780130081859
2026-05-30 14:04:41:859 | [BookPort] | INFO  | com.example.BookPort.common.util.IdGenerator | IdGenerator--> lastTimestamp -1
2026-05-30 14:04:41:859 | [BookPort] | INFO  | com.example.BookPort.common.util.IdGenerator | IdGenerator--> counter: 0
2026-05-30 14:04:41:859 | [BookPort] | INFO  | com.example.BookPort.common.util.IdGenerator | IdGenerator--> counter post millisecond check: 0
2026-05-30 14:04:41:859 | [BookPort] | INFO  | com.example.BookPort.common.util.IdGenerator | IdGenerator--> RETURNING ID : 2615001050681859000
2026-05-30 14:04:41:859 | [BookPort] | INFO  | com.example.BookPort.auth.controller.v1.RegistrController | RegistrController--> Registration ID generated: 2615001050681859000
2026-05-30 14:04:41:864 | [BookPort] | INFO  | com.example.BookPort.common.util.IdGenerator | IdGenerator--> Inside generateId for module 1
2026-05-30 14:04:41:865 | [BookPort] | INFO  | com.example.BookPort.common.util.IdGenerator | IdGenerator--> current MilliSecond 1780130081864
2026-05-30 14:04:41:865 | [BookPort] | INFO  | com.example.BookPort.common.util.IdGenerator | IdGenerator--> lastTimestamp 1780130081859
2026-05-30 14:04:41:865 | [BookPort] | INFO  | com.example.BookPort.common.util.IdGenerator | IdGenerator--> counter: 0
2026-05-30 14:04:41:865 | [BookPort] | INFO  | com.example.BookPort.common.util.IdGenerator | IdGenerator--> counter post millisecond check: 0
2026-05-30 14:04:41:867 | [BookPort] | INFO  | com.example.BookPort.common.util.IdGenerator | IdGenerator--> RETURNING ID : 2615001050681864000
2026-05-30 14:04:41:871 | [BookPort] | INFO  | com.example.BookPort.auth.controller.v1.RegistrController | RegistrController--> Incoming request: AuthRegisterRequestDto [registrationId=2615001050681864000, username=abhogal7, name=Aman Singh Bhogal, email=aman5@example.com, mobNumber=9427461183, gender=null, dob=Sun Sep 22 00:00:00 IST 2002, status=PENDING, createdAt=null, updatedAt=null, password=Password@123, govIdFront=[-1, -40, -1, -32, 0, 16, 74, 70, 73, 70, 0, 1, 1, 0, 0, 1, 0, 1, 0, 0, -1, -37, 0, -124, 0, 9, 6, 7, 8, 7, 6, 9, 8, 7, 8, 10, 10, 9, 11, 13, 22, 15, 13, 12, 12, 13, 27, 20, 21, 16, 22, 32, 29, 34, 34, 32, 29, 31, 31, 36, 40, 52, 44, 36, 38, 49, 39, 31, 31, 45, 61, 45, 49, 53, 55, 58, 58, 58, 35, 43, 63, 68, 63, 56, 67, 52, 57, 58, 55, 1, 10, 10, 10, 13, 12, 13, 26, 15, 15, 26, 55, 37, 31, 37, 55, 55, 55, 55, 55, 55, 55, 55, 55, 55, 55, 55, 55, 55, 55, 55, 55, 55, 55, 55, 55, 55, 55, 55, 55, 55, 55, 55, 55, 55, 55, 55, 55, 55, 55, 55, 55, 55, 55, 55, 55, 55, 55, 55, 55, 55, 55, 55, 55, 55, -1, -64, 0, 17, 8, 0, -108, 1, 14, 3, 1, 34, 0, 2, 17, 1, 3, 17, 1, -1, -60, 0, 28, 0, 0, 2, 2, 3, 1, 1, 0, 0, 0, 0, 0, 0, 0, 0, 0, 0, 3, 5, 2, 4, 0, 1, 6, 7, 8, -1, -60, 0, 65, 16, 0, 2, 1, 3, 2, 3, 5, 5, 4, 8, 5, 3, 5, 0, 0, 0, 1, 2, 3, 0, 4, 17, 33, 49, 5, 18, 65, 6, 19, 81, 97, 113, 20, 34, 50, -127, -111, 66, -95, -63, -47, 7, 21, 35, 82, 98, 114, -126, -79, 51, 67, -110, -31, -16, 22, 83, -15, 52, 68, 115, -109, -94, -1, -60, 0, 26, 1, 0, 3, 1, 1, 1, 1, 0, 0, 0, 0, 0, 0, 0, 0, 0, 0, 0, 1, 2, 3, 4, 5, 6, -1, -60, 0, 40, 17, 0, 2, 2, 1, 3, 3, 3, 4, 3, 0, 0, 0, 0, 0, 0, 0, 0, 1, 2, 17, 3, 18, 33, 49, 4, 65, 81, 5, 19, 34, 20, 21, 50, 66, 97, -127, -95, -1, -38, 0, 12, 3, 1, 0, 2, 17, 3, 17, 0, 63, 0, -13, 108, 84, -46, 38, 109, -75, -84, 2, -92, -71, 31, 9, 34, -66, -124, -15, -84, -63, 25, 27, -125, 83, -18, -21, 57, -53, 111, 83, 86, 56, -42, -127, 89, 16, -75, 32, 42, 65, -65, -122, -120, 27, 77, -121, -46, -102, 17, -91, 20, 104, -50, 58, 100, 86, -108, -7, 15, -91, 16, 107, -48, 80, 38, 25, 38, 11, -94, -88, -59, 77, -97, -97, 29, 40, 10, 40, -118, 41, -47, 45, -122, 10, 60, 86, -120, -76, 53, 20, 100, 90, 100, -123, 78, 118, -9, 70, -85, -46, -116, -79, -107, -8, -76, -95, 38, 87, 111, -70, -118, -96, -17, -110, 73, -15, -96, 65, 20, 81, 80, 84, 16, 81, -44, 80, 34, 104, -75, 97, 5, 14, 49, 86, 80, 84, 48, 38, -126, -84, 34, -44, 17, 122, -43, -120, -93, 102, 56, 85, 36, -8, 1, 89, -71, 34, -46, 101, -2, 21, 99, -19, -20, -16, 38, 22, 64, 57, -107, -67, 43, -91, -32, 118, 83, 88, 67, 50, -80, -60, -124, -12, -37, -27, 72, 56, 36, -122, -34, -19, 93, 84, -77, 96, -116, 1, -83, 117, 54, -9, -20, -17, -56, -15, -108, 108, 103, 4, 98, -72, 122, -119, 74, -24, -17, -23, -29, 30, 123, -108, 56, -68, 45, 113, 18, -27, 71, 120, -97, 9, -95, -61, 24, -122, 62, -19, 23, 3, -87, -3, -22, -67, 112, 121, -51, 7, -69, -14, -84, -93, 45, -88, -42, 81, -7, 106, 55, 29, 77, -100, -88, 10, -75, 16, -104, 27, 86, -71, 117, -92, -54, 15, 30, 15, -81, 90, -73, 24, -86, 74, 113, -118, -67, 110, -68, -29, 122, -50, 69, -60, 60, 122, 10, 42, -44, 85, 49, 82, -38, -77, 53, 52, 85, 114, 67, 96, -126, 122, -118, -33, 74, -39, -38, -94, 13, 0, 42, -67, -110, 83, 33, 71, -9, 84, 108, 60, 106, -83, 57, -71, -73, -114, -32, 2, 91, 12, 54, 34, -86, -120, 22, -33, 73, 19, -68, -50, -51, 90, -87, -86, 49, -108, 29, -97, 48, -14, -42, -15, 69, -27, -14, -84, -27, -14, -81, 112, -14, -20, 24, 90, -112, 21, 48, -75, 32, -96, 80, 34, 32, 81, 21, 107, 97, 104, -118, 40, 17, -118, 40, -118, 43, 21, 104, -86, -76, -60, 104, 10, 42, -83, 96, 90, 34, -83, 49, 27, 85, -93, 32, -88, -88, -94, -86, -48, 34, 74, 40, -56, -75, 5, 20, 116, 20, 18, 77, 22, -114, -119, 80, -116, 109, -91, 117, -10, 125, -101, -74, -70, -32, 113, -34, 91, -68, -83, 55, 46, -85, -47, -50, 118, -84, -78, -27, 88, -22, -53, -122, 55, 55, -15, 17, -16, -34, 27, 115, -60, 36, 41, 105, 17, -111, -108, 115, 31, 120, 12, 15, -99, 118, 92, 47, -77, 16, 90, 93, 36, -13, -49, -34, -29, 7, -69, 100, 26, 31, 58, -33, 10, -114, -42, 23, 105, -83, 99, 8, -52, -95, 78, -124, 109, -75, 93, 105, 88, -71, 53, -25, -26, -49, 57, 58, 92, 29, -8, -80, -62, 42, -33, 37, -104, -8, 55, 14, 25, 100, -76, -125, 87, 44, 73, 92, -111, -23, 87, 87, -70, 67, -92, 105, -112, 52, -64, -23, 75, -31, -99, -41, 99, -67, 100, -78, -76, 106, 92, 12, -80, -40, 87, 51, 77, -67, -39, -46, -100, 82, -39, 27, 19, 91, 69, 117, 35, -92, 28, -100, -5, -80, 24, -26, -96, -36, 93, -57, 113, 112, -116, -54, 65, -113, 60, -104, 29, 14, 55, -86, 50, -35, -103, 9, -25, 62, -15, -5, 62, 21, 4, -63, -15, -51, 90, -123, 25, 57, -115, 99, 2, 81, -111, -82, 40, -94, 61, 54, -96, -40, -57, -53, -93, 28, 18, 116, -51, 48, 72, -11, 21, 18, 116, -51, -94, -83, 21, -69, -83, 54, -95, -76, 120, -90, 13, -54, -93, -50, -76, 99, -120, -116, -79, -59, 78, -95, -23, 23, -123, 57, 26, 31, -91, 92, -73, 96, -121, 93, 42, 38, 95, -119, 84, 124, 63, 125, 12, 30, 125, 73, -94, -20, 18, -95, -110, -100, -118, -58, 56, -96, 70, -40, 81, 88, -20, 15, -115, 69, 23, 102, -35, -51, 68, 62, 40, 78, -58, -122, 88, -45, -95, 89, 111, -104, 81, 57, -44, -113, 120, 103, 21, 67, -100, -42, -60, -124, 81, 67, -77, -63, -41, -78, -100, 97, -83, 13, -46, -38, 115, 71, -116, -128, -83, -106, 35, -46, -88, -55, -62, 111, -29, -116, -56, -10, 83, 42, 40, -55, 102, 92, 1, 94, -73, -62, 120, -27, -107, -38, -14, 66, -31, 72, -45, -105, 108, -46, -66, -35, -53, 114, -4, 55, -71, -75, 28, -53, 33, -52, -124, 111, -118, -12, -29, -44, 77, -50, -102, 60, -41, -122, 58, 109, 51, -50, -72, 95, 12, 126, 33, 43, 34, -70, -58, 20, 106, -51, 86, 110, -72, 58, -37, 70, -54, -45, -85, -50, 14, -61, -62, -123, 11, 24, -78, 8, 57, -49, -114, 49, 86, -51, -52, 79, -126, -22, 73, 11, -128, -89, 99, 93, 50, -69, -40, -63, 85, 10, -28, -74, -110, 28, 119, -120, 84, 29, -119, 27, -42, -128, 25, -63, -34, -70, 20, -102, 62, 33, 8, -118, 126, 72, -93, 77, -78, 112, 69, 91, -31, -4, 11, -122, -36, 69, 38, 110, -3, -32, 14, 50, 113, 71, -71, 92, -117, 77, -16, 114, -22, -72, 25, 58, 81, 21, 115, -80, 63, 74, -23, 120, 21, -107, -110, 25, 94, 118, 66, -24, 112, 27, 124, -4, -85, -89, -105, -122, -16, -117, -69, 85, -73, 107, 120, -69, -48, -92, -85, 69, -128, 114, 125, 42, 101, -99, 39, -63, 81, -58, -38, -28, -13, 117, 95, 26, 42, -83, 49, -30, -36, 45, -84, 46, -28, -115, 68, -116, -120, 6, 93, -105, 26, -1, 0, -52, 85, 68, 94, -67, 43, 104, -55, 73, 90, 50, -110, 113, -39, -102, 85, -14, -93, 42, -47, 33, -127, -28, 96, -79, -93, 51, 19, -128, 20, 100, -102, -71, 63, 15, -71, -75, 115, 29, -51, -68, -79, 56, 25, 33, -41, 26, 81, -87, 45, -104, -110, 111, 116, 84, 85, -94, -94, -22, 41, -27, -113, 103, 37, -98, -38, 59, -121, -99, 17, 24, 100, -116, 106, -75, -87, 123, 63, 117, 28, -100, -79, 21, -112, 116, 35, 74, -113, 118, 23, 86, 63, 110, 85, 116, 84, -31, -10, -85, 60, -63, 93, -71, 80, 110, -34, 21, -24, 60, 22, 104, 34, -77, 17, 91, 114, -80, 93, 52, 53, -60, -89, 11, -65, -128, -107, -18, 28, -125, -15, 5, -89, 92, 39, -122, -15, 27, 107, -108, 43, 19, -92, 79, -71, 36, 87, 55, 80, -93, 37, -55, -45, -127, -72, 62, 14, -78, -39, 64, 113, -123, -50, 117, -55, 21, -69, -59, 73, 55, -9, 66, -11, -57, 90, -126, -5, 64, 88, -33, -105, 109, 49, -102, 52, -28, -53, 25, 82, 112, 119, 58, 87, -100, -7, 61, 5, -70, 23, -62, -20, -31, -121, 33, 1, 118, 39, -83, 17, -27, -18, -30, 119, -54, -110, -85, -79, 53, 97, -96, -26, -119, 79, 54, 0, -40, 120, -46, -114, 61, 8, 101, -17, 57, -80, -60, 0, 84, 85, -57, 118, 68, -66, 40, 92, -46, -76, -78, 23, 56, -44, -25, 74, -75, 110, -84, -20, 0, -86, 17, -18, 0, 26, 83, -98, 22, -63, 27, 44, -71, -83, -25, -78, 57, -15, -18, -58, -80, -122, 76, 22, 57, -94, 61, -55, 78, -103, -86, -73, 19, 16, -70, 109, 85, -60, -124, -99, 14, 107, -106, -84, -22, -70, 47, -5, 66, -79, -55, 6, -79, -7, -89, 66, 35, -40, 117, -51, 5, 1, -64, -56, -56, -85, 22, -84, -79, -125, -125, -116, -12, -95, -20, 82, -36, -81, 108, 102, 89, 88, -78, 28, -114, -92, 85, -120, -62, 62, 85, -68, 104, -83, 113, 24, 24, -48, -102, -87, 35, -14, 18, -54, -89, 94, -76, -71, 14, 11, -68, -70, 96, 26, -125, -87, 80, 58, -43, 104, -91, 36, -4, 85, 118, 50, 10, -21, -42, -109, -40, 107, 114, -77, 102, -74, 23, -101, 97, 69, -112, 5, -83, 25, 21, 62, 17, 64, -24, -120, -127, -79, -102, -113, 119, -115, -51, 16, 94, 70, -93, 86, -91, -9, 87, -103, 127, 116, -23, 70, -30, 109, 35, -52, -82, -82, 44, -117, -76, -112, 56, 89, 64, -9, 89, 70, 42, -117, 113, -69, -41, -124, -60, -20, -78, 47, -117, 111, 66, -18, 61, 107, 94, -49, -27, 94, -60, 99, 21, -55, -28, 60, -115, -117, -39, 11, 63, 55, 90, -48, -115, -87, -113, -77, -97, 10, -33, -77, -26, -76, -44, -120, -90, 80, -28, 39, 122, 34, 43, 3, -85, 17, 87, 61, -102, -119, 29, -93, -56, 112, -120, 88, -17, -96, -95, -76, 27, -127, -74, 10, -78, -122, 125, 71, 92, 83, 14, 29, 115, 29, -83, -46, -52, -124, -128, -89, 32, -99, 107, 35, -31, 55, -114, 50, -74, -14, 99, -7, 104, -16, 112, -103, -106, 104, -110, 104, -54, -93, 54, -67, 113, 81, 39, 23, -55, 113, -44, -72, 59, 11, 9, -31, -30, 48, -107, -103, 20, -13, 46, 10, -80, -50, -97, -107, 14, -17, -77, 28, 54, 75, 102, -114, 40, -42, 23, 119, 4, 58, -115, 71, -91, 57, -32, -10, 54, 118, -10, -54, -79, -59, -115, 48, 89, -66, 35, -13, -93, -67, -78, -13, 21, 26, -83, 121, -81, 43, -116, -66, 44, -12, 22, 52, -29, -14, 71, 57, -63, 120, 82, -16, -71, -104, 58, -58, -19, -51, -107, -108, 40, -55, 30, 21, -43, -107, 89, -19, 94, 57, -108, 72, -82, 10, -80, -15, 6, -86, 61, -86, -17, -51, -125, 67, -122, -36, 6, -28, 73, -101, 93, -13, 74, 114, -42, -19, -79, -62, 26, 21, 80, -65, -116, 114, 90, -73, 50, 42, 8, -16, 2, -86, -29, 24, -91, 23, 28, 66, -22, 120, -64, -116, 48, 7, 113, -115, -87, -19, -9, 14, 120, -26, 105, 21, -124, -118, -33, 101, -86, -76, 62, -47, 17, -18, -47, 35, 40, 79, -68, -104, -83, 97, 40, -41, -109, 25, -58, 87, -32, 47, 9, 49, -83, -84, 125, -31, 118, 56, -55, -55, -21, 87, 19, -118, -58, -110, -70, -55, -112, -67, 42, -83, -52, -42, -42, 112, 73, 51, -107, 64, -117, -52, -39, -39, 107, -50, -81, -69, 108, -105, 82, -81, -77, 97, -97, -104, 126, -55, 70, -66, -128, -11, -15, -41, 27, 15, 26, -61, 36, -30, -99, -78, -11, 56, 42, 71, -86, -89, 17, -117, -97, 42, -40, 67, -71, 38, -93, 113, 125, 27, 74, 121, 95, 74, -15, 11, -18, -45, 113, 86, -102, 104, -31, -119, -71, 99, -62, -70, -9, -127, -76, 7, 57, -56, 27, -45, 46, 25, -37, 43, -89, -99, -51, -62, -26, 36, 62, -14, -86, 96, -81, -49, 93, 63, -26, 107, 37, -105, 29, -16, 39, -106, 71, -86, -36, 92, -69, -123, -18, -37, 110, -126, -88, 92, -51, 47, 121, -5, 82, 65, 62, 52, -115, 59, 79, 105, 19, 102, 73, -107, 1, -63, 25, 56, -9, 73, -64, 56, -4, 41, -77, -15, 24, 56, -116, 8, -32, -13, 48, 26, 21, -4, 107, -94, 45, 94, -60, -71, 89, 20, 30, -9, 49, -85, -16, 74, 83, -31, 56, -91, -27, -76, -94, 68, -25, -58, -76, 123, -119, 58, 29, 91, 58, -50, 64, -112, -32, 13, -22, -55, -74, 80, -54, 80, -23, -42, -108, -119, 0, -117, 0, 124, -24, -80, -33, -14, 46, 36, 108, -118, -55, -59, -10, 55, 82, 75, -111, -116, -81, -35, -116, 19, -12, -91, 115, 93, 58, 49, -63, 56, -13, -93, -75, -60, 114, 16, -51, -95, -58, 6, 40, 114, -63, 28, -117, -107, 109, 105, 47, -28, 37, -65, 5, 101, -71, 110, 108, -28, -26, -82, -37, 75, 36, -24, -36, -52, -27, 87, -88, -86, 109, 104, -32, 103, 25, -88, -60, -46, 68, 72, 4, -116, -8, 85, 52, -97, 4, -90, -41, 35, 72, -61, 44, -64, 99, 122, -76, 111, 2, 47, -99, 46, -114, -31, -37, 82, -58, -94, -18, 95, -82, -75, 26, 75, 82, 44, -49, 127, -99, -88, 39, -120, -80, 24, -46, -85, 50, 26, 4, -120, -21, -45, 52, -44, 80, -100, -104, 87, -97, 39, 122, -41, 123, 85, -116, 111, -99, -113, -46, -74, 1, 27, -125, 84, -110, 39, 80, -116, 112, 114, -39, 60, -54, 64, -16, 6, -73, 31, 7, 14, 112, 0, 63, 60, 83, 52, 86, 7, -31, -85, -42, -14, -58, -119, -17, -90, -43, -93, -55, 36, 102, -79, -59, -120, -41, -124, 47, 123, -125, 108, 79, -95, -90, 22, -4, 41, 93, 64, 123, 111, 117, 122, 53, 49, -17, 35, 39, -99, 99, 35, -106, -120, -73, 97, 116, 109, -86, 94, 73, 50, -42, 56, -95, 87, -22, -53, 56, -92, -52, -74, -61, -23, -91, 22, 59, 27, 62, -16, -111, 25, -27, -16, 83, 76, -89, -71, -123, -93, -57, 40, 38, -105, 18, 17, -77, -49, -53, -102, 90, -92, -60, -44, 81, 117, 32, -73, -116, -13, 69, 35, 8, -49, -39, 18, 105, 89, 34, 90, 71, 63, 56, 111, 80, 105, 108, -82, 1, -54, -116, -30, -124, -18, -46, 16, 73, -90, -96, -7, -79, 57, -41, 7, 64, -73, 75, -116, 33, 24, -87, -117, -126, 54, -44, -46, 123, 8, -71, -36, -13, 57, 24, -38, -100, -64, 33, -26, 8, -111, -98, 99, -71, 53, -100, -94, -94, 105, 25, -71, 5, 73, -103, -109, 44, -128, -48, 101, -70, -58, -100, -122, -82, -86, -60, -96, -107, -48, -3, -43, 86, 112, 6, -70, 28, -44, 42, 52, 118, 82, -98, -22, 73, -74, 20, -93, -120, -15, -88, 120, 113, 94, -7, -3, -10, 58, 42, -17, -113, 26, 107, 40, -63, -45, -18, -81, 40, -3, 37, -33, -54, -100, 64, 90, -105, -120, -9, 105, -108, 104, -80, 100, 58, 12, -13, 14, -99, 113, -29, -67, 86, 73, 104, -118, -93, 6, -37, 116, 83, -19, 15, 104, -18, 47, -81, 111, 22, -42, 119, 104, -7, -71, 74, 19, -123, -57, -111, -41, 57, 0, 125, 13, 114, -9, 13, 8, 80, -4, -45, -107, 77, -103, 87, 82, 14, -6, -23, -127, 75, -46, -22, 69, -123, -33, -102, 80, 57, -71, 121, -74, 3, 115, -113, 51, -42, -81, -38, 92, 61, -73, 36, -110, -62, -56, -61, 61, -41, -69, -107, -25, -41, 1, -44, -18, 51, -53, -81, 79, -70, -72, -102, 109, -37, 52, 80, -14, 29, 110, 90, -38, -37, -35, 73, 88, 1, -54, 29, -41, 83, -52, 15, 46, 117, -45, 94, -66, 70, -118, -105, -100, 66, -38, -38, 88, -94, 6, 46, -7, 4, -92, -55, -94, -120, -63, -45, 76, 120, -20, 106, -124, -77, -13, 75, 63, -74, -36, 97, 102, 37, -53, 34, -106, 44, -53, -88, 26, 109, -82, 49, -31, -91, 18, -22, -26, 41, 5, -78, -40, 73, 51, 14, -17, -110, -32, -56, -68, -85, 44, -99, 112, 58, -25, 56, -59, 20, 61, 40, -75, 101, -58, -26, -127, 37, 55, 49, -103, 35, -109, 67, -52, 6, 80, 121, 120, 116, -81, 67, -20, -89, 29, -31, 79, 97, 21, -76, -73, 15, 13, -54, 40, 86, 51, 96, 115, -73, -105, -106, -101, -8, 98, -68, -50, 91, -39, 46, -124, 125, -30, -88, -111, 125, -50, 98, 113, -49, -96, 31, 60, 99, 115, 89, 109, 26, -37, -36, -21, 39, 54, 78, -118, 24, -112, 117, -14, -86, -57, -111, -29, 118, -116, -36, 19, 61, -26, -50, 22, -69, -120, -54, -102, -81, 49, 83, -99, 48, 70, -30, -83, -83, -117, -14, -13, 40, -64, -13, -83, -2, -113, 37, -114, 110, -56, 89, -52, 34, 16, -31, 74, 48, -58, 57, -71, 73, 94, 111, -98, 5, 55, -70, -108, 48, -28, 64, 43, -78, 57, 92, -121, -95, 37, 98, -40, -30, 96, 57, 72, -48, -44, 90, -53, -104, -28, 10, -72, -85, 68, 85, -13, -85, 109, -119, 36, 82, -118, -56, -125, -31, 86, -110, -41, 31, 17, 52, 112, 49, -10, -77, 91, -51, 70, -20, -91, 72, -113, 116, -36, -72, -26, -56, -96, 53, -66, -69, 85, -60, 36, 3, -127, -67, 96, -119, -104, -26, -107, -47, 117, 101, 37, -73, -14, -87, 123, 54, -71, -50, 42, -1, 0, 114, 85, 114, 106, 5, 105, 88, -88, -87, -36, 47, 92, -47, -95, -74, -120, 107, 47, -35, 83, -27, -83, -124, -94, -58, -111, -124, -37, 103, -35, 64, 71, -104, -88, 77, 4, 15, -126, 10, -81, -91, 23, -70, -42, -73, -56, 60, 41, 20, 38, -10, 111, -89, -115, 78, 27, 65, -110, 105, 42, 118, -53, -123, 54, -84, -110, -81, -86, -125, -3, -86, -62, 118, -61, -125, -9, 100, 43, 72, -57, -64, 46, 63, -67, 97, -11, -72, 107, -14, 51, 73, 88, -42, 88, 15, -62, 14, -108, 46, -29, 29, 53, -92, -78, -10, -62, -44, 124, 16, 22, -2, 103, 2, -86, 73, -37, 25, 0, -3, -108, 81, 47, -85, 115, 86, 111, -44, 112, 46, -10, 27, 29, 39, 118, -39, -40, 84, 90, -33, -101, 117, 21, -57, 92, 118, -65, -120, 54, 121, 39, -126, 63, -27, -117, 95, -68, -43, 23, -19, 47, 22, 115, -91, -4, -96, 31, -35, 69, 31, -123, 71, -36, -15, -10, 76, 78, -114, -5, -39, -120, -40, 98, -76, -74, 36, -100, -102, -31, -31, -29, -41, -31, 63, 105, 119, 114, -25, -50, 70, 31, -38, -123, 39, 29, -30, 76, 127, 103, 61, -62, -7, -9, -122, -95, -6, -74, -5, 68, -102, -119, -24, -80, 88, -80, 57, 31, 13, 95, -118, 17, 30, -58, -68, -91, 56, -89, 25, 118, -49, -73, 95, 127, -9, -112, 63, -67, 90, -121, -118, 113, -108, 63, -6, -37, -109, -4, -41, 77, -3, -77, 81, 47, 85, -117, -3, 127, -47, -89, 20, 122, -103, -116, 98, -94, 97, 70, -34, -68, -14, 14, 55, -58, 65, -46, -20, -6, 52, -123, -65, -67, 48, -73, -29, 124, 111, -2, -20, 109, -3, 53, 11, -43, 113, -82, 81, 126, -28, 78, -64, -38, 64, 84, -29, 35, 77, -63, -38, -66, 117, -3, 36, 89, 92, 88, 118, -126, -17, 51, -67, -44, 65, -108, 25, -28, 64, -84, 88, -82, -60, 87, -75, 67, -57, 120, -127, -1, 0, 22, 40, -113, -53, 21, -30, -65, -92, 14, 39, 117, -57, 120, -11, -19, -44, 113, -72, -73, 82, -86, 28, 70, 116, 10, -95, 78, 78, 49, -65, 74, -24, -57, -42, 99, -22, 31, -57, -80, -45, -115, -20, 114, -23, 52, 16, -37, -76, 102, 37, 45, 42, -31, -28, -50, 88, 48, 36, -114, 95, 13, -58, 71, 94, 90, -119, 110, -8, -123, 48, 20, 126, -20, -79, 37, -114, 72, -24, 112, 107, -87, -31, -99, -125, -68, -68, -31, -80, 95, 64, -62, 71, -107, -49, -20, 8, 49, -78, -128, 9, -44, -99, -74, -12, -44, 82, 110, 53, -62, 111, 120, 44, -26, -54, -12, -56, -114, -64, 50, -123, -109, 66, -65, -113, -2, 106, -29, -105, 28, -37, -118, 123, -102, 90, 22, -119, -117, 18, 7, 123, -81, -119, -49, -67, -80, -51, 110, 70, -26, 33, 4, 92, -18, 1, 3, 27, -109, -90, -92, 85, -71, -8, 79, 16, 107, 41, -81, 86, -58, 101, -75, 93, 28, -88, -8, 78, 51, -106, 4, -28, 14, -71, -86, -111, -62, -46, -25, -69, 94, 83, -114, -103, 98, -33, -97, -91, 90, -95, 108, 104, 93, 57, 85, 105, 25, -92, 24, -41, -99, -119, 39, -56, -7, 85, -21, 25, -118, -121, 46, -62, 57, 0, -36, 13, 65, -50, -122, -70, -103, -69, 15, -60, -102, -50, 43, -5, 86, 23, 44, -22, -84, 83, -108, -85, -74, 113, -65, 54, -71, 30, 122, -41, 53, -60, 98, 110, 25, 48, -114, 107, 110, 75, -128, 57, -52, 108, 6, 72, 58, 107, -41, -21, -29, -102, -54, 57, -95, -111, -44, 25, 45, -89, -79, -17, -33, -93, -34, 86, -20, -91, -118, 34, -86, -14, 2, 31, -107, -108, -28, -28, -27, -76, 39, 115, -13, -82, -119, -48, 46, -58, -68, -125, -12, 91, -60, 98, -68, -76, -69, -123, 72, -114, -31, 36, 15, -110, 73, 44, -92, 99, 63, 44, 125, -11, -34, -91, -60, -47, 109, 112, 126, 76, 107, -105, 47, -85, -82, -97, 35, -57, 40, -16, 70, -53, 99, -92, 72, -13, -74, -76, 85, -128, 117, 21, -51, 55, 18, -99, 127, -9, 108, 7, -121, 49, -95, -98, 40, -8, -55, -71, -101, -48, 49, 21, -97, -33, 96, -1, 0, 70, 53, -92, -22, -3, -100, -115, -9, -83, 119, 88, -36, -118, -29, -37, -116, -111, -2, 124, -39, -1, 0, -28, 53, 6, -29, -78, 32, -56, -72, -109, -3, 102, -102, -11, -75, -34, 12, 119, 19, -75, -115, -71, 91, 2, -89, -50, 75, 109, 92, 68, 125, -90, -71, 25, -61, 43, 15, -30, -42, -116, -99, -83, -111, 8, 18, -63, 27, 15, 34, 71, -9, -83, -31, -22, -72, 37, -7, 90, 5, 36, 118, -117, -126, 9, -56, -88, -123, 83, -26, 107, -100, -73, -19, 117, -101, 17, -34, 69, 42, 121, -24, 69, 48, -117, -76, 60, 46, 124, 98, -19, 20, -1, 0, 26, -30, -70, -95, -43, -31, -105, 18, 69, 90, 99, 22, 77, 107, 88, -83, 69, 117, 111, 63, -8, 83, -58, -28, -8, 56, -51, 17, -127, 29, 43, 117, 52, -8, 99, -40, -46, 22, -87, 21, -26, -42, -94, 42, 98, -104, -49, 21, 91, 25, 24, -32, -86, -113, -99, 25, 120, 107, -19, -128, 43, -81, -3, 77, 24, -8, 100, 111, -69, -14, -83, 14, 24, -128, -29, -99, -2, -17, -54, -66, 41, -25, 103, 61, 51, -105, 94, 21, 39, -39, 98, -65, 32, 104, -119, -63, 25, -121, -67, 35, 124, -64, 31, -38, -70, 97, -61, 99, 31, -26, 55, -35, -7, 84, -113, 15, 81, -77, -75, 79, -70, -62, -114, 122, 62, 7, 26, -22, 74, -73, -11, 26, -78, -100, 22, 35, -47, 71, -104, 38, -100, -117, 32, -65, 108, -3, 43, 94, -54, 115, -15, -100, 122, 82, 121, 101, -28, 84, 45, 94, 11, 107, -10, -105, 62, -90, -120, -68, 22, -53, -9, 7, -42, -81, -117, 76, -3, -78, 42, 94, -58, -33, 102, 81, -12, -87, 115, -105, -112, -94, -102, -16, -117, 17, -89, 116, 15, -52, -47, -109, -121, 89, 70, 125, -37, 116, -49, -103, -93, -2, -81, -108, -115, 37, 81, -11, -88, -2, -82, -70, -23, 60, 68, 121, -106, -4, -87, 106, -105, -112, -2, -115, -120, 96, 77, -96, -117, -23, 91, -62, 116, 69, 90, -48, -31, 119, 45, -15, 92, 66, -66, -103, 53, 49, -62, -104, 124, 119, -93, -6, 99, -1, 0, 122, -101, -112, -66, 94, 8, 23, -63, -9, 113, -12, 31, -107, 64, 96, 15, -123, 48, 119, -9, 6, -75, 117, 120, 125, -78, -97, -38, 77, 35, -6, -112, 40, -123, -20, 45, -64, 37, 84, 124, -63, -4, 104, 90, -5, 49, -88, -56, -94, -67, -21, 124, 17, -25, -7, 86, -125, 117, -62, 34, -65, 116, 123, -85, 24, 102, 104, -40, 50, 52, -79, -87, 42, 70, -40, -49, -87, -93, 94, -10, -105, -124, 89, -116, 60, -8, 36, 103, -107, 72, -49, -46, -111, 93, -10, -6, -43, 85, -67, -117, -121, -50, -17, -48, -54, 66, 3, -8, -42, -40, -15, 101, -69, 86, 27, 46, -29, 30, 17, -39, -72, -72, 74, -36, 45, -100, 88, -114, -26, 78, 121, 21, -36, 48, -16, -64, 30, 30, 91, 87, 27, -40, 14, -51, -40, 93, -114, 37, 114, -106, 113, -69, -37, 113, 25, 18, 41, 12, -92, 114, 5, 111, 116, 0, 8, -58, -61, 106, 37, -1, 0, 108, -72, -43, -48, 101, -74, 72, 109, 1, 24, 86, 65, -52, -61, -26, 105, 47, 102, -82, 120, -81, 103, -31, 120, 44, 103, 83, 19, -65, 59, 44, -118, 27, 39, -57, 59, -41, 124, 49, 101, 88, -90, -100, -2, 78, -127, 78, 58, 94, -25, -85, -5, 37, -57, -38, 72, -105, 58, -18, 52, -6, -26, -109, 118, -125, -78, 112, -15, -95, 3, 51, -61, 5, -60, 51, -92, -94, 112, -95, -119, -27, -24, 116, 25, -45, 77, 118, -92, -79, -10, -81, -116, 3, -17, -63, 108, -1, 0, -22, -4, -22, -28, 125, -84, -68, -9, 123, -53, 8, -113, -113, 35, -111, 92, 112, -23, -14, 98, -106, -88, 61, -55, 82, -118, -32, 117, 105, -64, 44, -84, 102, 121, -84, -32, -76, -126, 73, 70, 36, 120, -93, 85, 47, -21, -128, 60, 106, -55, -79, 99, -2, 108, 95, 64, 41, 84, 125, -88, -127, -65, -59, -78, -107, 125, 49, 86, -29, -19, 7, 12, -105, -30, 46, -98, -79, -102, -58, 120, -92, -35, -53, -112, -43, 22, 29, -72, 107, -25, 67, 19, 124, -24, 50, 112, -106, 39, 61, -38, 103, -42, -82, 71, 125, 99, 47, -8, 119, 9, -23, -100, 81, 75, -61, -116, -122, 39, -48, -44, 104, -94, -76, -57, -56, -91, -8, 75, 13, 121, 53, -14, 53, 90, 94, 13, 33, -44, 18, 62, 116, -5, -36, -36, 51, 124, -21, 68, 120, 107, -22, 106, -107, -82, 24, -100, 81, -53, -73, 4, -112, 19, -121, 57, -88, 126, -90, -67, -39, 101, 36, 121, -100, -41, 85, -54, -67, 64, -84, 33, 105, -21, -110, 21, 28, -88, -32, -105, -37, 101, 0, -11, -59, 26, 62, -49, -49, -97, 126, 100, 81, -4, 32, -109, 93, 33, -27, 29, 7, -46, -93, -52, -66, 95, 74, 107, 36, -71, 69, 10, 97, -32, -94, 45, -18, 28, -3, 7, -31, 87, 96, 19, -37, -1, 0, -123, 117, 50, -6, 72, 69, 29, -92, 81, -10, 71, -46, -96, 102, 30, 95, 74, 107, 36, -41, 14, -123, 108, -79, 31, 20, -30, 41, -89, -76, 6, -2, 101, 7, -16, -94, 14, 51, -60, 6, -26, 54, -2, -111, 84, 76, -93, -2, 10, -119, -101, -2, 98, -74, 93, 86, 117, -5, 49, -36, -68, -127, -3, 101, -90, 72, 3, -52, -102, 32, -67, 111, 3, 73, -60, -38, -24, 126, 91, 84, -124, -51, -53, -112, -52, 107, -97, 65, 90, -122, -34, -36, -33, -69, -12, -83, 11, -87, -113, 74, 84, -73, 12, 126, -41, -46, -90, 46, 24, 121, -118, 90, 71, 99, 81, 113, 33, -35, -79, -27, 82, -17, -36, 106, 90, -107, 9, -119, -41, 36, 15, 42, -112, -105, 63, 107, -21, 75, 72, -83, 13, 22, -27, -114, -20, 62, 117, 33, 40, 39, 124, 122, -46, -93, 41, -50, 65, 3, -17, -87, 9, 91, 76, -97, -83, 45, 32, -102, 27, -121, -41, 71, 31, 90, -97, 124, -61, 108, 31, -70, -108, -117, -113, 53, -2, -43, 33, 114, -64, 107, -51, -3, 58, -46, -46, 85, -95, -80, -108, -99, 115, 82, 51, 18, 49, -49, -118, 86, 39, -50, -60, -23, -67, 73, 101, 86, -44, 55, -49, 52, 49, 12, 89, 85, -74, 43, -11, -91, -105, -4, 28, -36, -99, 24, -29, -61, -104, -47, 13, -50, 14, -128, 15, 44, -47, 18, -24, 100, 97, -108, 31, 12, 80, -89, 37, -64, -102, 76, 68, -35, -112, -22, -117, 24, -12, 56, -95, -1, 0, -46, 50, -20, 81, 15, -93, -41, 74, 38, -26, 59, -21, -27, 91, -17, -120, -36, -100, 122, -102, -43, 117, 57, 23, 114, 125, -72, -100, -41, -3, 32, -25, 25, 80, 61, 26, -90, -67, -112, 24, -8, -79, 93, 50, -52, 15, -113, -52, -44, -42, 111, 23, 52, -66, -89, 39, -111, 44, 81, 57, -127, -39, 52, 27, -51, 69, 78, -51, 67, 31, -59, 114, -29, -56, 87, 73, -34, -89, 92, 26, -116, -115, 19, 125, -111, -11, -91, -11, 19, -14, 63, 110, 34, 33, -64, -83, 87, 119, -107, -65, -88, 126, 85, 49, -62, -84, -45, -20, 72, 127, -86, -101, 52, 40, 118, 113, 66, 107, 119, 43, -112, 70, 51, -71, 56, -93, -35, -109, -18, 78, -124, 80, 91, 123, 120, -2, 24, -2, -90, -117, -34, 42, -115, 35, 65, -113, 26, -109, -37, -56, 62, 37, 63, 42, 19, 68, -8, 36, 98, -115, 72, 85, 65, -106, -28, -2, -30, 125, 106, 94, -43, -90, 90, 60, 122, 26, -87, -54, -40, -23, -14, -88, -66, 122, -125, -14, -89, 104, 45, -105, 26, -23, 116, -56, 32, 121, -44, 77, -54, -8, -3, -11, 73, -80, 119, 111, -107, 64, -56, -85, -127, -111, 79, 97, 54, -53, -51, 58, -99, -100, 80, -53, -98, -123, 13, 82, 105, 65, -48, -107, -6, 80, -99, -108, 108, -96, -7, -45, 66, -44, -58, 6, 118, -40, 119, 127, 90, 27, 92, 56, -24, -108, -65, -30, 58, -115, 61, 107, 93, -56, -21, 51, 125, 106, -110, 38, -39, 120, -35, -73, -18, -3, -11, 3, 115, 47, 84, 31, -22, -86, -84, -83, -1, 0, 112, -125, -4, -43, 14, 71, 27, 75, -1, 0, -22, -102, 66, 114, 96, 26, 96, 117, 90, -59, -72, 40, 54, -46, -107, -121, 36, -25, -104, -113, -99, 109, -114, 119, 102, -5, -85, 77, 6, -74, 48, 75, -100, -99, -57, -42, -113, -52, -92, 100, -100, 31, 58, 80, 37, 69, 24, 36, 102, -120, -105, 35, 93, 6, -98, 38, -109, -128, -20, 104, -83, -125, -80, -49, -122, -11, 62, -8, -127, -98, 76, -113, 49, 74, -59, -64, 35, 77, 7, -112, -83, 53, -55, -50, 36, 76, -113, 28, 102, -89, 64, -84, 112, 38, 3, -31, 108, 120, -5, -72, -84, 91, -113, 123, 4, 28, 82, -107, -72, 1, 70, 24, 48, -24, 5, 17, 37, 36, -28, -126, 87, -46, -109, -128, -58, 126, -47, -4, 92, -89, -96, -58, 115, 90, -25, 36, 107, -87, 59, -28, 126, 53, 67, -68, 1, -14, 84, -28, -11, 11, -118, 42, -54, -97, 99, 126, -70, 10, -99, 33, 101, -27, -109, -108, -25, -98, -116, 46, 125, -34, 108, -87, 62, 34, -107, -121, 3, -4, -49, -20, 77, 25, 94, 66, -71, 50, 30, 83, -74, 64, 63, -123, 39, 18, -84, 98, -77, -31, 112, -84, -95, 79, -104, 21, 17, 41, 81, -66, 6, -25, -35, -86, 43, 33, 125, 68, -113, -97, 37, -83, 119, -59, 64, 13, -52, -6, 107, -98, -97, 33, 75, 72, 88, -60, 93, 1, -23, -29, -102, -103, -72, -24, -82, 1, -33, -107, -76, 52, -66, 55, 13, -16, -3, -30, -92, 100, 109, -70, -113, -31, 31, 118, 105, 105, 65, 99, 21, -72, 99, -15, 6, -11, -94, 36, -121, -2, 26, 82, -73, 15, -44, -82, 124, -58, 40, -117, 41, -15, 56, -13, -87, 112, 21, -114, 22, 93, 53, -4, -22, 70, 65, -29, 74, 22, -32, -125, -128, 113, -14, -94, 123, 67, 102, -95, -64, 118, 52, 14, 115, -109, -73, -99, 111, -68, -41, 83, -54, 52, 57, -13, 20, -80, 76, -33, 103, 67, -27, 68, 23, 7, 24, 39, -52, -125, -67, 45, 33, 99, 49, 112, -61, 99, -8, 84, -69, -2, 111, -119, 84, -46, -63, 63, 48, 39, 56, -11, -83, 36, -52, -121, 37, -127, 30, 32, 109, 70, -112, -79, -82, 32, 109, 74, 16, 124, -85, 66, 4, 124, -31, -122, -37, 98, -105, -117, -110, 78, 115, -111, -29, -79, -94, 11, -116, -24, 78, 7, -114, 106, 105, -114, -61, -53, 97, -43, 49, -25, -118, -85, 45, -128, 44, 50, 15, 48, -37, 76, -118, 42, 93, -98, 126, 80, 91, 3, 99, -102, 34, -35, 16, 113, -128, 71, -83, 52, -28, -121, -79, 66, 75, 39, 25, 35, -109, 35, 122, -81, 36, 69, 65, -56, 25, -89, 45, 58, 72, 64, -48, 31, 93, 106, 6, 53, 109, -50, 125, 106, -42, 70, 75, 72, 66, -47, -25, 66, 51, -118, 19, -62, 63, 116, 124, -123, 60, 107, 24, -40, 28, 29, 73, -45, 90, -83, 61, -117, -81, 64, -43, -94, -56, -119, 113, -16, 38, 60, -70, -24, 71, -123, 12, -100, 125, -80, 62, 85, 126, 88, 93, 24, -85, 68, 66, -12, 7, -3, -86, -79, -115, 67, 16, 65, 35, -57, 66, 107, 104, -76, -55, 104, -26, 81, -40, -11, -58, -99, 40, -127, -37, 56, -49, -115, 101, 101, 117, 48, 8, -70, -77, 19, -82, 54, -96, 72, -60, -54, 118, -36, 116, 21, -107, -108, -94, 53, -56, 69, -111, -61, -32, 49, 3, 30, 53, 57, 29, -71, 7, -68, 119, -4, 107, 43, 40, -112, 48, -78, 124, 123, -111, -91, 110, 57, 28, -98, 92, -23, -102, -35, 101, 64, -119, 65, 35, -107, -43, -40, -6, -102, 48, 3, 59, 117, -84, -84, -88, 99, 68, -121, -38, 52, 66, -60, 71, -90, -107, -107, -107, 33, 34, 92, -60, 38, 116, 39, -50, -94, -77, 54, 25, -41, 10, 67, 99, 65, 89, 89, 82, -122, 16, 18, -48, 9, 11, 28, -73, -98, -44, 118, 99, -18, 12, -28, 86, 86, 84, -80, 54, -57, 57, -50, -70, 86, -56, -60, 121, 26, 31, -10, -84, -84, -87, 99, 102, -41, 87, -83, -119, 24, 72, 71, 77, 43, 43, 40, 36, 41, 118, 80, 72, 39, 92, 86, -111, -55, 63, 42, -54, -54, 72, 100, -7, -113, 49, -14, -51, 77, 29, -126, 3, -109, -100, 86, 86, 84, -79, 18, 82, 91, -109, -104, -109, -100, 102, -92, 119, 35, 29, 43, 43, 42, 70, 109, -16, -40, 12, -93, 24, -94, 40, -62, 18, 52, -64, -48, 86, 86, 80, -64, -108, 100, -70, 6, 59, -42, -71, -40, 54, 1, -46, -78, -78, -89, -72, -40, 68, 99, -55, -100, -21, -118, -97, 59, 16, 50, 126, -41, -27, 89, 89, 72, 9, -32, 49, 33, -70, -43, 121, 109, -29, 4, -31, 113, -83, 106, -78, -124, -35, -115, 31, -1, -39], govIdBack=[-1, -40, -1, -32, 0, 16, 74, 70, 73, 70, 0, 1, 1, 0, 0, 1, 0, 1, 0, 0, -1, -37, 0, -124, 0, 9, 6, 7, 8, 7, 6, 9, 8, 7, 8, 10, 10, 9, 11, 13, 22, 15, 13, 12, 12, 13, 27, 20, 21, 16, 22, 32, 29, 34, 34, 32, 29, 31, 31, 36, 40, 52, 44, 36, 38, 49, 39, 31, 31, 45, 61, 45, 49, 53, 55, 58, 58, 58, 35, 43, 63, 68, 63, 56, 67, 52, 57, 58, 55, 1, 10, 10, 10, 13, 12, 13, 26, 15, 15, 26, 55, 37, 31, 37, 55, 55, 55, 55, 55, 55, 55, 55, 55, 55, 55, 55, 55, 55, 55, 55, 55, 55, 55, 55, 55, 55, 55, 55, 55, 55, 55, 55, 55, 55, 55, 55, 55, 55, 55, 55, 55, 55, 55, 55, 55, 55, 55, 55, 55, 55, 55, 55, 55, 55, -1, -64, 0, 17, 8, 0, -108, 1, 14, 3, 1, 34, 0, 2, 17, 1, 3, 17, 1, -1, -60, 0, 28, 0, 0, 2, 2, 3, 1, 1, 0, 0, 0, 0, 0, 0, 0, 0, 0, 0, 3, 5, 2, 4, 0, 1, 6, 7, 8, -1, -60, 0, 65, 16, 0, 2, 1, 3, 2, 3, 5, 5, 4, 8, 5, 3, 5, 0, 0, 0, 1, 2, 3, 0, 4, 17, 33, 49, 5, 18, 65, 6, 19, 81, 97, 113, 20, 34, 50, -127, -111, 66, -95, -63, -47, 7, 21, 35, 82, 98, 114, -126, -79, 51, 67, -110, -31, -16, 22, 83, -15, 52, 68, 115, -109, -94, -1, -60, 0, 26, 1, 0, 3, 1, 1, 1, 1, 0, 0, 0, 0, 0, 0, 0, 0, 0, 0, 0, 1, 2, 3, 4, 5, 6, -1, -60, 0, 40, 17, 0, 2, 2, 1, 3, 3, 3, 4, 3, 0, 0, 0, 0, 0, 0, 0, 0, 1, 2, 17, 3, 18, 33, 49, 4, 65, 81, 5, 19, 34, 20, 21, 50, 66, 97, -127, -95, -1, -38, 0, 12, 3, 1, 0, 2, 17, 3, 17, 0, 63, 0, -13, 108, 84, -46, 38, 109, -75, -84, 2, -92, -71, 31, 9, 34, -66, -124, -15, -84, -63, 25, 27, -125, 83, -18, -21, 57, -53, 111, 83, 86, 56, -42, -127, 89, 16, -75, 32, 42, 65, -65, -122, -120, 27, 77, -121, -46, -102, 17, -91, 20, 104, -50, 58, 100, 86, -108, -7, 15, -91, 16, 107, -48, 80, 38, 25, 38, 11, -94, -88, -59, 77, -97, -97, 29, 40, 10, 40, -118, 41, -47, 45, -122, 10, 60, 86, -120, -76, 53, 20, 100, 90, 100, -123, 78, 118, -9, 70, -85, -46, -116, -79, -107, -8, -76, -95, 38, 87, 111, -70, -118, -96, -17, -110, 73, -15, -96, 65, 20, 81, 80, 84, 16, 81, -44, 80, 34, 104, -75, 97, 5, 14, 49, 86, 80, 84, 48, 38, -126, -84, 34, -44, 17, 122, -43, -120, -93, 102, 56, 85, 36, -8, 1, 89, -71, 34, -46, 101, -2, 21, 99, -19, -20, -16, 38, 22, 64, 57, -107, -67, 43, -91, -32, 118, 83, 88, 67, 50, -80, -60, -124, -12, -37, -27, 72, 56, 36, -122, -34, -19, 93, 84, -77, 96, -116, 1, -83, 117, 54, -9, -20, -17, -56, -15, -108, 108, 103, 4, 98, -72, 122, -119, 74, -24, -17, -23, -29, 30, 123, -108, 56, -68, 45, 113, 18, -27, 71, 120, -97, 9, -95, -61, 24, -122, 62, -19, 23, 3, -87, -3, -22, -67, 112, 121, -51, 7, -69, -14, -84, -93, 45, -88, -42, 81, -7, 106, 55, 29, 77, -100, -88, 10, -75, 16, -104, 27, 86, -71, 117, -92, -54, 15, 30, 15, -81, 90, -73, 24, -86, 74, 113, -118, -67, 110, -68, -29, 122, -50, 69, -60, 60, 122, 10, 42, -44, 85, 49, 82, -38, -77, 53, 52, 85, 114, 67, 96, -126, 122, -118, -33, 74, -39, -38, -94, 13, 0, 42, -67, -110, 83, 33, 71, -9, 84, 108, 60, 106, -83, 57, -71, -73, -114, -32, 2, 91, 12, 54, 34, -86, -120, 22, -33, 73, 19, -68, -50, -51, 90, -87, -86, 49, -108, 29, -97, 48, -14, -42, -15, 69, -27, -14, -84, -27, -14, -81, 112, -14, -20, 24, 90, -112, 21, 48, -75, 32, -96, 80, 34, 32, 81, 21, 107, 97, 104, -118, 40, 17, -118, 40, -118, 43, 21, 104, -86, -76, -60, 104, 10, 42, -83, 96, 90, 34, -83, 49, 27, 85, -93, 32, -88, -88, -94, -86, -48, 34, 74, 40, -56, -75, 5, 20, 116, 20, 18, 77, 22, -114, -119, 80, -116, 109, -91, 117, -10, 125, -101, -74, -70, -32, 113, -34, 91, -68, -83, 55, 46, -85, -47, -50, 118, -84, -78, -27, 88, -22, -53, -122, 55, 55, -15, 17, -16, -34, 27, 115, -60, 36, 41, 105, 17, -111, -108, 115, 31, 120, 12, 15, -99, 118, 92, 47, -77, 16, 90, 93, 36, -13, -49, -34, -29, 7, -69, 100, 26, 31, 58, -33, 10, -114, -42, 23, 105, -83, 99, 8, -52, -95, 78, -124, 109, -75, 93, 105, 88, -71, 53, -25, -26, -49, 57, 58, 92, 29, -8, -80, -62, 42, -33, 37, -104, -8, 55, 14, 25, 100, -76, -125, 87, 44, 73, 92, -111, -23, 87, 87, -70, 67, -92, 105, -112, 52, -64, -23, 75, -31, -99, -41, 99, -67, 100, -78, -76, 106, 92, 12, -80, -40, 87, 51, 77, -67, -39, -46, -100, 82, -39, 27, 19, 91, 69, 117, 35, -92, 28, -100, -5, -80, 24, -26, -96, -36, 93, -57, 113, 112, -116, -54, 65, -113, 60, -104, 29, 14, 55, -86, 50, -35, -103, 9, -25, 62, -15, -5, 62, 21, 4, -63, -15, -51, 90, -123, 25, 57, -115, 99, 2, 81, -111, -82, 40, -94, 61, 54, -96, -40, -57, -53, -93, 28, 18, 116, -51, 48, 72, -11, 21, 18, 116, -51, -94, -83, 21, -69, -83, 54, -95, -76, 120, -90, 13, -54, -93, -50, -76, 99, -120, -116, -79, -59, 78, -95, -23, 23, -123, 57, 26, 31, -91, 92, -73, 96, -121, 93, 42, 38, 95, -119, 84, 124, 63, 125, 12, 30, 125, 73, -94, -20, 18, -95, -110, -100, -118, -58, 56, -96, 70, -40, 81, 88, -20, 15, -115, 69, 23, 102, -35, -51, 68, 62, 40, 78, -58, -122, 88, -45, -95, 89, 111, -104, 81, 57, -44, -113, 120, 103, 21, 67, -100, -42, -60, -124, 81, 67, -77, -63, -41, -78, -100, 97, -83, 13, -46, -38, 115, 71, -116, -128, -83, -106, 35, -46, -88, -55, -62, 111, -29, -116, -56, -10, 83, 42, 40, -55, 102, 92, 1, 94, -73, -62, 120, -27, -107, -38, -14, 66, -31, 72, -45, -105, 108, -46, -66, -35, -53, 114, -4, 55, -71, -75, 28, -53, 33, -52, -124, 111, -118, -12, -29, -44, 77, -50, -102, 60, -41, -122, 58, 109, 51, -50, -72, 95, 12, 126, 33, 43, 34, -70, -58, 20, 106, -51, 86, 110, -72, 58, -37, 70, -54, -45, -85, -50, 14, -61, -62, -123, 11, 24, -78, 8, 57, -49, -114, 49, 86, -51, -52, 79, -126, -22, 73, 11, -128, -89, 99, 93, 50, -69, -40, -63, 85, 10, -28, -74, -110, 28, 119, -120, 84, 29, -119, 27, -42, -128, 25, -63, -34, -70, 20, -102, 62, 33, 8, -118, 126, 72, -93, 77, -78, 112, 69, 91, -31, -4, 11, -122, -36, 69, 38, 110, -3, -32, 14, 50, 113, 71, -71, 92, -117, 77, -16, 114, -22, -72, 25, 58, 81, 21, 115, -80, 63, 74, -23, 120, 21, -107, -110, 25, 94, 118, 66, -24, 112, 27, 124, -4, -85, -89, -105, -122, -16, -117, -69, 85, -73, 107, 120, -69, -48, -92, -85, 69, -128, 114, 125, 42, 101, -99, 39, -63, 81, -58, -38, -28, -13, 117, 95, 26, 42, -83, 49, -30, -36, 45, -84, 46, -28, -115, 68, -116, -120, 6, 93, -105, 26, -1, 0, -52, 85, 68, 94, -67, 43, 104, -55, 73, 90, 50, -110, 113, -39, -102, 85, -14, -93, 42, -47, 33, -127, -28, 96, -79, -93, 51, 19, -128, 20, 100, -102, -71, 63, 15, -71, -75, 115, 29, -51, -68, -79, 56, 25, 33, -41, 26, 81, -87, 45, -104, -110, 111, 116, 84, 85, -94, -94, -22, 41, -27, -113, 103, 37, -98, -38, 59, -121, -99, 17, 24, 100, -116, 106, -75, -87, 123, 63, 117, 28, -100, -79, 21, -112, 116, 35, 74, -113, 118, 23, 86, 63, 110, 85, 116, 84, -31, -10, -85, 60, -63, 93, -71, 80, 110, -34, 21, -24, 60, 22, 104, 34, -77, 17, 91, 114, -80, 93, 52, 53, -60, -89, 11, -65, -128, -107, -18, 28, -125, -15, 5, -89, 92, 39, -122, -15, 27, 107, -108, 43, 19, -92, 79, -71, 36, 87, 55, 80, -93, 37, -55, -45, -127, -72, 62, 14, -78, -39, 64, 113, -123, -50, 117, -55, 21, -69, -59, 73, 55, -9, 66, -11, -57, 90, -126, -5, 64, 88, -33, -105, 109, 49, -102, 52, -28, -53, 25, 82, 112, 119, 58, 87, -100, -7, 61, 5, -70, 23, -62, -20, -31, -121, 33, 1, 118, 39, -83, 17, -27, -18, -30, 119, -54, -110, -85, -79, 53, 97, -96, -26, -119, 79, 54, 0, -40, 120, -46, -114, 61, 8, 101, -17, 57, -80, -60, 0, 84, 85, -57, 118, 68, -66, 40, 92, -46, -76, -78, 23, 56, -44, -25, 74, -75, 110, -84, -20, 0, -86, 17, -18, 0, 26, 83, -98, 22, -63, 27, 44, -71, -83, -25, -78, 57, -15, -18, -58, -80, -122, 76, 22, 57, -94, 61, -55, 78, -103, -86, -73, 19, 16, -70, 109, 85, -60, -124, -99, 14, 107, -106, -84, -22, -70, 47, -5, 66, -79, -55, 6, -79, -7, -89, 66, 35, -40, 117, -51, 5, 1, -64, -56, -56, -85, 22, -84, -79, -125, -125, -116, -12, -95, -20, 82, -36, -81, 108, 102, 89, 88, -78, 28, -114, -92, 85, -120, -62, 62, 85, -68, 104, -83, 113, 24, 24, -48, -102, -87, 35, -14, 18, -54, -89, 94, -76, -71, 14, 11, -68, -70, 96, 26, -125, -87, 80, 58, -43, 104, -91, 36, -4, 85, 118, 50, 10, -21, -42, -109, -40, 107, 114, -77, 102, -74, 23, -101, 97, 69, -112, 5, -83, 25, 21, 62, 17, 64, -24, -120, -127, -79, -102, -113, 119, -115, -51, 16, 94, 70, -93, 86, -91, -9, 87, -103, 127, 116, -23, 70, -30, 109, 35, -52, -82, -82, 44, -117, -76, -112, 56, 89, 64, -9, 89, 70, 42, -117, 113, -69, -41, -124, -60, -20, -78, 47, -117, 111, 66, -18, 61, 107, 94, -49, -27, 94, -60, 99, 21, -55, -28, 60, -115, -117, -39, 11, 63, 55, 90, -48, -115, -87, -113, -77, -97, 10, -33, -77, -26, -76, -44, -120, -90, 80, -28, 39, 122, 34, 43, 3, -85, 17, 87, 61, -102, -119, 29, -93, -56, 112, -120, 88, -17, -96, -95, -76, 27, -127, -74, 10, -78, -122, 125, 71, 92, 83, 14, 29, 115, 29, -83, -46, -52, -124, -128, -89, 32, -99, 107, 35, -31, 55, -114, 50, -74, -14, 99, -7, 104, -16, 112, -103, -106, 104, -110, 104, -54, -93, 54, -67, 113, 81, 39, 23, -55, 113, -44, -72, 59, 11, 9, -31, -30, 48, -107, -103, 20, -13, 46, 10, -80, -50, -97, -107, 14, -17, -77, 28, 54, 75, 102, -114, 40, -42, 23, 119, 4, 58, -115, 71, -91, 57, -32, -10, 54, 118, -10, -54, -79, -59, -115, 48, 89, -66, 35, -13, -93, -67, -78, -13, 21, 26, -83, 121, -81, 43, -116, -66, 44, -12, 22, 52, -29, -14, 71, 57, -63, 120, 82, -16, -71, -104, 58, -58, -19, -51, -107, -108, 40, -55, 30, 21, -43, -107, 89, -19, 94, 57, -108, 72, -82, 10, -80, -15, 6, -86, 61, -86, -17, -51, -125, 67, -122, -36, 6, -28, 73, -101, 93, -13, 74, 114, -42, -19, -79, -62, 26, 21, 80, -65, -116, 114, 90, -73, 50, 42, 8, -16, 2, -86, -29, 24, -91, 23, 28, 66, -22, 120, -64, -116, 48, 7, 113, -115, -87, -19, -9, 14, 120, -26, 105, 21, -124, -118, -33, 101, -86, -76, 62, -47, 17, -18, -47, 35, 40, 79, -68, -104, -83, 97, 40, -41, -109, 25, -58, 87, -32, 47, 9, 49, -83, -84, 125, -31, 118, 56, -55, -55, -21, 87, 19, -118, -58, -110, -70, -55, -112, -67, 42, -83, -52, -42, -42, 112, 73, 51, -107, 64, -117, -52, -39, -39, 107, -50, -81, -69, 108, -105, 82, -81, -77, 97, -97, -104, 126, -55, 70, -66, -128, -11, -15, -41, 27, 15, 26, -61, 36, -30, -99, -78, -11, 56, 42, 71, -86, -89, 17, -117, -97, 42, -40, 67, -71, 38, -93, 113, 125, 27, 74, 121, 95, 74, -15, 11, -18, -45, 113, 86, -102, 104, -31, -119, -71, 99, -62, -70, -9, -127, -76, 7, 57, -56, 27, -45, 46, 25, -37, 43, -89, -99, -51, -62, -26, 36, 62, -14, -86, 96, -81, -49, 93, 63, -26, 107, 37, -105, 29, -16, 39, -106, 71, -86, -36, 92, -69, -123, -18, -37, 110, -126, -88, 92, -51, 47, 121, -5, 82, 65, 62, 52, -115, 59, 79, 105, 19, 102, 73, -107, 1, -63, 25, 56, -9, 73, -64, 56, -4, 41, -77, -15, 24, 56, -116, 8, -32, -13, 48, 26, 21, -4, 107, -94, 45, 94, -60, -71, 89, 20, 30, -9, 49, -85, -16, 74, 83, -31, 56, -91, -27, -76, -94, 68, -25, -58, -76, 123, -119, 58, 29, 91, 58, -50, 64, -112, -32, 13, -22, -55, -74, 80, -54, 80, -23, -42, -108, -119, 0, -117, 0, 124, -24, -80, -33, -14, 46, 36, 108, -118, -55, -59, -10, 55, 82, 75, -111, -116, -81, -35, -116, 19, -12, -91, 115, 93, 58, 49, -63, 56, -13, -93, -75, -60, 114, 16, -51, -95, -58, 6, 40, 114, -63, 28, -117, -107, 109, 105, 47, -28, 37, -65, 5, 101, -71, 110, 108, -28, -26, -82, -37, 75, 36, -24, -36, -52, -27, 87, -88, -86, 109, 104, -32, 103, 25, -88, -60, -46, 68, 72, 4, -116, -8, 85, 52, -97, 4, -90, -41, 35, 72, -61, 44, -64, 99, 122, -76, 111, 2, 47, -99, 46, -114, -31, -37, 82, -58, -94, -18, 95, -82, -75, 26, 75, 82, 44, -49, 127, -99, -88, 39, -120, -80, 24, -46, -85, 50, 26, 4, -120, -21, -45, 52, -44, 80, -100, -104, 87, -97, 39, 122, -41, 123, 85, -116, 111, -99, -113, -46, -74, 1, 27, -125, 84, -110, 39, 80, -116, 112, 114, -39, 60, -54, 64, -16, 6, -73, 31, 7, 14, 112, 0, 63, 60, 83, 52, 86, 7, -31, -85, -42, -14, -58, -119, -17, -90, -43, -93, -55, 36, 102, -79, -59, -120, -41, -124, 47, 123, -125, 108, 79, -95, -90, 22, -4, 41, 93, 64, 123, 111, 117, 122, 53, 49, -17, 35, 39, -99, 99, 35, -106, -120, -73, 97, 116, 109, -86, 94, 73, 50, -42, 56, -95, 87, -22, -53, 56, -92, -52, -74, -61, -23, -91, 22, 59, 27, 62, -16, -111, 25, -27, -16, 83, 76, -89, -71, -123, -93, -57, 40, 38, -105, 18, 17, -77, -49, -53, -102, 90, -92, -60, -44, 81, 117, 32, -73, -116, -13, 69, 35, 8, -49, -39, 18, 105, 89, 34, 90, 71, 63, 56, 111, 80, 105, 108, -82, 1, -54, -116, -30, -124, -18, -46, 16, 73, -90, -96, -7, -79, 57, -41, 7, 64, -73, 75, -116, 33, 24, -87, -117, -126, 54, -44, -46, 123, 8, -71, -36, -13, 57, 24, -38, -100, -64, 33, -26, 8, -111, -98, 99, -71, 53, -100, -94, -94, 105, 25, -71, 5, 73, -103, -109, 44, -128, -48, 101, -70, -58, -100, -122, -82, -86, -60, -96, -107, -48, -3, -43, 86, 112, 6, -70, 28, -44, 42, 52, 118, 82, -98, -22, 73, -74, 20, -93, -120, -15, -88, 120, 113, 94, -7, -3, -10, 58, 42, -17, -113, 26, 107, 40, -63, -45, -18, -81, 40, -3, 37, -33, -54, -100, 64, 90, -105, -120, -9, 105, -108, 104, -80, 100, 58, 12, -13, 14, -99, 113, -29, -67, 86, 73, 104, -118, -93, 6, -37, 116, 83, -19, 15, 104, -18, 47, -81, 111, 22, -42, 119, 104, -7, -71, 74, 19, -123, -57, -111, -41, 57, 0, 125, 13, 114, -9, 13, 8, 80, -4, -45, -107, 77, -103, 87, 82, 14, -6, -23, -127, 75, -46, -22, 69, -123, -33, -102, 80, 57, -71, 121, -74, 3, 115, -113, 51, -42, -81, -38, 92, 61, -73, 36, -110, -62, -56, -61, 61, -41, -69, -107, -25, -41, 1, -44, -18, 51, -53, -81, 79, -70, -72, -102, 109, -37, 52, 80, -14, 29, 110, 90, -38, -37, -35, 73, 88, 1, -54, 29, -41, 83, -52, 15, 46, 117, -45, 94, -66, 70, -118, -105, -100, 66, -38, -38, 88, -94, 6, 46, -7, 4, -92, -55, -94, -120, -63, -45, 76, 120, -20, 106, -124, -77, -13, 75, 63, -74, -36, 97, 102, 37, -53, 34, -106, 44, -53, -88, 26, 109, -82, 49, -31, -91, 18, -22, -26, 41, 5, -78, -40, 73, 51, 14, -17, -110, -32, -56, -68, -85, 44, -99, 112, 58, -25, 56, -59, 20, 61, 40, -75, 101, -58, -26, -127, 37, 55, 49, -103, 35, -109, 67, -52, 6, 80, 121, 120, 116, -81, 67, -20, -89, 29, -31, 79, 97, 21, -76, -73, 15, 13, -54, 40, 86, 51, 96, 115, -73, -105, -106, -101, -8, 98, -68, -50, 91, -39, 46, -124, 125, -30, -88, -111, 125, -50, 98, 113, -49, -96, 31, 60, 99, 115, 89, 109, 26, -37, -36, -21, 39, 54, 78, -118, 24, -112, 117, -14, -86, -57, -111, -29, 118, -116, -36, 19, 61, -26, -50, 22, -69, -120, -54, -102, -81, 49, 83, -99, 48, 70, -30, -83, -83, -117, -14, -13, 40, -64, -13, -83, -2, -113, 37, -114, 110, -56, 89, -52, 34, 16, -31, 74, 48, -58, 57, -71, 73, 94, 111, -98, 5, 55, -70, -108, 48, -28, 64, 43, -78, 57, 92, -121, -95, 37, 98, -40, -30, 96, 57, 72, -48, -44, 90, -53, -104, -28, 10, -72, -85, 68, 85, -13, -85, 109, -119, 36, 82, -118, -56, -125, -31, 86, -110, -41, 31, 17, 52, 112, 49, -10, -77, 91, -51, 70, -20, -91, 72, -113, 116, -36, -72, -26, -56, -96, 53, -66, -69, 85, -60, 36, 3, -127, -67, 96, -119, -104, -26, -107, -47, 117, 101, 37, -73, -14, -87, 123, 54, -71, -50, 42, -1, 0, 114, 85, 114, 106, 5, 105, 88, -88, -87, -36, 47, 92, -47, -95, -74, -120, 107, 47, -35, 83, -27, -83, -124, -94, -58, -111, -124, -37, 103, -35, 64, 71, -104, -88, 77, 4, 15, -126, 10, -81, -91, 23, -70, -42, -73, -56, 60, 41, 20, 38, -10, 111, -89, -115, 78, 27, 65, -110, 105, 42, 118, -53, -123, 54, -84, -110, -81, -86, -125, -3, -86, -62, 118, -61, -125, -9, 100, 43, 72, -57, -64, 46, 63, -67, 97, -11, -72, 107, -14, 51, 73, 88, -42, 88, 15, -62, 14, -108, 46, -29, 29, 53, -92, -78, -10, -62, -44, 124, 16, 22, -2, 103, 2, -86, 73, -37, 25, 0, -3, -108, 81, 47, -85, 115, 86, 111, -44, 112, 46, -10, 27, 29, 39, 118, -39, -40, 84, 90, -33, -101, 117, 21, -57, 92, 118, -65, -120, 54, 121, 39, -126, 63, -27, -117, 95, -68, -43, 23, -19, 47, 22, 115, -91, -4, -96, 31, -35, 69, 31, -123, 71, -36, -15, -10, 76, 78, -114, -5, -39, -120, -40, 98, -76, -74, 36, -100, -102, -31, -31, -29, -41, -31, 63, 105, 119, 114, -25, -50, 70, 31, -38, -123, 39, 29, -30, 76, 127, 103, 61, -62, -7, -9, -122, -95, -6, -74, -5, 68, -102, -119, -24, -80, 88, -80, 57, 31, 13, 95, -118, 17, 30, -58, -68, -91, 56, -89, 25, 118, -49, -73, 95, 127, -9, -112, 63, -67, 90, -121, -118, 113, -108, 63, -6, -37, -109, -4, -41, 77, -3, -77, 81, 47, 85, -117, -3, 127, -47, -89, 20, 122, -103, -116, 98, -94, 97, 70, -34, -68, -14, 14, 55, -58, 65, -46, -20, -6, 52, -123, -65, -67, 48, -73, -29, 124, 111, -2, -20, 109, -3, 53, 11, -43, 113, -82, 81, 126, -28, 78, -64, -38, 64, 84, -29, 35, 77, -63, -38, -66, 117, -3, 36, 89, 92, 88, 118, -126, -17, 51, -67, -44, 65, -108, 25, -28, 64, -84, 88, -82, -60, 87, -75, 67, -57, 120, -127, -1, 0, 22, 40, -113, -53, 21, -30, -65, -92, 14, 39, 117, -57, 120, -11, -19, -44, 113, -72, -73, 82, -86, 28, 70, 116, 10, -95, 78, 78, 49, -65, 74, -24, -57, -42, 99, -22, 31, -57, -80, -45, -115, -20, 114, -23, 52, 16, -37, -76, 102, 37, 45, 42, -31, -28, -50, 88, 48, 36, -114, 95, 13, -58, 71, 94, 90, -119, 110, -8, -123, 48, 20, 126, -20, -79, 37, -114, 72, -24, 112, 107, -87, -31, -99, -125, -68, -68, -31, -80, 95, 64, -62, 71, -107, -49, -20, 8, 49, -78, -128, 9, -44, -99, -74, -12, -44, 82, 110, 53, -62, 111, 120, 44, -26, -54, -12, -56, -114, -64, 50, -123, -109, 66, -65, -113, -2, 106, -29, -105, 28, -37, -118, 123, -102, 90, 22, -119, -117, 18, 7, 123, -81, -119, -49, -67, -80, -51, 110, 70, -26, 33, 4, 92, -18, 1, 3, 27, -109, -90, -92, 85, -71, -8, 79, 16, 107, 41, -81, 86, -58, 101, -75, 93, 28, -88, -8, 78, 51, -106, 4, -28, 14, -71, -86, -111, -62, -46, -25, -69, 94, 83, -114, -103, 98, -33, -97, -91, 90, -95, 108, 104, 93, 57, 85, 105, 25, -92, 24, -41, -99, -119, 39, -56, -7, 85, -21, 25, -118, -121, 46, -62, 57, 0, -36, 13, 65, -50, -122, -70, -103, -69, 15, -60, -102, -50, 43, -5, 86, 23, 44, -22, -84, 83, -108, -85, -74, 113, -65, 54, -71, 30, 122, -41, 53, -60, 98, 110, 25, 48, -114, 107, 110, 75, -128, 57, -52, 108, 6, 72, 58, 107, -41, -21, -29, -102, -54, 57, -95, -111, -44, 25, 45, -89, -79, -17, -33, -93, -34, 86, -20, -91, -118, 34, -86, -14, 2, 31, -107, -108, -28, -28, -27, -76, 39, 115, -13, -82, -119, -48, 46, -58, -68, -125, -12, 91, -60, 98, -68, -76, -69, -123, 72, -114, -31, 36, 15, -110, 73, 44, -92, 99, 63, 44, 125, -11, -34, -91, -60, -47, 109, 112, 126, 76, 107, -105, 47, -85, -82, -97, 35, -57, 40, -16, 70, -53, 99, -92, 72, -13, -74, -76, 85, -128, 117, 21, -51, 55, 18, -99, 127, -9, 108, 7, -121, 49, -95, -98, 40, -8, -55, -71, -101, -48, 49, 21, -97, -33, 96, -1, 0, 70, 53, -92, -22, -3, -100, -115, -9, -83, 119, 88, -36, -118, -29, -37, -116, -111, -2, 124, -39, -1, 0, -28, 53, 6, -29, -78, 32, -56, -72, -109, -3, 102, -102, -11, -75, -34, 12, 119, 19, -75, -115, -71, 91, 2, -89, -50, 75, 109, 92, 68, 125, -90, -71, 25, -61, 43, 15, -30, -42, -116, -99, -83, -111, 8, 18, -63, 27, 15, 34, 71, -9, -83, -31, -22, -72, 37, -7, 90, 5, 36, 118, -117, -126, 9, -56, -88, -123, 83, -26, 107, -100, -73, -19, 117, -101, 17, -34, 69, 42, 121, -24, 69, 48, -117, -76, 60, 46, 124, 98, -19, 20, -1, 0, 26, -30, -70, -95, -43, -31, -105, 18, 69, 90, 99, 22, 77, 107, 88, -83, 69, 117, 111, 63, -8, 83, -58, -28, -8, 56, -51, 17, -127, 29, 43, 117, 52, -8, 99, -40, -46, 22, -87, 21, -26, -42, -94, 42, 98, -104, -49, 21, 91, 25, 24, -32, -86, -113, -99, 25, 120, 107, -19, -128, 43, -81, -3, 77, 24, -8, 100, 111, -69, -14, -83, 14, 24, -128, -29, -99, -2, -17, -54, -66, 41, -25, 103, 61, 51, -105, 94, 21, 39, -39, 98, -65, 32, 104, -119, -63, 25, -121, -67, 35, 124, -64, 31, -38, -70, 97, -61, 99, 31, -26, 55, -35, -7, 84, -113, 15, 81, -77, -75, 79, -70, -62, -114, 122, 62, 7, 26, -22, 74, -73, -11, 26, -78, -100, 22, 35, -47, 71, -104, 38, -100, -117, 32, -65, 108, -3, 43, 94, -54, 115, -15, -100, 122, 82, 121, 101, -28, 84, 45, 94, 11, 107, -10, -105, 62, -90, -120, -68, 22, -53, -9, 7, -42, -81, -117, 76, -3, -78, 42, 94, -58, -33, 102, 81, -12, -87, 115, -105, -112, -94, -102, -16, -117, 17, -89, 116, 15, -52, -47, -109, -121, 89, 70, 125, -37, 116, -49, -103, -93, -2, -81, -108, -115, 37, 81, -11, -88, -2, -82, -70, -23, 60, 68, 121, -106, -4, -87, 106, -105, -112, -2, -115, -120, 96, 77, -96, -117, -23, 91, -62, 116, 69, 90, -48, -31, 119, 45, -15, 92, 66, -66, -103, 53, 49, -62, -104, 124, 119, -93, -6, 99, -1, 0, 122, -101, -112, -66, 94, 8, 23, -63, -9, 113, -12, 31, -107, 64, 96, 15, -123, 48, 119, -9, 6, -75, 117, 120, 125, -78, -97, -38, 77, 35, -6, -112, 40, -123, -20, 45, -64, 37, 84, 124, -63, -4, 104, 90, -5, 49, -88, -56, -94, -67, -21, 124, 17, -25, -7, 86, -125, 117, -62, 34, -65, 116, 123, -85, 24, 102, 104, -40, 50, 52, -79, -87, 42, 70, -40, -49, -87, -93, 94, -10, -105, -124, 89, -116, 60, -8, 36, 103, -107, 72, -49, -46, -111, 93, -10, -6, -43, 85, -67, -117, -121, -50, -17, -48, -54, 66, 3, -8, -42, -40, -15, 101, -69, 86, 27, 46, -29, 30, 17, -39, -72, -72, 74, -36, 45, -100, 88, -114, -26, 78, 121, 21, -36, 48, -16, -64, 30, 30, 91, 87, 27, -40, 14, -51, -40, 93, -114, 37, 114, -106, 113, -69, -37, 113, 25, 18, 41, 12, -92, 114, 5, 111, 116, 0, 8, -58, -61, 106, 37, -1, 0, 108, -72, -43, -48, 101, -74, 72, 109, 1, 24, 86, 65, -52, -61, -26, 105, 47, 102, -82, 120, -81, 103, -31, 120, 44, 103, 83, 19, -65, 59, 44, -118, 27, 39, -57, 59, -41, 124, 49, 101, 88, -90, -100, -2, 78, -127, 78, 58, 94, -25, -85, -5, 37, -57, -38, 72, -105, 58, -18, 52, -6, -26, -109, 118, -125, -78, 112, -15, -95, 3, 51, -61, 5, -60, 51, -92, -94, 112, -95, -119, -27, -24, 116, 25, -45, 77, 118, -92, -79, -10, -81, -116, 3, -17, -63, 108, -1, 0, -22, -4, -22, -28, 125, -84, -68, -9, 123, -53, 8, -113, -113, 35, -111, 92, 112, -23, -14, 98, -106, -88, 61, -55, 82, -118, -32, 117, 105, -64, 44, -84, 102, 121, -84, -32, -76, -126, 73, 70, 36, 120, -93, 85, 47, -21, -128, 60, 106, -55, -79, 99, -2, 108, 95, 64, 41, 84, 125, -88, -127, -65, -59, -78, -107, 125, 49, 86, -29, -19, 7, 12, -105, -30, 46, -98, -79, -102, -58, 120, -92, -35, -53, -112, -43, 22, 29, -72, 107, -25, 67, 19, 124, -24, 50, 112, -106, 39, 61, -38, 103, -42, -82, 71, 125, 99, 47, -8, 119, 9, -23, -100, 81, 75, -61, -116, -122, 39, -48, -44, 104, -94, -76, -57, -56, -91, -8, 75, 13, 121, 53, -14, 53, 90, 94, 13, 33, -44, 18, 62, 116, -5, -36, -36, 51, 124, -21, 68, 120, 107, -22, 106, -107, -82, 24, -100, 81, -53, -73, 4, -112, 19, -121, 57, -88, 126, -90, -67, -39, 101, 36, 121, -100, -41, 85, -54, -67, 64, -84, 33, 105, -21, -110, 21, 28, -88, -32, -105, -37, 101, 0, -11, -59, 26, 62, -49, -49, -97, 126, 100, 81, -4, 32, -109, 93, 33, -27, 29, 7, -46, -93, -52, -66, 95, 74, 107, 36, -71, 69, 10, 97, -32, -94, 45, -18, 28, -3, 7, -31, 87, 96, 19, -37, -1, 0, -123, 117, 50, -6, 72, 69, 29, -92, 81, -10, 71, -46, -96, 102, 30, 95, 74, 107, 36, -41, 14, -123, 108, -79, 31, 20, -30, 41, -89, -76, 6, -2, 101, 7, -16, -94, 14, 51, -60, 6, -26, 54, -2, -111, 84, 76, -93, -2, 10, -119, -101, -2, 98, -74, 93, 86, 117, -5, 49, -36, -68, -127, -3, 101, -90, 72, 3, -52, -102, 32, -67, 111, 3, 73, -60, -38, -24, 126, 91, 84, -124, -51, -53, -112, -52, 107, -97, 65, 90, -122, -34, -36, -33, -69, -12, -83, 11, -87, -113, 74, 84, -73, 12, 126, -41, -46, -90, 46, 24, 121, -118, 90, 71, 99, 81, 113, 33, -35, -79, -27, 82, -17, -36, 106, 90, -107, 9, -119, -41, 36, 15, 42, -112, -105, 63, 107, -21, 75, 72, -83, 13, 22, -27, -114, -20, 62, 117, 33, 40, 39, 124, 122, -46, -93, 41, -50, 65, 3, -17, -87, 9, 91, 76, -97, -83, 45, 32, -102, 27, -121, -41, 71, 31, 90, -97, 124, -61, 108, 31, -70, -108, -117, -113, 53, -2, -43, 33, 114, -64, 107, -51, -3, 58, -46, -46, 85, -95, -80, -108, -99, 115, 82, 51, 18, 49, -49, -118, 86, 39, -50, -60, -23, -67, 73, 101, 86, -44, 55, -49, 52, 49, 12, 89, 85, -74, 43, -11, -91, -105, -4, 28, -36, -99, 24, -29, -61, -104, -47, 13, -50, 14, -128, 15, 44, -47, 18, -24, 100, 97, -108, 31, 12, 80, -89, 37, -64, -102, 76, 68, -35, -112, -22, -117, 24, -12, 56, -95, -1, 0, -46, 50, -20, 81, 15, -93, -41, 74, 38, -26, 59, -21, -27, 91, -17, -120, -36, -100, 122, -102, -43, 117, 57, 23, 114, 125, -72, -100, -41, -3, 32, -25, 25, 80, 61, 26, -90, -67, -112, 24, -8, -79, 93, 50, -52, 15, -113, -52, -44, -42, 111, 23, 52, -66, -89, 39, -111, 44, 81, 57, -127, -39, 52, 27, -51, 69, 78, -51, 67, 31, -59, 114, -29, -56, 87, 73, -34, -89, 92, 26, -116, -115, 19, 125, -111, -11, -91, -11, 19, -14, 63, 110, 34, 33, -64, -83, 87, 119, -107, -65, -88, 126, 85, 49, -62, -84, -45, -20, 72, 127, -86, -101, 52, 40, 118, 113, 66, 107, 119, 43, -112, 70, 51, -71, 56, -93, -35, -109, -18, 78, -124, 80, 91, 123, 120, -2, 24, -2, -90, -117, -34, 42, -115, 35, 65, -113, 26, -109, -37, -56, 62, 37, 63, 42, 19, 68, -8, 36, 98, -115, 72, 85, 65, -106, -28, -2, -30, 125, 106, 94, -43, -90, 90, 60, 122, 26, -87, -54, -40, -23, -14, -88, -66, 122, -125, -14, -89, 104, 45, -105, 26, -23, 116, -56, 32, 121, -44, 77, -54, -8, -3, -11, 73, -80, 119, 111, -107, 64, -56, -85, -127, -111, 79, 97, 54, -53, -51, 58, -99, -100, 80, -53, -98, -123, 13, 82, 105, 65, -48, -107, -6, 80, -99, -108, 108, -96, -7, -45, 66, -44, -58, 6, 118, -40, 119, 127, 90, 27, 92, 56, -24, -108, -65, -30, 58, -115, 61, 107, 93, -56, -21, 51, 125, 106, -110, 38, -39, 120, -35, -73, -18, -3, -11, 3, 115, 47, 84, 31, -22, -86, -84, -83, -1, 0, 112, -125, -4, -43, 14, 71, 27, 75, -1, 0, -22, -102, 66, 114, 96, 26, 96, 117, 90, -59, -72, 40, 54, -46, -107, -121, 36, -25, -104, -113, -99, 109, -114, 119, 102, -5, -85, 77, 6, -74, 48, 75, -100, -99, -57, -42, -113, -52, -92, 100, -100, 31, 58, 80, 37, 69, 24, 36, 102, -120, -105, 35, 93, 6, -98, 38, -109, -128, -20, 104, -83, -125, -80, -49, -122, -11, 62, -8, -127, -98, 76, -113, 49, 74, -59, -64, 35, 77, 7, -112, -83, 53, -55, -50, 36, 76, -113, 28, 102, -89, 64, -84, 112, 38, 3, -31, 108, 120, -5, -72, -84, 91, -113, 123, 4, 28, 82, -107, -72, 1, 70, 24, 48, -24, 5, 17, 37, 36, -28, -126, 87, -46, -109, -128, -58, 126, -47, -4, 92, -89, -96, -58, 115, 90, -25, 36, 107, -87, 59, -28, 126, 53, 67, -68, 1, -14, 84, -28, -11, 11, -118, 42, -54, -97, 99, 126, -70, 10, -99, 33, 101, -27, -109, -108, -25, -98, -116, 46, 125, -34, 108, -87, 62, 34, -107, -121, 3, -4, -49, -20, 77, 25, 94, 66, -71, 50, 30, 83, -74, 64, 63, -123, 39, 18, -84, 98, -77, -31, 112, -84, -95, 79, -104, 21, 17, 41, 81, -66, 6, -25, -35, -86, 43, 33, 125, 68, -113, -97, 37, -83, 119, -59, 64, 13, -52, -6, 107, -98, -97, 33, 75, 72, 88, -60, 93, 1, -23, -29, -102, -103, -72, -24, -82, 1, -33, -107, -76, 52, -66, 55, 13, -16, -3, -30, -92, 100, 109, -70, -113, -31, 31, 118, 105, 105, 65, 99, 21, -72, 99, -15, 6, -11, -94, 36, -121, -2, 26, 82, -73, 15, -44, -82, 124, -58, 40, -117, 41, -15, 56, -13, -87, 112, 21, -114, 22, 93, 53, -4, -22, 70, 65, -29, 74, 22, -32, -125, -128, 113, -14, -94, 123, 67, 102, -95, -64, 118, 52, 14, 115, -109, -73, -99, 111, -68, -41, 83, -54, 52, 57, -13, 20, -80, 76, -33, 103, 67, -27, 68, 23, 7, 24, 39, -52, -125, -67, 45, 33, 99, 49, 112, -61, 99, -8, 84, -69, -2, 111, -119, 84, -46, -63, 63, 48, 39, 56, -11, -83, 36, -52, -121, 37, -127, 30, 32, 109, 70, -112, -79, -82, 32, 109, 74, 16, 124, -85, 66, 4, 124, -31, -122, -37, 98, -105, -117, -110, 78, 115, -111, -29, -79, -94, 11, -116, -24, 78, 7, -114, 106, 105, -114, -61, -53, 97, -43, 49, -25, -118, -85, 45, -128, 44, 50, 15, 48, -37, 76, -118, 42, 93, -98, 126, 80, 91, 3, 99, -102, 34, -35, 16, 113, -128, 71, -83, 52, -28, -121, -79, 66, 75, 39, 25, 35, -109, 35, 122, -81, 36, 69, 65, -56, 25, -89, 45, 58, 72, 64, -48, 31, 93, 106, 6, 53, 109, -50, 125, 106, -42, 70, 75, 72, 66, -47, -25, 66, 51, -118, 19, -62, 63, 116, 124, -123, 60, 107, 24, -40, 28, 29, 73, -45, 90, -83, 61, -117, -81, 64, -43, -94, -56, -119, 113, -16, 38, 60, -70, -24, 71, -123, 12, -100, 125, -80, 62, 85, 126, 88, 93, 24, -85, 68, 66, -12, 7, -3, -86, -79, -115, 67, 16, 65, 35, -57, 66, 107, 104, -76, -55, 104, -26, 81, -40, -11, -58, -99, 40, -127, -37, 56, -49, -115, 101, 101, 117, 48, 8, -70, -77, 19, -82, 54, -96, 72, -60, -54, 118, -36, 116, 21, -107, -108, -94, 53, -56, 69, -111, -61, -32, 49, 3, 30, 53, 57, 29, -71, 7, -68, 119, -4, 107, 43, 40, -112, 48, -78, 124, 123, -111, -91, 110, 57, 28, -98, 92, -23, -102, -35, 101, 64, -119, 65, 35, -107, -43, -40, -6, -102, 48, 3, 59, 117, -84, -84, -88, 99, 68, -121, -38, 52, 66, -60, 71, -90, -107, -107, -107, 33, 34, 92, -60, 38, 116, 39, -50, -94, -77, 54, 25, -41, 10, 67, 99, 65, 89, 89, 82, -122, 16, 18, -48, 9, 11, 28, -73, -98, -44, 118, 99, -18, 12, -28, 86, 86, 84, -80, 54, -57, 57, -50, -70, 86, -56, -60, 121, 26, 31, -10, -84, -84, -87, 99, 102, -41, 87, -83, -119, 24, 72, 71, 77, 43, 43, 40, 36, 41, 118, 80, 72, 39, 92, 86, -111, -55, 63, 42, -54, -54, 72, 100, -7, -113, 49, -14, -51, 77, 29, -126, 3, -109, -100, 86, 86, 84, -79, 18, 82, 91, -109, -104, -109, -100, 102, -92, 119, 35, 29, 43, 43, 42, 70, 109, -16, -40, 12, -93, 24, -94, 40, -62, 18, 52, -64, -48, 86, 86, 80, -64, -108, 100, -70, 6, 59, -42, -71, -40, 54, 1, -46, -78, -78, -89, -72, -40, 68, 99, -55, -100, -21, -118, -97, 59, 16, 50, 126, -41, -27, 89, 89, 72, 9, -32, 49, 33, -70, -43, 121, 109, -29, 4, -31, 113, -83, 106, -78, -124, -35, -115, 31, -1, -39]]
2026-05-30 14:04:41:871 | [BookPort] | INFO  | com.example.BookPort.auth.controller.v1.RegistrController | RegistrController--> Sending call to AuthRegisterService.
2026-05-30 14:04:41:883 | [BookPort] | INFO  | com.example.BookPort.auth.service.AuthRegisterService | AuthRegisterService--> Inside register service.
2026-05-30 14:04:42:848 | [BookPort] | INFO  | com.example.BookPort.auth.service.AuthRegisterService | AuthRegisterService--> No existing user with username abhogal7. Going to create record in Staging table.
2026-05-30 14:04:43:015 | [BookPort] | WARN  | org.springframework.web.servlet.mvc.method.annotation.ExceptionHandlerExceptionResolver | Resolved [org.springframework.orm.jpa.JpaSystemException: Identifier of entity 'com.example.BookPort.auth.entity.RegistrationRequestStagegate' must be manually assigned before calling 'persist()']
2026-05-30 14:06:34:189 | [BookPort] | INFO  | com.example.BookPort.BookPortApplication | Starting BookPortApplication using Java 21.0.8 with PID 17436 (D:\Project\BookPort\bin\main started by lenovo in D:\Project\BookPort)
2026-05-30 14:06:34:198 | [BookPort] | INFO  | com.example.BookPort.BookPortApplication | No active profile set, falling back to 1 default profile: "default"
2026-05-30 14:06:34:257 | [BookPort] | INFO  | org.springframework.boot.devtools.env.DevToolsPropertyDefaultsPostProcessor | Devtools property defaults active! Set 'spring.devtools.add-properties' to 'false' to disable
2026-05-30 14:06:34:258 | [BookPort] | INFO  | org.springframework.boot.devtools.env.DevToolsPropertyDefaultsPostProcessor | For additional web related logging consider setting the 'logging.level.web' property to 'DEBUG'
2026-05-30 14:06:34:342 | [BookPort] | INFO  | org.hibernate.validator.internal.util.Version | HV000001: Hibernate Validator 9.0.1.Final
2026-05-30 14:06:35:053 | [BookPort] | INFO  | org.springframework.data.repository.config.RepositoryConfigurationDelegate | Bootstrapping Spring Data JPA repositories in DEFAULT mode.
2026-05-30 14:06:35:133 | [BookPort] | INFO  | org.springframework.data.repository.config.RepositoryConfigurationDelegate | Finished Spring Data repository scanning in 61 ms. Found 1 JPA repository interface.
2026-05-30 14:06:35:650 | [BookPort] | INFO  | org.springframework.boot.tomcat.TomcatWebServer | Tomcat initialized with port 8081 (http)
2026-05-30 14:06:35:665 | [BookPort] | INFO  | org.apache.coyote.http11.Http11NioProtocol | Initializing ProtocolHandler ["http-nio-8081"]
2026-05-30 14:06:35:670 | [BookPort] | INFO  | org.apache.catalina.core.StandardService | Starting service [Tomcat]
2026-05-30 14:06:35:670 | [BookPort] | INFO  | org.apache.catalina.core.StandardEngine | Starting Servlet engine: [Apache Tomcat/11.0.21]
2026-05-30 14:06:35:721 | [BookPort] | INFO  | org.springframework.boot.web.context.servlet.WebApplicationContextInitializer | Root WebApplicationContext: initialization completed in 1460 ms
2026-05-30 14:06:35:940 | [BookPort] | INFO  | org.hibernate.orm.jpa | HHH008540: Processing PersistenceUnitInfo [name: default]
2026-05-30 14:06:35:992 | [BookPort] | INFO  | org.hibernate.orm.core | HHH000001: Hibernate ORM core version 7.2.12.Final
2026-05-30 14:06:36:519 | [BookPort] | INFO  | org.springframework.orm.jpa.persistenceunit.SpringPersistenceUnitInfo | No LoadTimeWeaver setup: ignoring JPA class transformer
2026-05-30 14:06:36:565 | [BookPort] | INFO  | com.zaxxer.hikari.HikariDataSource | HikariPool-1 - Starting...
2026-05-30 14:06:36:936 | [BookPort] | INFO  | com.zaxxer.hikari.pool.HikariPool | HikariPool-1 - Added connection com.mysql.cj.jdbc.ConnectionImpl@6212ff26
2026-05-30 14:06:36:939 | [BookPort] | INFO  | com.zaxxer.hikari.HikariDataSource | HikariPool-1 - Start completed.
2026-05-30 14:06:37:051 | [BookPort] | INFO  | org.hibernate.orm.connections.pooling | HHH10001005: Database info:
	Database JDBC URL [jdbc:mysql://localhost:3306/library_management]
	Database driver: MySQL Connector/J
	Database dialect: MySQLDialect
	Database version: 8.0.39
	Default catalog/schema: library_management/undefined
	Autocommit mode: undefined/unknown
	Isolation level: REPEATABLE_READ [default REPEATABLE_READ]
	JDBC fetch size: none
	Pool: DataSourceConnectionProvider
	Minimum pool size: undefined/unknown
	Maximum pool size: undefined/unknown
2026-05-30 14:06:37:825 | [BookPort] | INFO  | org.hibernate.orm.core | HHH000489: No JTA platform available (set 'hibernate.transaction.jta.platform' to enable JTA platform integration)
2026-05-30 14:06:37:832 | [BookPort] | INFO  | org.springframework.orm.jpa.LocalContainerEntityManagerFactoryBean | Initialized JPA EntityManagerFactory for persistence unit 'default'
2026-05-30 14:06:37:917 | [BookPort] | INFO  | org.springframework.data.jpa.repository.query.QueryEnhancerFactories | Hibernate is in classpath; If applicable, HQL parser will be used.
2026-05-30 14:06:38:232 | [BookPort] | WARN  | org.springframework.boot.jpa.autoconfigure.JpaBaseConfiguration$JpaWebConfiguration | spring.jpa.open-in-view is enabled by default. Therefore, database queries may be performed during view rendering. Explicitly configure spring.jpa.open-in-view to disable this warning
2026-05-30 14:06:38:624 | [BookPort] | INFO  | org.apache.coyote.http11.Http11NioProtocol | Starting ProtocolHandler ["http-nio-8081"]
2026-05-30 14:06:38:648 | [BookPort] | INFO  | org.springframework.boot.tomcat.TomcatWebServer | Tomcat started on port 8081 (http) with context path '/'
2026-05-30 14:06:38:657 | [BookPort] | INFO  | com.example.BookPort.BookPortApplication | Started BookPortApplication in 5.021 seconds (process running for 5.652)
2026-05-30 14:06:42:513 | [BookPort] | INFO  | org.apache.catalina.core.ContainerBase.[Tomcat].[localhost].[/] | Initializing Spring DispatcherServlet 'dispatcherServlet'
2026-05-30 14:06:42:513 | [BookPort] | INFO  | org.springframework.web.servlet.DispatcherServlet | Initializing Servlet 'dispatcherServlet'
2026-05-30 14:06:42:525 | [BookPort] | INFO  | org.springframework.web.servlet.DispatcherServlet | Completed initialization in 12 ms
2026-05-30 14:06:42:657 | [BookPort] | INFO  | com.example.BookPort.auth.controller.v1.RegistrController | RegistrController--> Inside register controller.
2026-05-30 14:06:42:659 | [BookPort] | INFO  | com.example.BookPort.common.util.IdGenerator | IdGenerator--> IdGenerator bean created for module 1
2026-05-30 14:06:42:660 | [BookPort] | INFO  | com.example.BookPort.common.util.IdGenerator | IdGenerator--> Inside generateId for module 1
2026-05-30 14:06:42:661 | [BookPort] | INFO  | com.example.BookPort.common.util.IdGenerator | IdGenerator--> current MilliSecond 1780130202660
2026-05-30 14:06:42:662 | [BookPort] | INFO  | com.example.BookPort.common.util.IdGenerator | IdGenerator--> lastTimestamp -1
2026-05-30 14:06:42:662 | [BookPort] | INFO  | com.example.BookPort.common.util.IdGenerator | IdGenerator--> counter: 0
2026-05-30 14:06:42:663 | [BookPort] | INFO  | com.example.BookPort.common.util.IdGenerator | IdGenerator--> counter post millisecond check: 0
2026-05-30 14:06:42:663 | [BookPort] | INFO  | com.example.BookPort.common.util.IdGenerator | IdGenerator--> RETURNING ID : 2615001050802660000
2026-05-30 14:06:42:663 | [BookPort] | INFO  | com.example.BookPort.auth.controller.v1.RegistrController | RegistrController--> Registration ID generated: 2615001050802660000
2026-05-30 14:06:42:663 | [BookPort] | INFO  | com.example.BookPort.common.util.IdGenerator | IdGenerator--> Inside generateId for module 1
2026-05-30 14:06:42:663 | [BookPort] | INFO  | com.example.BookPort.common.util.IdGenerator | IdGenerator--> current MilliSecond 1780130202663
2026-05-30 14:06:42:663 | [BookPort] | INFO  | com.example.BookPort.common.util.IdGenerator | IdGenerator--> lastTimestamp 1780130202660
2026-05-30 14:06:42:663 | [BookPort] | INFO  | com.example.BookPort.common.util.IdGenerator | IdGenerator--> counter: 0
2026-05-30 14:06:42:663 | [BookPort] | INFO  | com.example.BookPort.common.util.IdGenerator | IdGenerator--> counter post millisecond check: 0
2026-05-30 14:06:42:663 | [BookPort] | INFO  | com.example.BookPort.common.util.IdGenerator | IdGenerator--> RETURNING ID : 2615001050802663000
2026-05-30 14:06:42:687 | [BookPort] | INFO  | com.example.BookPort.auth.controller.v1.RegistrController | RegistrController--> Incoming request: AuthRegisterRequestDto [registrationId=2615001050802663000, username=abhogal7, name=Aman Singh Bhogal, email=aman5@example.com, mobNumber=9427461183, gender=null, dob=Sun Sep 22 00:00:00 IST 2002, status=PENDING, createdAt=null, updatedAt=null, password=Password@123, govIdFront=[-1, -40, -1, -32, 0, 16, 74, 70, 73, 70, 0, 1, 1, 0, 0, 1, 0, 1, 0, 0, -1, -37, 0, -124, 0, 9, 6, 7, 8, 7, 6, 9, 8, 7, 8, 10, 10, 9, 11, 13, 22, 15, 13, 12, 12, 13, 27, 20, 21, 16, 22, 32, 29, 34, 34, 32, 29, 31, 31, 36, 40, 52, 44, 36, 38, 49, 39, 31, 31, 45, 61, 45, 49, 53, 55, 58, 58, 58, 35, 43, 63, 68, 63, 56, 67, 52, 57, 58, 55, 1, 10, 10, 10, 13, 12, 13, 26, 15, 15, 26, 55, 37, 31, 37, 55, 55, 55, 55, 55, 55, 55, 55, 55, 55, 55, 55, 55, 55, 55, 55, 55, 55, 55, 55, 55, 55, 55, 55, 55, 55, 55, 55, 55, 55, 55, 55, 55, 55, 55, 55, 55, 55, 55, 55, 55, 55, 55, 55, 55, 55, 55, 55, 55, 55, -1, -64, 0, 17, 8, 0, -108, 1, 14, 3, 1, 34, 0, 2, 17, 1, 3, 17, 1, -1, -60, 0, 28, 0, 0, 2, 2, 3, 1, 1, 0, 0, 0, 0, 0, 0, 0, 0, 0, 0, 3, 5, 2, 4, 0, 1, 6, 7, 8, -1, -60, 0, 65, 16, 0, 2, 1, 3, 2, 3, 5, 5, 4, 8, 5, 3, 5, 0, 0, 0, 1, 2, 3, 0, 4, 17, 33, 49, 5, 18, 65, 6, 19, 81, 97, 113, 20, 34, 50, -127, -111, 66, -95, -63, -47, 7, 21, 35, 82, 98, 114, -126, -79, 51, 67, -110, -31, -16, 22, 83, -15, 52, 68, 115, -109, -94, -1, -60, 0, 26, 1, 0, 3, 1, 1, 1, 1, 0, 0, 0, 0, 0, 0, 0, 0, 0, 0, 0, 1, 2, 3, 4, 5, 6, -1, -60, 0, 40, 17, 0, 2, 2, 1, 3, 3, 3, 4, 3, 0, 0, 0, 0, 0, 0, 0, 0, 1, 2, 17, 3, 18, 33, 49, 4, 65, 81, 5, 19, 34, 20, 21, 50, 66, 97, -127, -95, -1, -38, 0, 12, 3, 1, 0, 2, 17, 3, 17, 0, 63, 0, -13, 108, 84, -46, 38, 109, -75, -84, 2, -92, -71, 31, 9, 34, -66, -124, -15, -84, -63, 25, 27, -125, 83, -18, -21, 57, -53, 111, 83, 86, 56, -42, -127, 89, 16, -75, 32, 42, 65, -65, -122, -120, 27, 77, -121, -46, -102, 17, -91, 20, 104, -50, 58, 100, 86, -108, -7, 15, -91, 16, 107, -48, 80, 38, 25, 38, 11, -94, -88, -59, 77, -97, -97, 29, 40, 10, 40, -118, 41, -47, 45, -122, 10, 60, 86, -120, -76, 53, 20, 100, 90, 100, -123, 78, 118, -9, 70, -85, -46, -116, -79, -107, -8, -76, -95, 38, 87, 111, -70, -118, -96, -17, -110, 73, -15, -96, 65, 20, 81, 80, 84, 16, 81, -44, 80, 34, 104, -75, 97, 5, 14, 49, 86, 80, 84, 48, 38, -126, -84, 34, -44, 17, 122, -43, -120, -93, 102, 56, 85, 36, -8, 1, 89, -71, 34, -46, 101, -2, 21, 99, -19, -20, -16, 38, 22, 64, 57, -107, -67, 43, -91, -32, 118, 83, 88, 67, 50, -80, -60, -124, -12, -37, -27, 72, 56, 36, -122, -34, -19, 93, 84, -77, 96, -116, 1, -83, 117, 54, -9, -20, -17, -56, -15, -108, 108, 103, 4, 98, -72, 122, -119, 74, -24, -17, -23, -29, 30, 123, -108, 56, -68, 45, 113, 18, -27, 71, 120, -97, 9, -95, -61, 24, -122, 62, -19, 23, 3, -87, -3, -22, -67, 112, 121, -51, 7, -69, -14, -84, -93, 45, -88, -42, 81, -7, 106, 55, 29, 77, -100, -88, 10, -75, 16, -104, 27, 86, -71, 117, -92, -54, 15, 30, 15, -81, 90, -73, 24, -86, 74, 113, -118, -67, 110, -68, -29, 122, -50, 69, -60, 60, 122, 10, 42, -44, 85, 49, 82, -38, -77, 53, 52, 85, 114, 67, 96, -126, 122, -118, -33, 74, -39, -38, -94, 13, 0, 42, -67, -110, 83, 33, 71, -9, 84, 108, 60, 106, -83, 57, -71, -73, -114, -32, 2, 91, 12, 54, 34, -86, -120, 22, -33, 73, 19, -68, -50, -51, 90, -87, -86, 49, -108, 29, -97, 48, -14, -42, -15, 69, -27, -14, -84, -27, -14, -81, 112, -14, -20, 24, 90, -112, 21, 48, -75, 32, -96, 80, 34, 32, 81, 21, 107, 97, 104, -118, 40, 17, -118, 40, -118, 43, 21, 104, -86, -76, -60, 104, 10, 42, -83, 96, 90, 34, -83, 49, 27, 85, -93, 32, -88, -88, -94, -86, -48, 34, 74, 40, -56, -75, 5, 20, 116, 20, 18, 77, 22, -114, -119, 80, -116, 109, -91, 117, -10, 125, -101, -74, -70, -32, 113, -34, 91, -68, -83, 55, 46, -85, -47, -50, 118, -84, -78, -27, 88, -22, -53, -122, 55, 55, -15, 17, -16, -34, 27, 115, -60, 36, 41, 105, 17, -111, -108, 115, 31, 120, 12, 15, -99, 118, 92, 47, -77, 16, 90, 93, 36, -13, -49, -34, -29, 7, -69, 100, 26, 31, 58, -33, 10, -114, -42, 23, 105, -83, 99, 8, -52, -95, 78, -124, 109, -75, 93, 105, 88, -71, 53, -25, -26, -49, 57, 58, 92, 29, -8, -80, -62, 42, -33, 37, -104, -8, 55, 14, 25, 100, -76, -125, 87, 44, 73, 92, -111, -23, 87, 87, -70, 67, -92, 105, -112, 52, -64, -23, 75, -31, -99, -41, 99, -67, 100, -78, -76, 106, 92, 12, -80, -40, 87, 51, 77, -67, -39, -46, -100, 82, -39, 27, 19, 91, 69, 117, 35, -92, 28, -100, -5, -80, 24, -26, -96, -36, 93, -57, 113, 112, -116, -54, 65, -113, 60, -104, 29, 14, 55, -86, 50, -35, -103, 9, -25, 62, -15, -5, 62, 21, 4, -63, -15, -51, 90, -123, 25, 57, -115, 99, 2, 81, -111, -82, 40, -94, 61, 54, -96, -40, -57, -53, -93, 28, 18, 116, -51, 48, 72, -11, 21, 18, 116, -51, -94, -83, 21, -69, -83, 54, -95, -76, 120, -90, 13, -54, -93, -50, -76, 99, -120, -116, -79, -59, 78, -95, -23, 23, -123, 57, 26, 31, -91, 92, -73, 96, -121, 93, 42, 38, 95, -119, 84, 124, 63, 125, 12, 30, 125, 73, -94, -20, 18, -95, -110, -100, -118, -58, 56, -96, 70, -40, 81, 88, -20, 15, -115, 69, 23, 102, -35, -51, 68, 62, 40, 78, -58, -122, 88, -45, -95, 89, 111, -104, 81, 57, -44, -113, 120, 103, 21, 67, -100, -42, -60, -124, 81, 67, -77, -63, -41, -78, -100, 97, -83, 13, -46, -38, 115, 71, -116, -128, -83, -106, 35, -46, -88, -55, -62, 111, -29, -116, -56, -10, 83, 42, 40, -55, 102, 92, 1, 94, -73, -62, 120, -27, -107, -38, -14, 66, -31, 72, -45, -105, 108, -46, -66, -35, -53, 114, -4, 55, -71, -75, 28, -53, 33, -52, -124, 111, -118, -12, -29, -44, 77, -50, -102, 60, -41, -122, 58, 109, 51, -50, -72, 95, 12, 126, 33, 43, 34, -70, -58, 20, 106, -51, 86, 110, -72, 58, -37, 70, -54, -45, -85, -50, 14, -61, -62, -123, 11, 24, -78, 8, 57, -49, -114, 49, 86, -51, -52, 79, -126, -22, 73, 11, -128, -89, 99, 93, 50, -69, -40, -63, 85, 10, -28, -74, -110, 28, 119, -120, 84, 29, -119, 27, -42, -128, 25, -63, -34, -70, 20, -102, 62, 33, 8, -118, 126, 72, -93, 77, -78, 112, 69, 91, -31, -4, 11, -122, -36, 69, 38, 110, -3, -32, 14, 50, 113, 71, -71, 92, -117, 77, -16, 114, -22, -72, 25, 58, 81, 21, 115, -80, 63, 74, -23, 120, 21, -107, -110, 25, 94, 118, 66, -24, 112, 27, 124, -4, -85, -89, -105, -122, -16, -117, -69, 85, -73, 107, 120, -69, -48, -92, -85, 69, -128, 114, 125, 42, 101, -99, 39, -63, 81, -58, -38, -28, -13, 117, 95, 26, 42, -83, 49, -30, -36, 45, -84, 46, -28, -115, 68, -116, -120, 6, 93, -105, 26, -1, 0, -52, 85, 68, 94, -67, 43, 104, -55, 73, 90, 50, -110, 113, -39, -102, 85, -14, -93, 42, -47, 33, -127, -28, 96, -79, -93, 51, 19, -128, 20, 100, -102, -71, 63, 15, -71, -75, 115, 29, -51, -68, -79, 56, 25, 33, -41, 26, 81, -87, 45, -104, -110, 111, 116, 84, 85, -94, -94, -22, 41, -27, -113, 103, 37, -98, -38, 59, -121, -99, 17, 24, 100, -116, 106, -75, -87, 123, 63, 117, 28, -100, -79, 21, -112, 116, 35, 74, -113, 118, 23, 86, 63, 110, 85, 116, 84, -31, -10, -85, 60, -63, 93, -71, 80, 110, -34, 21, -24, 60, 22, 104, 34, -77, 17, 91, 114, -80, 93, 52, 53, -60, -89, 11, -65, -128, -107, -18, 28, -125, -15, 5, -89, 92, 39, -122, -15, 27, 107, -108, 43, 19, -92, 79, -71, 36, 87, 55, 80, -93, 37, -55, -45, -127, -72, 62, 14, -78, -39, 64, 113, -123, -50, 117, -55, 21, -69, -59, 73, 55, -9, 66, -11, -57, 90, -126, -5, 64, 88, -33, -105, 109, 49, -102, 52, -28, -53, 25, 82, 112, 119, 58, 87, -100, -7, 61, 5, -70, 23, -62, -20, -31, -121, 33, 1, 118, 39, -83, 17, -27, -18, -30, 119, -54, -110, -85, -79, 53, 97, -96, -26, -119, 79, 54, 0, -40, 120, -46, -114, 61, 8, 101, -17, 57, -80, -60, 0, 84, 85, -57, 118, 68, -66, 40, 92, -46, -76, -78, 23, 56, -44, -25, 74, -75, 110, -84, -20, 0, -86, 17, -18, 0, 26, 83, -98, 22, -63, 27, 44, -71, -83, -25, -78, 57, -15, -18, -58, -80, -122, 76, 22, 57, -94, 61, -55, 78, -103, -86, -73, 19, 16, -70, 109, 85, -60, -124, -99, 14, 107, -106, -84, -22, -70, 47, -5, 66, -79, -55, 6, -79, -7, -89, 66, 35, -40, 117, -51, 5, 1, -64, -56, -56, -85, 22, -84, -79, -125, -125, -116, -12, -95, -20, 82, -36, -81, 108, 102, 89, 88, -78, 28, -114, -92, 85, -120, -62, 62, 85, -68, 104, -83, 113, 24, 24, -48, -102, -87, 35, -14, 18, -54, -89, 94, -76, -71, 14, 11, -68, -70, 96, 26, -125, -87, 80, 58, -43, 104, -91, 36, -4, 85, 118, 50, 10, -21, -42, -109, -40, 107, 114, -77, 102, -74, 23, -101, 97, 69, -112, 5, -83, 25, 21, 62, 17, 64, -24, -120, -127, -79, -102, -113, 119, -115, -51, 16, 94, 70, -93, 86, -91, -9, 87, -103, 127, 116, -23, 70, -30, 109, 35, -52, -82, -82, 44, -117, -76, -112, 56, 89, 64, -9, 89, 70, 42, -117, 113, -69, -41, -124, -60, -20, -78, 47, -117, 111, 66, -18, 61, 107, 94, -49, -27, 94, -60, 99, 21, -55, -28, 60, -115, -117, -39, 11, 63, 55, 90, -48, -115, -87, -113, -77, -97, 10, -33, -77, -26, -76, -44, -120, -90, 80, -28, 39, 122, 34, 43, 3, -85, 17, 87, 61, -102, -119, 29, -93, -56, 112, -120, 88, -17, -96, -95, -76, 27, -127, -74, 10, -78, -122, 125, 71, 92, 83, 14, 29, 115, 29, -83, -46, -52, -124, -128, -89, 32, -99, 107, 35, -31, 55, -114, 50, -74, -14, 99, -7, 104, -16, 112, -103, -106, 104, -110, 104, -54, -93, 54, -67, 113, 81, 39, 23, -55, 113, -44, -72, 59, 11, 9, -31, -30, 48, -107, -103, 20, -13, 46, 10, -80, -50, -97, -107, 14, -17, -77, 28, 54, 75, 102, -114, 40, -42, 23, 119, 4, 58, -115, 71, -91, 57, -32, -10, 54, 118, -10, -54, -79, -59, -115, 48, 89, -66, 35, -13, -93, -67, -78, -13, 21, 26, -83, 121, -81, 43, -116, -66, 44, -12, 22, 52, -29, -14, 71, 57, -63, 120, 82, -16, -71, -104, 58, -58, -19, -51, -107, -108, 40, -55, 30, 21, -43, -107, 89, -19, 94, 57, -108, 72, -82, 10, -80, -15, 6, -86, 61, -86, -17, -51, -125, 67, -122, -36, 6, -28, 73, -101, 93, -13, 74, 114, -42, -19, -79, -62, 26, 21, 80, -65, -116, 114, 90, -73, 50, 42, 8, -16, 2, -86, -29, 24, -91, 23, 28, 66, -22, 120, -64, -116, 48, 7, 113, -115, -87, -19, -9, 14, 120, -26, 105, 21, -124, -118, -33, 101, -86, -76, 62, -47, 17, -18, -47, 35, 40, 79, -68, -104, -83, 97, 40, -41, -109, 25, -58, 87, -32, 47, 9, 49, -83, -84, 125, -31, 118, 56, -55, -55, -21, 87, 19, -118, -58, -110, -70, -55, -112, -67, 42, -83, -52, -42, -42, 112, 73, 51, -107, 64, -117, -52, -39, -39, 107, -50, -81, -69, 108, -105, 82, -81, -77, 97, -97, -104, 126, -55, 70, -66, -128, -11, -15, -41, 27, 15, 26, -61, 36, -30, -99, -78, -11, 56, 42, 71, -86, -89, 17, -117, -97, 42, -40, 67, -71, 38, -93, 113, 125, 27, 74, 121, 95, 74, -15, 11, -18, -45, 113, 86, -102, 104, -31, -119, -71, 99, -62, -70, -9, -127, -76, 7, 57, -56, 27, -45, 46, 25, -37, 43, -89, -99, -51, -62, -26, 36, 62, -14, -86, 96, -81, -49, 93, 63, -26, 107, 37, -105, 29, -16, 39, -106, 71, -86, -36, 92, -69, -123, -18, -37, 110, -126, -88, 92, -51, 47, 121, -5, 82, 65, 62, 52, -115, 59, 79, 105, 19, 102, 73, -107, 1, -63, 25, 56, -9, 73, -64, 56, -4, 41, -77, -15, 24, 56, -116, 8, -32, -13, 48, 26, 21, -4, 107, -94, 45, 94, -60, -71, 89, 20, 30, -9, 49, -85, -16, 74, 83, -31, 56, -91, -27, -76, -94, 68, -25, -58, -76, 123, -119, 58, 29, 91, 58, -50, 64, -112, -32, 13, -22, -55, -74, 80, -54, 80, -23, -42, -108, -119, 0, -117, 0, 124, -24, -80, -33, -14, 46, 36, 108, -118, -55, -59, -10, 55, 82, 75, -111, -116, -81, -35, -116, 19, -12, -91, 115, 93, 58, 49, -63, 56, -13, -93, -75, -60, 114, 16, -51, -95, -58, 6, 40, 114, -63, 28, -117, -107, 109, 105, 47, -28, 37, -65, 5, 101, -71, 110, 108, -28, -26, -82, -37, 75, 36, -24, -36, -52, -27, 87, -88, -86, 109, 104, -32, 103, 25, -88, -60, -46, 68, 72, 4, -116, -8, 85, 52, -97, 4, -90, -41, 35, 72, -61, 44, -64, 99, 122, -76, 111, 2, 47, -99, 46, -114, -31, -37, 82, -58, -94, -18, 95, -82, -75, 26, 75, 82, 44, -49, 127, -99, -88, 39, -120, -80, 24, -46, -85, 50, 26, 4, -120, -21, -45, 52, -44, 80, -100, -104, 87, -97, 39, 122, -41, 123, 85, -116, 111, -99, -113, -46, -74, 1, 27, -125, 84, -110, 39, 80, -116, 112, 114, -39, 60, -54, 64, -16, 6, -73, 31, 7, 14, 112, 0, 63, 60, 83, 52, 86, 7, -31, -85, -42, -14, -58, -119, -17, -90, -43, -93, -55, 36, 102, -79, -59, -120, -41, -124, 47, 123, -125, 108, 79, -95, -90, 22, -4, 41, 93, 64, 123, 111, 117, 122, 53, 49, -17, 35, 39, -99, 99, 35, -106, -120, -73, 97, 116, 109, -86, 94, 73, 50, -42, 56, -95, 87, -22, -53, 56, -92, -52, -74, -61, -23, -91, 22, 59, 27, 62, -16, -111, 25, -27, -16, 83, 76, -89, -71, -123, -93, -57, 40, 38, -105, 18, 17, -77, -49, -53, -102, 90, -92, -60, -44, 81, 117, 32, -73, -116, -13, 69, 35, 8, -49, -39, 18, 105, 89, 34, 90, 71, 63, 56, 111, 80, 105, 108, -82, 1, -54, -116, -30, -124, -18, -46, 16, 73, -90, -96, -7, -79, 57, -41, 7, 64, -73, 75, -116, 33, 24, -87, -117, -126, 54, -44, -46, 123, 8, -71, -36, -13, 57, 24, -38, -100, -64, 33, -26, 8, -111, -98, 99, -71, 53, -100, -94, -94, 105, 25, -71, 5, 73, -103, -109, 44, -128, -48, 101, -70, -58, -100, -122, -82, -86, -60, -96, -107, -48, -3, -43, 86, 112, 6, -70, 28, -44, 42, 52, 118, 82, -98, -22, 73, -74, 20, -93, -120, -15, -88, 120, 113, 94, -7, -3, -10, 58, 42, -17, -113, 26, 107, 40, -63, -45, -18, -81, 40, -3, 37, -33, -54, -100, 64, 90, -105, -120, -9, 105, -108, 104, -80, 100, 58, 12, -13, 14, -99, 113, -29, -67, 86, 73, 104, -118, -93, 6, -37, 116, 83, -19, 15, 104, -18, 47, -81, 111, 22, -42, 119, 104, -7, -71, 74, 19, -123, -57, -111, -41, 57, 0, 125, 13, 114, -9, 13, 8, 80, -4, -45, -107, 77, -103, 87, 82, 14, -6, -23, -127, 75, -46, -22, 69, -123, -33, -102, 80, 57, -71, 121, -74, 3, 115, -113, 51, -42, -81, -38, 92, 61, -73, 36, -110, -62, -56, -61, 61, -41, -69, -107, -25, -41, 1, -44, -18, 51, -53, -81, 79, -70, -72, -102, 109, -37, 52, 80, -14, 29, 110, 90, -38, -37, -35, 73, 88, 1, -54, 29, -41, 83, -52, 15, 46, 117, -45, 94, -66, 70, -118, -105, -100, 66, -38, -38, 88, -94, 6, 46, -7, 4, -92, -55, -94, -120, -63, -45, 76, 120, -20, 106, -124, -77, -13, 75, 63, -74, -36, 97, 102, 37, -53, 34, -106, 44, -53, -88, 26, 109, -82, 49, -31, -91, 18, -22, -26, 41, 5, -78, -40, 73, 51, 14, -17, -110, -32, -56, -68, -85, 44, -99, 112, 58, -25, 56, -59, 20, 61, 40, -75, 101, -58, -26, -127, 37, 55, 49, -103, 35, -109, 67, -52, 6, 80, 121, 120, 116, -81, 67, -20, -89, 29, -31, 79, 97, 21, -76, -73, 15, 13, -54, 40, 86, 51, 96, 115, -73, -105, -106, -101, -8, 98, -68, -50, 91, -39, 46, -124, 125, -30, -88, -111, 125, -50, 98, 113, -49, -96, 31, 60, 99, 115, 89, 109, 26, -37, -36, -21, 39, 54, 78, -118, 24, -112, 117, -14, -86, -57, -111, -29, 118, -116, -36, 19, 61, -26, -50, 22, -69, -120, -54, -102, -81, 49, 83, -99, 48, 70, -30, -83, -83, -117, -14, -13, 40, -64, -13, -83, -2, -113, 37, -114, 110, -56, 89, -52, 34, 16, -31, 74, 48, -58, 57, -71, 73, 94, 111, -98, 5, 55, -70, -108, 48, -28, 64, 43, -78, 57, 92, -121, -95, 37, 98, -40, -30, 96, 57, 72, -48, -44, 90, -53, -104, -28, 10, -72, -85, 68, 85, -13, -85, 109, -119, 36, 82, -118, -56, -125, -31, 86, -110, -41, 31, 17, 52, 112, 49, -10, -77, 91, -51, 70, -20, -91, 72, -113, 116, -36, -72, -26, -56, -96, 53, -66, -69, 85, -60, 36, 3, -127, -67, 96, -119, -104, -26, -107, -47, 117, 101, 37, -73, -14, -87, 123, 54, -71, -50, 42, -1, 0, 114, 85, 114, 106, 5, 105, 88, -88, -87, -36, 47, 92, -47, -95, -74, -120, 107, 47, -35, 83, -27, -83, -124, -94, -58, -111, -124, -37, 103, -35, 64, 71, -104, -88, 77, 4, 15, -126, 10, -81, -91, 23, -70, -42, -73, -56, 60, 41, 20, 38, -10, 111, -89, -115, 78, 27, 65, -110, 105, 42, 118, -53, -123, 54, -84, -110, -81, -86, -125, -3, -86, -62, 118, -61, -125, -9, 100, 43, 72, -57, -64, 46, 63, -67, 97, -11, -72, 107, -14, 51, 73, 88, -42, 88, 15, -62, 14, -108, 46, -29, 29, 53, -92, -78, -10, -62, -44, 124, 16, 22, -2, 103, 2, -86, 73, -37, 25, 0, -3, -108, 81, 47, -85, 115, 86, 111, -44, 112, 46, -10, 27, 29, 39, 118, -39, -40, 84, 90, -33, -101, 117, 21, -57, 92, 118, -65, -120, 54, 121, 39, -126, 63, -27, -117, 95, -68, -43, 23, -19, 47, 22, 115, -91, -4, -96, 31, -35, 69, 31, -123, 71, -36, -15, -10, 76, 78, -114, -5, -39, -120, -40, 98, -76, -74, 36, -100, -102, -31, -31, -29, -41, -31, 63, 105, 119, 114, -25, -50, 70, 31, -38, -123, 39, 29, -30, 76, 127, 103, 61, -62, -7, -9, -122, -95, -6, -74, -5, 68, -102, -119, -24, -80, 88, -80, 57, 31, 13, 95, -118, 17, 30, -58, -68, -91, 56, -89, 25, 118, -49, -73, 95, 127, -9, -112, 63, -67, 90, -121, -118, 113, -108, 63, -6, -37, -109, -4, -41, 77, -3, -77, 81, 47, 85, -117, -3, 127, -47, -89, 20, 122, -103, -116, 98, -94, 97, 70, -34, -68, -14, 14, 55, -58, 65, -46, -20, -6, 52, -123, -65, -67, 48, -73, -29, 124, 111, -2, -20, 109, -3, 53, 11, -43, 113, -82, 81, 126, -28, 78, -64, -38, 64, 84, -29, 35, 77, -63, -38, -66, 117, -3, 36, 89, 92, 88, 118, -126, -17, 51, -67, -44, 65, -108, 25, -28, 64, -84, 88, -82, -60, 87, -75, 67, -57, 120, -127, -1, 0, 22, 40, -113, -53, 21, -30, -65, -92, 14, 39, 117, -57, 120, -11, -19, -44, 113, -72, -73, 82, -86, 28, 70, 116, 10, -95, 78, 78, 49, -65, 74, -24, -57, -42, 99, -22, 31, -57, -80, -45, -115, -20, 114, -23, 52, 16, -37, -76, 102, 37, 45, 42, -31, -28, -50, 88, 48, 36, -114, 95, 13, -58, 71, 94, 90, -119, 110, -8, -123, 48, 20, 126, -20, -79, 37, -114, 72, -24, 112, 107, -87, -31, -99, -125, -68, -68, -31, -80, 95, 64, -62, 71, -107, -49, -20, 8, 49, -78, -128, 9, -44, -99, -74, -12, -44, 82, 110, 53, -62, 111, 120, 44, -26, -54, -12, -56, -114, -64, 50, -123, -109, 66, -65, -113, -2, 106, -29, -105, 28, -37, -118, 123, -102, 90, 22, -119, -117, 18, 7, 123, -81, -119, -49, -67, -80, -51, 110, 70, -26, 33, 4, 92, -18, 1, 3, 27, -109, -90, -92, 85, -71, -8, 79, 16, 107, 41, -81, 86, -58, 101, -75, 93, 28, -88, -8, 78, 51, -106, 4, -28, 14, -71, -86, -111, -62, -46, -25, -69, 94, 83, -114, -103, 98, -33, -97, -91, 90, -95, 108, 104, 93, 57, 85, 105, 25, -92, 24, -41, -99, -119, 39, -56, -7, 85, -21, 25, -118, -121, 46, -62, 57, 0, -36, 13, 65, -50, -122, -70, -103, -69, 15, -60, -102, -50, 43, -5, 86, 23, 44, -22, -84, 83, -108, -85, -74, 113, -65, 54, -71, 30, 122, -41, 53, -60, 98, 110, 25, 48, -114, 107, 110, 75, -128, 57, -52, 108, 6, 72, 58, 107, -41, -21, -29, -102, -54, 57, -95, -111, -44, 25, 45, -89, -79, -17, -33, -93, -34, 86, -20, -91, -118, 34, -86, -14, 2, 31, -107, -108, -28, -28, -27, -76, 39, 115, -13, -82, -119, -48, 46, -58, -68, -125, -12, 91, -60, 98, -68, -76, -69, -123, 72, -114, -31, 36, 15, -110, 73, 44, -92, 99, 63, 44, 125, -11, -34, -91, -60, -47, 109, 112, 126, 76, 107, -105, 47, -85, -82, -97, 35, -57, 40, -16, 70, -53, 99, -92, 72, -13, -74, -76, 85, -128, 117, 21, -51, 55, 18, -99, 127, -9, 108, 7, -121, 49, -95, -98, 40, -8, -55, -71, -101, -48, 49, 21, -97, -33, 96, -1, 0, 70, 53, -92, -22, -3, -100, -115, -9, -83, 119, 88, -36, -118, -29, -37, -116, -111, -2, 124, -39, -1, 0, -28, 53, 6, -29, -78, 32, -56, -72, -109, -3, 102, -102, -11, -75, -34, 12, 119, 19, -75, -115, -71, 91, 2, -89, -50, 75, 109, 92, 68, 125, -90, -71, 25, -61, 43, 15, -30, -42, -116, -99, -83, -111, 8, 18, -63, 27, 15, 34, 71, -9, -83, -31, -22, -72, 37, -7, 90, 5, 36, 118, -117, -126, 9, -56, -88, -123, 83, -26, 107, -100, -73, -19, 117, -101, 17, -34, 69, 42, 121, -24, 69, 48, -117, -76, 60, 46, 124, 98, -19, 20, -1, 0, 26, -30, -70, -95, -43, -31, -105, 18, 69, 90, 99, 22, 77, 107, 88, -83, 69, 117, 111, 63, -8, 83, -58, -28, -8, 56, -51, 17, -127, 29, 43, 117, 52, -8, 99, -40, -46, 22, -87, 21, -26, -42, -94, 42, 98, -104, -49, 21, 91, 25, 24, -32, -86, -113, -99, 25, 120, 107, -19, -128, 43, -81, -3, 77, 24, -8, 100, 111, -69, -14, -83, 14, 24, -128, -29, -99, -2, -17, -54, -66, 41, -25, 103, 61, 51, -105, 94, 21, 39, -39, 98, -65, 32, 104, -119, -63, 25, -121, -67, 35, 124, -64, 31, -38, -70, 97, -61, 99, 31, -26, 55, -35, -7, 84, -113, 15, 81, -77, -75, 79, -70, -62, -114, 122, 62, 7, 26, -22, 74, -73, -11, 26, -78, -100, 22, 35, -47, 71, -104, 38, -100, -117, 32, -65, 108, -3, 43, 94, -54, 115, -15, -100, 122, 82, 121, 101, -28, 84, 45, 94, 11, 107, -10, -105, 62, -90, -120, -68, 22, -53, -9, 7, -42, -81, -117, 76, -3, -78, 42, 94, -58, -33, 102, 81, -12, -87, 115, -105, -112, -94, -102, -16, -117, 17, -89, 116, 15, -52, -47, -109, -121, 89, 70, 125, -37, 116, -49, -103, -93, -2, -81, -108, -115, 37, 81, -11, -88, -2, -82, -70, -23, 60, 68, 121, -106, -4, -87, 106, -105, -112, -2, -115, -120, 96, 77, -96, -117, -23, 91, -62, 116, 69, 90, -48, -31, 119, 45, -15, 92, 66, -66, -103, 53, 49, -62, -104, 124, 119, -93, -6, 99, -1, 0, 122, -101, -112, -66, 94, 8, 23, -63, -9, 113, -12, 31, -107, 64, 96, 15, -123, 48, 119, -9, 6, -75, 117, 120, 125, -78, -97, -38, 77, 35, -6, -112, 40, -123, -20, 45, -64, 37, 84, 124, -63, -4, 104, 90, -5, 49, -88, -56, -94, -67, -21, 124, 17, -25, -7, 86, -125, 117, -62, 34, -65, 116, 123, -85, 24, 102, 104, -40, 50, 52, -79, -87, 42, 70, -40, -49, -87, -93, 94, -10, -105, -124, 89, -116, 60, -8, 36, 103, -107, 72, -49, -46, -111, 93, -10, -6, -43, 85, -67, -117, -121, -50, -17, -48, -54, 66, 3, -8, -42, -40, -15, 101, -69, 86, 27, 46, -29, 30, 17, -39, -72, -72, 74, -36, 45, -100, 88, -114, -26, 78, 121, 21, -36, 48, -16, -64, 30, 30, 91, 87, 27, -40, 14, -51, -40, 93, -114, 37, 114, -106, 113, -69, -37, 113, 25, 18, 41, 12, -92, 114, 5, 111, 116, 0, 8, -58, -61, 106, 37, -1, 0, 108, -72, -43, -48, 101, -74, 72, 109, 1, 24, 86, 65, -52, -61, -26, 105, 47, 102, -82, 120, -81, 103, -31, 120, 44, 103, 83, 19, -65, 59, 44, -118, 27, 39, -57, 59, -41, 124, 49, 101, 88, -90, -100, -2, 78, -127, 78, 58, 94, -25, -85, -5, 37, -57, -38, 72, -105, 58, -18, 52, -6, -26, -109, 118, -125, -78, 112, -15, -95, 3, 51, -61, 5, -60, 51, -92, -94, 112, -95, -119, -27, -24, 116, 25, -45, 77, 118, -92, -79, -10, -81, -116, 3, -17, -63, 108, -1, 0, -22, -4, -22, -28, 125, -84, -68, -9, 123, -53, 8, -113, -113, 35, -111, 92, 112, -23, -14, 98, -106, -88, 61, -55, 82, -118, -32, 117, 105, -64, 44, -84, 102, 121, -84, -32, -76, -126, 73, 70, 36, 120, -93, 85, 47, -21, -128, 60, 106, -55, -79, 99, -2, 108, 95, 64, 41, 84, 125, -88, -127, -65, -59, -78, -107, 125, 49, 86, -29, -19, 7, 12, -105, -30, 46, -98, -79, -102, -58, 120, -92, -35, -53, -112, -43, 22, 29, -72, 107, -25, 67, 19, 124, -24, 50, 112, -106, 39, 61, -38, 103, -42, -82, 71, 125, 99, 47, -8, 119, 9, -23, -100, 81, 75, -61, -116, -122, 39, -48, -44, 104, -94, -76, -57, -56, -91, -8, 75, 13, 121, 53, -14, 53, 90, 94, 13, 33, -44, 18, 62, 116, -5, -36, -36, 51, 124, -21, 68, 120, 107, -22, 106, -107, -82, 24, -100, 81, -53, -73, 4, -112, 19, -121, 57, -88, 126, -90, -67, -39, 101, 36, 121, -100, -41, 85, -54, -67, 64, -84, 33, 105, -21, -110, 21, 28, -88, -32, -105, -37, 101, 0, -11, -59, 26, 62, -49, -49, -97, 126, 100, 81, -4, 32, -109, 93, 33, -27, 29, 7, -46, -93, -52, -66, 95, 74, 107, 36, -71, 69, 10, 97, -32, -94, 45, -18, 28, -3, 7, -31, 87, 96, 19, -37, -1, 0, -123, 117, 50, -6, 72, 69, 29, -92, 81, -10, 71, -46, -96, 102, 30, 95, 74, 107, 36, -41, 14, -123, 108, -79, 31, 20, -30, 41, -89, -76, 6, -2, 101, 7, -16, -94, 14, 51, -60, 6, -26, 54, -2, -111, 84, 76, -93, -2, 10, -119, -101, -2, 98, -74, 93, 86, 117, -5, 49, -36, -68, -127, -3, 101, -90, 72, 3, -52, -102, 32, -67, 111, 3, 73, -60, -38, -24, 126, 91, 84, -124, -51, -53, -112, -52, 107, -97, 65, 90, -122, -34, -36, -33, -69, -12, -83, 11, -87, -113, 74, 84, -73, 12, 126, -41, -46, -90, 46, 24, 121, -118, 90, 71, 99, 81, 113, 33, -35, -79, -27, 82, -17, -36, 106, 90, -107, 9, -119, -41, 36, 15, 42, -112, -105, 63, 107, -21, 75, 72, -83, 13, 22, -27, -114, -20, 62, 117, 33, 40, 39, 124, 122, -46, -93, 41, -50, 65, 3, -17, -87, 9, 91, 76, -97, -83, 45, 32, -102, 27, -121, -41, 71, 31, 90, -97, 124, -61, 108, 31, -70, -108, -117, -113, 53, -2, -43, 33, 114, -64, 107, -51, -3, 58, -46, -46, 85, -95, -80, -108, -99, 115, 82, 51, 18, 49, -49, -118, 86, 39, -50, -60, -23, -67, 73, 101, 86, -44, 55, -49, 52, 49, 12, 89, 85, -74, 43, -11, -91, -105, -4, 28, -36, -99, 24, -29, -61, -104, -47, 13, -50, 14, -128, 15, 44, -47, 18, -24, 100, 97, -108, 31, 12, 80, -89, 37, -64, -102, 76, 68, -35, -112, -22, -117, 24, -12, 56, -95, -1, 0, -46, 50, -20, 81, 15, -93, -41, 74, 38, -26, 59, -21, -27, 91, -17, -120, -36, -100, 122, -102, -43, 117, 57, 23, 114, 125, -72, -100, -41, -3, 32, -25, 25, 80, 61, 26, -90, -67, -112, 24, -8, -79, 93, 50, -52, 15, -113, -52, -44, -42, 111, 23, 52, -66, -89, 39, -111, 44, 81, 57, -127, -39, 52, 27, -51, 69, 78, -51, 67, 31, -59, 114, -29, -56, 87, 73, -34, -89, 92, 26, -116, -115, 19, 125, -111, -11, -91, -11, 19, -14, 63, 110, 34, 33, -64, -83, 87, 119, -107, -65, -88, 126, 85, 49, -62, -84, -45, -20, 72, 127, -86, -101, 52, 40, 118, 113, 66, 107, 119, 43, -112, 70, 51, -71, 56, -93, -35, -109, -18, 78, -124, 80, 91, 123, 120, -2, 24, -2, -90, -117, -34, 42, -115, 35, 65, -113, 26, -109, -37, -56, 62, 37, 63, 42, 19, 68, -8, 36, 98, -115, 72, 85, 65, -106, -28, -2, -30, 125, 106, 94, -43, -90, 90, 60, 122, 26, -87, -54, -40, -23, -14, -88, -66, 122, -125, -14, -89, 104, 45, -105, 26, -23, 116, -56, 32, 121, -44, 77, -54, -8, -3, -11, 73, -80, 119, 111, -107, 64, -56, -85, -127, -111, 79, 97, 54, -53, -51, 58, -99, -100, 80, -53, -98, -123, 13, 82, 105, 65, -48, -107, -6, 80, -99, -108, 108, -96, -7, -45, 66, -44, -58, 6, 118, -40, 119, 127, 90, 27, 92, 56, -24, -108, -65, -30, 58, -115, 61, 107, 93, -56, -21, 51, 125, 106, -110, 38, -39, 120, -35, -73, -18, -3, -11, 3, 115, 47, 84, 31, -22, -86, -84, -83, -1, 0, 112, -125, -4, -43, 14, 71, 27, 75, -1, 0, -22, -102, 66, 114, 96, 26, 96, 117, 90, -59, -72, 40, 54, -46, -107, -121, 36, -25, -104, -113, -99, 109, -114, 119, 102, -5, -85, 77, 6, -74, 48, 75, -100, -99, -57, -42, -113, -52, -92, 100, -100, 31, 58, 80, 37, 69, 24, 36, 102, -120, -105, 35, 93, 6, -98, 38, -109, -128, -20, 104, -83, -125, -80, -49, -122, -11, 62, -8, -127, -98, 76, -113, 49, 74, -59, -64, 35, 77, 7, -112, -83, 53, -55, -50, 36, 76, -113, 28, 102, -89, 64, -84, 112, 38, 3, -31, 108, 120, -5, -72, -84, 91, -113, 123, 4, 28, 82, -107, -72, 1, 70, 24, 48, -24, 5, 17, 37, 36, -28, -126, 87, -46, -109, -128, -58, 126, -47, -4, 92, -89, -96, -58, 115, 90, -25, 36, 107, -87, 59, -28, 126, 53, 67, -68, 1, -14, 84, -28, -11, 11, -118, 42, -54, -97, 99, 126, -70, 10, -99, 33, 101, -27, -109, -108, -25, -98, -116, 46, 125, -34, 108, -87, 62, 34, -107, -121, 3, -4, -49, -20, 77, 25, 94, 66, -71, 50, 30, 83, -74, 64, 63, -123, 39, 18, -84, 98, -77, -31, 112, -84, -95, 79, -104, 21, 17, 41, 81, -66, 6, -25, -35, -86, 43, 33, 125, 68, -113, -97, 37, -83, 119, -59, 64, 13, -52, -6, 107, -98, -97, 33, 75, 72, 88, -60, 93, 1, -23, -29, -102, -103, -72, -24, -82, 1, -33, -107, -76, 52, -66, 55, 13, -16, -3, -30, -92, 100, 109, -70, -113, -31, 31, 118, 105, 105, 65, 99, 21, -72, 99, -15, 6, -11, -94, 36, -121, -2, 26, 82, -73, 15, -44, -82, 124, -58, 40, -117, 41, -15, 56, -13, -87, 112, 21, -114, 22, 93, 53, -4, -22, 70, 65, -29, 74, 22, -32, -125, -128, 113, -14, -94, 123, 67, 102, -95, -64, 118, 52, 14, 115, -109, -73, -99, 111, -68, -41, 83, -54, 52, 57, -13, 20, -80, 76, -33, 103, 67, -27, 68, 23, 7, 24, 39, -52, -125, -67, 45, 33, 99, 49, 112, -61, 99, -8, 84, -69, -2, 111, -119, 84, -46, -63, 63, 48, 39, 56, -11, -83, 36, -52, -121, 37, -127, 30, 32, 109, 70, -112, -79, -82, 32, 109, 74, 16, 124, -85, 66, 4, 124, -31, -122, -37, 98, -105, -117, -110, 78, 115, -111, -29, -79, -94, 11, -116, -24, 78, 7, -114, 106, 105, -114, -61, -53, 97, -43, 49, -25, -118, -85, 45, -128, 44, 50, 15, 48, -37, 76, -118, 42, 93, -98, 126, 80, 91, 3, 99, -102, 34, -35, 16, 113, -128, 71, -83, 52, -28, -121, -79, 66, 75, 39, 25, 35, -109, 35, 122, -81, 36, 69, 65, -56, 25, -89, 45, 58, 72, 64, -48, 31, 93, 106, 6, 53, 109, -50, 125, 106, -42, 70, 75, 72, 66, -47, -25, 66, 51, -118, 19, -62, 63, 116, 124, -123, 60, 107, 24, -40, 28, 29, 73, -45, 90, -83, 61, -117, -81, 64, -43, -94, -56, -119, 113, -16, 38, 60, -70, -24, 71, -123, 12, -100, 125, -80, 62, 85, 126, 88, 93, 24, -85, 68, 66, -12, 7, -3, -86, -79, -115, 67, 16, 65, 35, -57, 66, 107, 104, -76, -55, 104, -26, 81, -40, -11, -58, -99, 40, -127, -37, 56, -49, -115, 101, 101, 117, 48, 8, -70, -77, 19, -82, 54, -96, 72, -60, -54, 118, -36, 116, 21, -107, -108, -94, 53, -56, 69, -111, -61, -32, 49, 3, 30, 53, 57, 29, -71, 7, -68, 119, -4, 107, 43, 40, -112, 48, -78, 124, 123, -111, -91, 110, 57, 28, -98, 92, -23, -102, -35, 101, 64, -119, 65, 35, -107, -43, -40, -6, -102, 48, 3, 59, 117, -84, -84, -88, 99, 68, -121, -38, 52, 66, -60, 71, -90, -107, -107, -107, 33, 34, 92, -60, 38, 116, 39, -50, -94, -77, 54, 25, -41, 10, 67, 99, 65, 89, 89, 82, -122, 16, 18, -48, 9, 11, 28, -73, -98, -44, 118, 99, -18, 12, -28, 86, 86, 84, -80, 54, -57, 57, -50, -70, 86, -56, -60, 121, 26, 31, -10, -84, -84, -87, 99, 102, -41, 87, -83, -119, 24, 72, 71, 77, 43, 43, 40, 36, 41, 118, 80, 72, 39, 92, 86, -111, -55, 63, 42, -54, -54, 72, 100, -7, -113, 49, -14, -51, 77, 29, -126, 3, -109, -100, 86, 86, 84, -79, 18, 82, 91, -109, -104, -109, -100, 102, -92, 119, 35, 29, 43, 43, 42, 70, 109, -16, -40, 12, -93, 24, -94, 40, -62, 18, 52, -64, -48, 86, 86, 80, -64, -108, 100, -70, 6, 59, -42, -71, -40, 54, 1, -46, -78, -78, -89, -72, -40, 68, 99, -55, -100, -21, -118, -97, 59, 16, 50, 126, -41, -27, 89, 89, 72, 9, -32, 49, 33, -70, -43, 121, 109, -29, 4, -31, 113, -83, 106, -78, -124, -35, -115, 31, -1, -39], govIdBack=[-1, -40, -1, -32, 0, 16, 74, 70, 73, 70, 0, 1, 1, 0, 0, 1, 0, 1, 0, 0, -1, -37, 0, -124, 0, 9, 6, 7, 8, 7, 6, 9, 8, 7, 8, 10, 10, 9, 11, 13, 22, 15, 13, 12, 12, 13, 27, 20, 21, 16, 22, 32, 29, 34, 34, 32, 29, 31, 31, 36, 40, 52, 44, 36, 38, 49, 39, 31, 31, 45, 61, 45, 49, 53, 55, 58, 58, 58, 35, 43, 63, 68, 63, 56, 67, 52, 57, 58, 55, 1, 10, 10, 10, 13, 12, 13, 26, 15, 15, 26, 55, 37, 31, 37, 55, 55, 55, 55, 55, 55, 55, 55, 55, 55, 55, 55, 55, 55, 55, 55, 55, 55, 55, 55, 55, 55, 55, 55, 55, 55, 55, 55, 55, 55, 55, 55, 55, 55, 55, 55, 55, 55, 55, 55, 55, 55, 55, 55, 55, 55, 55, 55, 55, 55, -1, -64, 0, 17, 8, 0, -108, 1, 14, 3, 1, 34, 0, 2, 17, 1, 3, 17, 1, -1, -60, 0, 28, 0, 0, 2, 2, 3, 1, 1, 0, 0, 0, 0, 0, 0, 0, 0, 0, 0, 3, 5, 2, 4, 0, 1, 6, 7, 8, -1, -60, 0, 65, 16, 0, 2, 1, 3, 2, 3, 5, 5, 4, 8, 5, 3, 5, 0, 0, 0, 1, 2, 3, 0, 4, 17, 33, 49, 5, 18, 65, 6, 19, 81, 97, 113, 20, 34, 50, -127, -111, 66, -95, -63, -47, 7, 21, 35, 82, 98, 114, -126, -79, 51, 67, -110, -31, -16, 22, 83, -15, 52, 68, 115, -109, -94, -1, -60, 0, 26, 1, 0, 3, 1, 1, 1, 1, 0, 0, 0, 0, 0, 0, 0, 0, 0, 0, 0, 1, 2, 3, 4, 5, 6, -1, -60, 0, 40, 17, 0, 2, 2, 1, 3, 3, 3, 4, 3, 0, 0, 0, 0, 0, 0, 0, 0, 1, 2, 17, 3, 18, 33, 49, 4, 65, 81, 5, 19, 34, 20, 21, 50, 66, 97, -127, -95, -1, -38, 0, 12, 3, 1, 0, 2, 17, 3, 17, 0, 63, 0, -13, 108, 84, -46, 38, 109, -75, -84, 2, -92, -71, 31, 9, 34, -66, -124, -15, -84, -63, 25, 27, -125, 83, -18, -21, 57, -53, 111, 83, 86, 56, -42, -127, 89, 16, -75, 32, 42, 65, -65, -122, -120, 27, 77, -121, -46, -102, 17, -91, 20, 104, -50, 58, 100, 86, -108, -7, 15, -91, 16, 107, -48, 80, 38, 25, 38, 11, -94, -88, -59, 77, -97, -97, 29, 40, 10, 40, -118, 41, -47, 45, -122, 10, 60, 86, -120, -76, 53, 20, 100, 90, 100, -123, 78, 118, -9, 70, -85, -46, -116, -79, -107, -8, -76, -95, 38, 87, 111, -70, -118, -96, -17, -110, 73, -15, -96, 65, 20, 81, 80, 84, 16, 81, -44, 80, 34, 104, -75, 97, 5, 14, 49, 86, 80, 84, 48, 38, -126, -84, 34, -44, 17, 122, -43, -120, -93, 102, 56, 85, 36, -8, 1, 89, -71, 34, -46, 101, -2, 21, 99, -19, -20, -16, 38, 22, 64, 57, -107, -67, 43, -91, -32, 118, 83, 88, 67, 50, -80, -60, -124, -12, -37, -27, 72, 56, 36, -122, -34, -19, 93, 84, -77, 96, -116, 1, -83, 117, 54, -9, -20, -17, -56, -15, -108, 108, 103, 4, 98, -72, 122, -119, 74, -24, -17, -23, -29, 30, 123, -108, 56, -68, 45, 113, 18, -27, 71, 120, -97, 9, -95, -61, 24, -122, 62, -19, 23, 3, -87, -3, -22, -67, 112, 121, -51, 7, -69, -14, -84, -93, 45, -88, -42, 81, -7, 106, 55, 29, 77, -100, -88, 10, -75, 16, -104, 27, 86, -71, 117, -92, -54, 15, 30, 15, -81, 90, -73, 24, -86, 74, 113, -118, -67, 110, -68, -29, 122, -50, 69, -60, 60, 122, 10, 42, -44, 85, 49, 82, -38, -77, 53, 52, 85, 114, 67, 96, -126, 122, -118, -33, 74, -39, -38, -94, 13, 0, 42, -67, -110, 83, 33, 71, -9, 84, 108, 60, 106, -83, 57, -71, -73, -114, -32, 2, 91, 12, 54, 34, -86, -120, 22, -33, 73, 19, -68, -50, -51, 90, -87, -86, 49, -108, 29, -97, 48, -14, -42, -15, 69, -27, -14, -84, -27, -14, -81, 112, -14, -20, 24, 90, -112, 21, 48, -75, 32, -96, 80, 34, 32, 81, 21, 107, 97, 104, -118, 40, 17, -118, 40, -118, 43, 21, 104, -86, -76, -60, 104, 10, 42, -83, 96, 90, 34, -83, 49, 27, 85, -93, 32, -88, -88, -94, -86, -48, 34, 74, 40, -56, -75, 5, 20, 116, 20, 18, 77, 22, -114, -119, 80, -116, 109, -91, 117, -10, 125, -101, -74, -70, -32, 113, -34, 91, -68, -83, 55, 46, -85, -47, -50, 118, -84, -78, -27, 88, -22, -53, -122, 55, 55, -15, 17, -16, -34, 27, 115, -60, 36, 41, 105, 17, -111, -108, 115, 31, 120, 12, 15, -99, 118, 92, 47, -77, 16, 90, 93, 36, -13, -49, -34, -29, 7, -69, 100, 26, 31, 58, -33, 10, -114, -42, 23, 105, -83, 99, 8, -52, -95, 78, -124, 109, -75, 93, 105, 88, -71, 53, -25, -26, -49, 57, 58, 92, 29, -8, -80, -62, 42, -33, 37, -104, -8, 55, 14, 25, 100, -76, -125, 87, 44, 73, 92, -111, -23, 87, 87, -70, 67, -92, 105, -112, 52, -64, -23, 75, -31, -99, -41, 99, -67, 100, -78, -76, 106, 92, 12, -80, -40, 87, 51, 77, -67, -39, -46, -100, 82, -39, 27, 19, 91, 69, 117, 35, -92, 28, -100, -5, -80, 24, -26, -96, -36, 93, -57, 113, 112, -116, -54, 65, -113, 60, -104, 29, 14, 55, -86, 50, -35, -103, 9, -25, 62, -15, -5, 62, 21, 4, -63, -15, -51, 90, -123, 25, 57, -115, 99, 2, 81, -111, -82, 40, -94, 61, 54, -96, -40, -57, -53, -93, 28, 18, 116, -51, 48, 72, -11, 21, 18, 116, -51, -94, -83, 21, -69, -83, 54, -95, -76, 120, -90, 13, -54, -93, -50, -76, 99, -120, -116, -79, -59, 78, -95, -23, 23, -123, 57, 26, 31, -91, 92, -73, 96, -121, 93, 42, 38, 95, -119, 84, 124, 63, 125, 12, 30, 125, 73, -94, -20, 18, -95, -110, -100, -118, -58, 56, -96, 70, -40, 81, 88, -20, 15, -115, 69, 23, 102, -35, -51, 68, 62, 40, 78, -58, -122, 88, -45, -95, 89, 111, -104, 81, 57, -44, -113, 120, 103, 21, 67, -100, -42, -60, -124, 81, 67, -77, -63, -41, -78, -100, 97, -83, 13, -46, -38, 115, 71, -116, -128, -83, -106, 35, -46, -88, -55, -62, 111, -29, -116, -56, -10, 83, 42, 40, -55, 102, 92, 1, 94, -73, -62, 120, -27, -107, -38, -14, 66, -31, 72, -45, -105, 108, -46, -66, -35, -53, 114, -4, 55, -71, -75, 28, -53, 33, -52, -124, 111, -118, -12, -29, -44, 77, -50, -102, 60, -41, -122, 58, 109, 51, -50, -72, 95, 12, 126, 33, 43, 34, -70, -58, 20, 106, -51, 86, 110, -72, 58, -37, 70, -54, -45, -85, -50, 14, -61, -62, -123, 11, 24, -78, 8, 57, -49, -114, 49, 86, -51, -52, 79, -126, -22, 73, 11, -128, -89, 99, 93, 50, -69, -40, -63, 85, 10, -28, -74, -110, 28, 119, -120, 84, 29, -119, 27, -42, -128, 25, -63, -34, -70, 20, -102, 62, 33, 8, -118, 126, 72, -93, 77, -78, 112, 69, 91, -31, -4, 11, -122, -36, 69, 38, 110, -3, -32, 14, 50, 113, 71, -71, 92, -117, 77, -16, 114, -22, -72, 25, 58, 81, 21, 115, -80, 63, 74, -23, 120, 21, -107, -110, 25, 94, 118, 66, -24, 112, 27, 124, -4, -85, -89, -105, -122, -16, -117, -69, 85, -73, 107, 120, -69, -48, -92, -85, 69, -128, 114, 125, 42, 101, -99, 39, -63, 81, -58, -38, -28, -13, 117, 95, 26, 42, -83, 49, -30, -36, 45, -84, 46, -28, -115, 68, -116, -120, 6, 93, -105, 26, -1, 0, -52, 85, 68, 94, -67, 43, 104, -55, 73, 90, 50, -110, 113, -39, -102, 85, -14, -93, 42, -47, 33, -127, -28, 96, -79, -93, 51, 19, -128, 20, 100, -102, -71, 63, 15, -71, -75, 115, 29, -51, -68, -79, 56, 25, 33, -41, 26, 81, -87, 45, -104, -110, 111, 116, 84, 85, -94, -94, -22, 41, -27, -113, 103, 37, -98, -38, 59, -121, -99, 17, 24, 100, -116, 106, -75, -87, 123, 63, 117, 28, -100, -79, 21, -112, 116, 35, 74, -113, 118, 23, 86, 63, 110, 85, 116, 84, -31, -10, -85, 60, -63, 93, -71, 80, 110, -34, 21, -24, 60, 22, 104, 34, -77, 17, 91, 114, -80, 93, 52, 53, -60, -89, 11, -65, -128, -107, -18, 28, -125, -15, 5, -89, 92, 39, -122, -15, 27, 107, -108, 43, 19, -92, 79, -71, 36, 87, 55, 80, -93, 37, -55, -45, -127, -72, 62, 14, -78, -39, 64, 113, -123, -50, 117, -55, 21, -69, -59, 73, 55, -9, 66, -11, -57, 90, -126, -5, 64, 88, -33, -105, 109, 49, -102, 52, -28, -53, 25, 82, 112, 119, 58, 87, -100, -7, 61, 5, -70, 23, -62, -20, -31, -121, 33, 1, 118, 39, -83, 17, -27, -18, -30, 119, -54, -110, -85, -79, 53, 97, -96, -26, -119, 79, 54, 0, -40, 120, -46, -114, 61, 8, 101, -17, 57, -80, -60, 0, 84, 85, -57, 118, 68, -66, 40, 92, -46, -76, -78, 23, 56, -44, -25, 74, -75, 110, -84, -20, 0, -86, 17, -18, 0, 26, 83, -98, 22, -63, 27, 44, -71, -83, -25, -78, 57, -15, -18, -58, -80, -122, 76, 22, 57, -94, 61, -55, 78, -103, -86, -73, 19, 16, -70, 109, 85, -60, -124, -99, 14, 107, -106, -84, -22, -70, 47, -5, 66, -79, -55, 6, -79, -7, -89, 66, 35, -40, 117, -51, 5, 1, -64, -56, -56, -85, 22, -84, -79, -125, -125, -116, -12, -95, -20, 82, -36, -81, 108, 102, 89, 88, -78, 28, -114, -92, 85, -120, -62, 62, 85, -68, 104, -83, 113, 24, 24, -48, -102, -87, 35, -14, 18, -54, -89, 94, -76, -71, 14, 11, -68, -70, 96, 26, -125, -87, 80, 58, -43, 104, -91, 36, -4, 85, 118, 50, 10, -21, -42, -109, -40, 107, 114, -77, 102, -74, 23, -101, 97, 69, -112, 5, -83, 25, 21, 62, 17, 64, -24, -120, -127, -79, -102, -113, 119, -115, -51, 16, 94, 70, -93, 86, -91, -9, 87, -103, 127, 116, -23, 70, -30, 109, 35, -52, -82, -82, 44, -117, -76, -112, 56, 89, 64, -9, 89, 70, 42, -117, 113, -69, -41, -124, -60, -20, -78, 47, -117, 111, 66, -18, 61, 107, 94, -49, -27, 94, -60, 99, 21, -55, -28, 60, -115, -117, -39, 11, 63, 55, 90, -48, -115, -87, -113, -77, -97, 10, -33, -77, -26, -76, -44, -120, -90, 80, -28, 39, 122, 34, 43, 3, -85, 17, 87, 61, -102, -119, 29, -93, -56, 112, -120, 88, -17, -96, -95, -76, 27, -127, -74, 10, -78, -122, 125, 71, 92, 83, 14, 29, 115, 29, -83, -46, -52, -124, -128, -89, 32, -99, 107, 35, -31, 55, -114, 50, -74, -14, 99, -7, 104, -16, 112, -103, -106, 104, -110, 104, -54, -93, 54, -67, 113, 81, 39, 23, -55, 113, -44, -72, 59, 11, 9, -31, -30, 48, -107, -103, 20, -13, 46, 10, -80, -50, -97, -107, 14, -17, -77, 28, 54, 75, 102, -114, 40, -42, 23, 119, 4, 58, -115, 71, -91, 57, -32, -10, 54, 118, -10, -54, -79, -59, -115, 48, 89, -66, 35, -13, -93, -67, -78, -13, 21, 26, -83, 121, -81, 43, -116, -66, 44, -12, 22, 52, -29, -14, 71, 57, -63, 120, 82, -16, -71, -104, 58, -58, -19, -51, -107, -108, 40, -55, 30, 21, -43, -107, 89, -19, 94, 57, -108, 72, -82, 10, -80, -15, 6, -86, 61, -86, -17, -51, -125, 67, -122, -36, 6, -28, 73, -101, 93, -13, 74, 114, -42, -19, -79, -62, 26, 21, 80, -65, -116, 114, 90, -73, 50, 42, 8, -16, 2, -86, -29, 24, -91, 23, 28, 66, -22, 120, -64, -116, 48, 7, 113, -115, -87, -19, -9, 14, 120, -26, 105, 21, -124, -118, -33, 101, -86, -76, 62, -47, 17, -18, -47, 35, 40, 79, -68, -104, -83, 97, 40, -41, -109, 25, -58, 87, -32, 47, 9, 49, -83, -84, 125, -31, 118, 56, -55, -55, -21, 87, 19, -118, -58, -110, -70, -55, -112, -67, 42, -83, -52, -42, -42, 112, 73, 51, -107, 64, -117, -52, -39, -39, 107, -50, -81, -69, 108, -105, 82, -81, -77, 97, -97, -104, 126, -55, 70, -66, -128, -11, -15, -41, 27, 15, 26, -61, 36, -30, -99, -78, -11, 56, 42, 71, -86, -89, 17, -117, -97, 42, -40, 67, -71, 38, -93, 113, 125, 27, 74, 121, 95, 74, -15, 11, -18, -45, 113, 86, -102, 104, -31, -119, -71, 99, -62, -70, -9, -127, -76, 7, 57, -56, 27, -45, 46, 25, -37, 43, -89, -99, -51, -62, -26, 36, 62, -14, -86, 96, -81, -49, 93, 63, -26, 107, 37, -105, 29, -16, 39, -106, 71, -86, -36, 92, -69, -123, -18, -37, 110, -126, -88, 92, -51, 47, 121, -5, 82, 65, 62, 52, -115, 59, 79, 105, 19, 102, 73, -107, 1, -63, 25, 56, -9, 73, -64, 56, -4, 41, -77, -15, 24, 56, -116, 8, -32, -13, 48, 26, 21, -4, 107, -94, 45, 94, -60, -71, 89, 20, 30, -9, 49, -85, -16, 74, 83, -31, 56, -91, -27, -76, -94, 68, -25, -58, -76, 123, -119, 58, 29, 91, 58, -50, 64, -112, -32, 13, -22, -55, -74, 80, -54, 80, -23, -42, -108, -119, 0, -117, 0, 124, -24, -80, -33, -14, 46, 36, 108, -118, -55, -59, -10, 55, 82, 75, -111, -116, -81, -35, -116, 19, -12, -91, 115, 93, 58, 49, -63, 56, -13, -93, -75, -60, 114, 16, -51, -95, -58, 6, 40, 114, -63, 28, -117, -107, 109, 105, 47, -28, 37, -65, 5, 101, -71, 110, 108, -28, -26, -82, -37, 75, 36, -24, -36, -52, -27, 87, -88, -86, 109, 104, -32, 103, 25, -88, -60, -46, 68, 72, 4, -116, -8, 85, 52, -97, 4, -90, -41, 35, 72, -61, 44, -64, 99, 122, -76, 111, 2, 47, -99, 46, -114, -31, -37, 82, -58, -94, -18, 95, -82, -75, 26, 75, 82, 44, -49, 127, -99, -88, 39, -120, -80, 24, -46, -85, 50, 26, 4, -120, -21, -45, 52, -44, 80, -100, -104, 87, -97, 39, 122, -41, 123, 85, -116, 111, -99, -113, -46, -74, 1, 27, -125, 84, -110, 39, 80, -116, 112, 114, -39, 60, -54, 64, -16, 6, -73, 31, 7, 14, 112, 0, 63, 60, 83, 52, 86, 7, -31, -85, -42, -14, -58, -119, -17, -90, -43, -93, -55, 36, 102, -79, -59, -120, -41, -124, 47, 123, -125, 108, 79, -95, -90, 22, -4, 41, 93, 64, 123, 111, 117, 122, 53, 49, -17, 35, 39, -99, 99, 35, -106, -120, -73, 97, 116, 109, -86, 94, 73, 50, -42, 56, -95, 87, -22, -53, 56, -92, -52, -74, -61, -23, -91, 22, 59, 27, 62, -16, -111, 25, -27, -16, 83, 76, -89, -71, -123, -93, -57, 40, 38, -105, 18, 17, -77, -49, -53, -102, 90, -92, -60, -44, 81, 117, 32, -73, -116, -13, 69, 35, 8, -49, -39, 18, 105, 89, 34, 90, 71, 63, 56, 111, 80, 105, 108, -82, 1, -54, -116, -30, -124, -18, -46, 16, 73, -90, -96, -7, -79, 57, -41, 7, 64, -73, 75, -116, 33, 24, -87, -117, -126, 54, -44, -46, 123, 8, -71, -36, -13, 57, 24, -38, -100, -64, 33, -26, 8, -111, -98, 99, -71, 53, -100, -94, -94, 105, 25, -71, 5, 73, -103, -109, 44, -128, -48, 101, -70, -58, -100, -122, -82, -86, -60, -96, -107, -48, -3, -43, 86, 112, 6, -70, 28, -44, 42, 52, 118, 82, -98, -22, 73, -74, 20, -93, -120, -15, -88, 120, 113, 94, -7, -3, -10, 58, 42, -17, -113, 26, 107, 40, -63, -45, -18, -81, 40, -3, 37, -33, -54, -100, 64, 90, -105, -120, -9, 105, -108, 104, -80, 100, 58, 12, -13, 14, -99, 113, -29, -67, 86, 73, 104, -118, -93, 6, -37, 116, 83, -19, 15, 104, -18, 47, -81, 111, 22, -42, 119, 104, -7, -71, 74, 19, -123, -57, -111, -41, 57, 0, 125, 13, 114, -9, 13, 8, 80, -4, -45, -107, 77, -103, 87, 82, 14, -6, -23, -127, 75, -46, -22, 69, -123, -33, -102, 80, 57, -71, 121, -74, 3, 115, -113, 51, -42, -81, -38, 92, 61, -73, 36, -110, -62, -56, -61, 61, -41, -69, -107, -25, -41, 1, -44, -18, 51, -53, -81, 79, -70, -72, -102, 109, -37, 52, 80, -14, 29, 110, 90, -38, -37, -35, 73, 88, 1, -54, 29, -41, 83, -52, 15, 46, 117, -45, 94, -66, 70, -118, -105, -100, 66, -38, -38, 88, -94, 6, 46, -7, 4, -92, -55, -94, -120, -63, -45, 76, 120, -20, 106, -124, -77, -13, 75, 63, -74, -36, 97, 102, 37, -53, 34, -106, 44, -53, -88, 26, 109, -82, 49, -31, -91, 18, -22, -26, 41, 5, -78, -40, 73, 51, 14, -17, -110, -32, -56, -68, -85, 44, -99, 112, 58, -25, 56, -59, 20, 61, 40, -75, 101, -58, -26, -127, 37, 55, 49, -103, 35, -109, 67, -52, 6, 80, 121, 120, 116, -81, 67, -20, -89, 29, -31, 79, 97, 21, -76, -73, 15, 13, -54, 40, 86, 51, 96, 115, -73, -105, -106, -101, -8, 98, -68, -50, 91, -39, 46, -124, 125, -30, -88, -111, 125, -50, 98, 113, -49, -96, 31, 60, 99, 115, 89, 109, 26, -37, -36, -21, 39, 54, 78, -118, 24, -112, 117, -14, -86, -57, -111, -29, 118, -116, -36, 19, 61, -26, -50, 22, -69, -120, -54, -102, -81, 49, 83, -99, 48, 70, -30, -83, -83, -117, -14, -13, 40, -64, -13, -83, -2, -113, 37, -114, 110, -56, 89, -52, 34, 16, -31, 74, 48, -58, 57, -71, 73, 94, 111, -98, 5, 55, -70, -108, 48, -28, 64, 43, -78, 57, 92, -121, -95, 37, 98, -40, -30, 96, 57, 72, -48, -44, 90, -53, -104, -28, 10, -72, -85, 68, 85, -13, -85, 109, -119, 36, 82, -118, -56, -125, -31, 86, -110, -41, 31, 17, 52, 112, 49, -10, -77, 91, -51, 70, -20, -91, 72, -113, 116, -36, -72, -26, -56, -96, 53, -66, -69, 85, -60, 36, 3, -127, -67, 96, -119, -104, -26, -107, -47, 117, 101, 37, -73, -14, -87, 123, 54, -71, -50, 42, -1, 0, 114, 85, 114, 106, 5, 105, 88, -88, -87, -36, 47, 92, -47, -95, -74, -120, 107, 47, -35, 83, -27, -83, -124, -94, -58, -111, -124, -37, 103, -35, 64, 71, -104, -88, 77, 4, 15, -126, 10, -81, -91, 23, -70, -42, -73, -56, 60, 41, 20, 38, -10, 111, -89, -115, 78, 27, 65, -110, 105, 42, 118, -53, -123, 54, -84, -110, -81, -86, -125, -3, -86, -62, 118, -61, -125, -9, 100, 43, 72, -57, -64, 46, 63, -67, 97, -11, -72, 107, -14, 51, 73, 88, -42, 88, 15, -62, 14, -108, 46, -29, 29, 53, -92, -78, -10, -62, -44, 124, 16, 22, -2, 103, 2, -86, 73, -37, 25, 0, -3, -108, 81, 47, -85, 115, 86, 111, -44, 112, 46, -10, 27, 29, 39, 118, -39, -40, 84, 90, -33, -101, 117, 21, -57, 92, 118, -65, -120, 54, 121, 39, -126, 63, -27, -117, 95, -68, -43, 23, -19, 47, 22, 115, -91, -4, -96, 31, -35, 69, 31, -123, 71, -36, -15, -10, 76, 78, -114, -5, -39, -120, -40, 98, -76, -74, 36, -100, -102, -31, -31, -29, -41, -31, 63, 105, 119, 114, -25, -50, 70, 31, -38, -123, 39, 29, -30, 76, 127, 103, 61, -62, -7, -9, -122, -95, -6, -74, -5, 68, -102, -119, -24, -80, 88, -80, 57, 31, 13, 95, -118, 17, 30, -58, -68, -91, 56, -89, 25, 118, -49, -73, 95, 127, -9, -112, 63, -67, 90, -121, -118, 113, -108, 63, -6, -37, -109, -4, -41, 77, -3, -77, 81, 47, 85, -117, -3, 127, -47, -89, 20, 122, -103, -116, 98, -94, 97, 70, -34, -68, -14, 14, 55, -58, 65, -46, -20, -6, 52, -123, -65, -67, 48, -73, -29, 124, 111, -2, -20, 109, -3, 53, 11, -43, 113, -82, 81, 126, -28, 78, -64, -38, 64, 84, -29, 35, 77, -63, -38, -66, 117, -3, 36, 89, 92, 88, 118, -126, -17, 51, -67, -44, 65, -108, 25, -28, 64, -84, 88, -82, -60, 87, -75, 67, -57, 120, -127, -1, 0, 22, 40, -113, -53, 21, -30, -65, -92, 14, 39, 117, -57, 120, -11, -19, -44, 113, -72, -73, 82, -86, 28, 70, 116, 10, -95, 78, 78, 49, -65, 74, -24, -57, -42, 99, -22, 31, -57, -80, -45, -115, -20, 114, -23, 52, 16, -37, -76, 102, 37, 45, 42, -31, -28, -50, 88, 48, 36, -114, 95, 13, -58, 71, 94, 90, -119, 110, -8, -123, 48, 20, 126, -20, -79, 37, -114, 72, -24, 112, 107, -87, -31, -99, -125, -68, -68, -31, -80, 95, 64, -62, 71, -107, -49, -20, 8, 49, -78, -128, 9, -44, -99, -74, -12, -44, 82, 110, 53, -62, 111, 120, 44, -26, -54, -12, -56, -114, -64, 50, -123, -109, 66, -65, -113, -2, 106, -29, -105, 28, -37, -118, 123, -102, 90, 22, -119, -117, 18, 7, 123, -81, -119, -49, -67, -80, -51, 110, 70, -26, 33, 4, 92, -18, 1, 3, 27, -109, -90, -92, 85, -71, -8, 79, 16, 107, 41, -81, 86, -58, 101, -75, 93, 28, -88, -8, 78, 51, -106, 4, -28, 14, -71, -86, -111, -62, -46, -25, -69, 94, 83, -114, -103, 98, -33, -97, -91, 90, -95, 108, 104, 93, 57, 85, 105, 25, -92, 24, -41, -99, -119, 39, -56, -7, 85, -21, 25, -118, -121, 46, -62, 57, 0, -36, 13, 65, -50, -122, -70, -103, -69, 15, -60, -102, -50, 43, -5, 86, 23, 44, -22, -84, 83, -108, -85, -74, 113, -65, 54, -71, 30, 122, -41, 53, -60, 98, 110, 25, 48, -114, 107, 110, 75, -128, 57, -52, 108, 6, 72, 58, 107, -41, -21, -29, -102, -54, 57, -95, -111, -44, 25, 45, -89, -79, -17, -33, -93, -34, 86, -20, -91, -118, 34, -86, -14, 2, 31, -107, -108, -28, -28, -27, -76, 39, 115, -13, -82, -119, -48, 46, -58, -68, -125, -12, 91, -60, 98, -68, -76, -69, -123, 72, -114, -31, 36, 15, -110, 73, 44, -92, 99, 63, 44, 125, -11, -34, -91, -60, -47, 109, 112, 126, 76, 107, -105, 47, -85, -82, -97, 35, -57, 40, -16, 70, -53, 99, -92, 72, -13, -74, -76, 85, -128, 117, 21, -51, 55, 18, -99, 127, -9, 108, 7, -121, 49, -95, -98, 40, -8, -55, -71, -101, -48, 49, 21, -97, -33, 96, -1, 0, 70, 53, -92, -22, -3, -100, -115, -9, -83, 119, 88, -36, -118, -29, -37, -116, -111, -2, 124, -39, -1, 0, -28, 53, 6, -29, -78, 32, -56, -72, -109, -3, 102, -102, -11, -75, -34, 12, 119, 19, -75, -115, -71, 91, 2, -89, -50, 75, 109, 92, 68, 125, -90, -71, 25, -61, 43, 15, -30, -42, -116, -99, -83, -111, 8, 18, -63, 27, 15, 34, 71, -9, -83, -31, -22, -72, 37, -7, 90, 5, 36, 118, -117, -126, 9, -56, -88, -123, 83, -26, 107, -100, -73, -19, 117, -101, 17, -34, 69, 42, 121, -24, 69, 48, -117, -76, 60, 46, 124, 98, -19, 20, -1, 0, 26, -30, -70, -95, -43, -31, -105, 18, 69, 90, 99, 22, 77, 107, 88, -83, 69, 117, 111, 63, -8, 83, -58, -28, -8, 56, -51, 17, -127, 29, 43, 117, 52, -8, 99, -40, -46, 22, -87, 21, -26, -42, -94, 42, 98, -104, -49, 21, 91, 25, 24, -32, -86, -113, -99, 25, 120, 107, -19, -128, 43, -81, -3, 77, 24, -8, 100, 111, -69, -14, -83, 14, 24, -128, -29, -99, -2, -17, -54, -66, 41, -25, 103, 61, 51, -105, 94, 21, 39, -39, 98, -65, 32, 104, -119, -63, 25, -121, -67, 35, 124, -64, 31, -38, -70, 97, -61, 99, 31, -26, 55, -35, -7, 84, -113, 15, 81, -77, -75, 79, -70, -62, -114, 122, 62, 7, 26, -22, 74, -73, -11, 26, -78, -100, 22, 35, -47, 71, -104, 38, -100, -117, 32, -65, 108, -3, 43, 94, -54, 115, -15, -100, 122, 82, 121, 101, -28, 84, 45, 94, 11, 107, -10, -105, 62, -90, -120, -68, 22, -53, -9, 7, -42, -81, -117, 76, -3, -78, 42, 94, -58, -33, 102, 81, -12, -87, 115, -105, -112, -94, -102, -16, -117, 17, -89, 116, 15, -52, -47, -109, -121, 89, 70, 125, -37, 116, -49, -103, -93, -2, -81, -108, -115, 37, 81, -11, -88, -2, -82, -70, -23, 60, 68, 121, -106, -4, -87, 106, -105, -112, -2, -115, -120, 96, 77, -96, -117, -23, 91, -62, 116, 69, 90, -48, -31, 119, 45, -15, 92, 66, -66, -103, 53, 49, -62, -104, 124, 119, -93, -6, 99, -1, 0, 122, -101, -112, -66, 94, 8, 23, -63, -9, 113, -12, 31, -107, 64, 96, 15, -123, 48, 119, -9, 6, -75, 117, 120, 125, -78, -97, -38, 77, 35, -6, -112, 40, -123, -20, 45, -64, 37, 84, 124, -63, -4, 104, 90, -5, 49, -88, -56, -94, -67, -21, 124, 17, -25, -7, 86, -125, 117, -62, 34, -65, 116, 123, -85, 24, 102, 104, -40, 50, 52, -79, -87, 42, 70, -40, -49, -87, -93, 94, -10, -105, -124, 89, -116, 60, -8, 36, 103, -107, 72, -49, -46, -111, 93, -10, -6, -43, 85, -67, -117, -121, -50, -17, -48, -54, 66, 3, -8, -42, -40, -15, 101, -69, 86, 27, 46, -29, 30, 17, -39, -72, -72, 74, -36, 45, -100, 88, -114, -26, 78, 121, 21, -36, 48, -16, -64, 30, 30, 91, 87, 27, -40, 14, -51, -40, 93, -114, 37, 114, -106, 113, -69, -37, 113, 25, 18, 41, 12, -92, 114, 5, 111, 116, 0, 8, -58, -61, 106, 37, -1, 0, 108, -72, -43, -48, 101, -74, 72, 109, 1, 24, 86, 65, -52, -61, -26, 105, 47, 102, -82, 120, -81, 103, -31, 120, 44, 103, 83, 19, -65, 59, 44, -118, 27, 39, -57, 59, -41, 124, 49, 101, 88, -90, -100, -2, 78, -127, 78, 58, 94, -25, -85, -5, 37, -57, -38, 72, -105, 58, -18, 52, -6, -26, -109, 118, -125, -78, 112, -15, -95, 3, 51, -61, 5, -60, 51, -92, -94, 112, -95, -119, -27, -24, 116, 25, -45, 77, 118, -92, -79, -10, -81, -116, 3, -17, -63, 108, -1, 0, -22, -4, -22, -28, 125, -84, -68, -9, 123, -53, 8, -113, -113, 35, -111, 92, 112, -23, -14, 98, -106, -88, 61, -55, 82, -118, -32, 117, 105, -64, 44, -84, 102, 121, -84, -32, -76, -126, 73, 70, 36, 120, -93, 85, 47, -21, -128, 60, 106, -55, -79, 99, -2, 108, 95, 64, 41, 84, 125, -88, -127, -65, -59, -78, -107, 125, 49, 86, -29, -19, 7, 12, -105, -30, 46, -98, -79, -102, -58, 120, -92, -35, -53, -112, -43, 22, 29, -72, 107, -25, 67, 19, 124, -24, 50, 112, -106, 39, 61, -38, 103, -42, -82, 71, 125, 99, 47, -8, 119, 9, -23, -100, 81, 75, -61, -116, -122, 39, -48, -44, 104, -94, -76, -57, -56, -91, -8, 75, 13, 121, 53, -14, 53, 90, 94, 13, 33, -44, 18, 62, 116, -5, -36, -36, 51, 124, -21, 68, 120, 107, -22, 106, -107, -82, 24, -100, 81, -53, -73, 4, -112, 19, -121, 57, -88, 126, -90, -67, -39, 101, 36, 121, -100, -41, 85, -54, -67, 64, -84, 33, 105, -21, -110, 21, 28, -88, -32, -105, -37, 101, 0, -11, -59, 26, 62, -49, -49, -97, 126, 100, 81, -4, 32, -109, 93, 33, -27, 29, 7, -46, -93, -52, -66, 95, 74, 107, 36, -71, 69, 10, 97, -32, -94, 45, -18, 28, -3, 7, -31, 87, 96, 19, -37, -1, 0, -123, 117, 50, -6, 72, 69, 29, -92, 81, -10, 71, -46, -96, 102, 30, 95, 74, 107, 36, -41, 14, -123, 108, -79, 31, 20, -30, 41, -89, -76, 6, -2, 101, 7, -16, -94, 14, 51, -60, 6, -26, 54, -2, -111, 84, 76, -93, -2, 10, -119, -101, -2, 98, -74, 93, 86, 117, -5, 49, -36, -68, -127, -3, 101, -90, 72, 3, -52, -102, 32, -67, 111, 3, 73, -60, -38, -24, 126, 91, 84, -124, -51, -53, -112, -52, 107, -97, 65, 90, -122, -34, -36, -33, -69, -12, -83, 11, -87, -113, 74, 84, -73, 12, 126, -41, -46, -90, 46, 24, 121, -118, 90, 71, 99, 81, 113, 33, -35, -79, -27, 82, -17, -36, 106, 90, -107, 9, -119, -41, 36, 15, 42, -112, -105, 63, 107, -21, 75, 72, -83, 13, 22, -27, -114, -20, 62, 117, 33, 40, 39, 124, 122, -46, -93, 41, -50, 65, 3, -17, -87, 9, 91, 76, -97, -83, 45, 32, -102, 27, -121, -41, 71, 31, 90, -97, 124, -61, 108, 31, -70, -108, -117, -113, 53, -2, -43, 33, 114, -64, 107, -51, -3, 58, -46, -46, 85, -95, -80, -108, -99, 115, 82, 51, 18, 49, -49, -118, 86, 39, -50, -60, -23, -67, 73, 101, 86, -44, 55, -49, 52, 49, 12, 89, 85, -74, 43, -11, -91, -105, -4, 28, -36, -99, 24, -29, -61, -104, -47, 13, -50, 14, -128, 15, 44, -47, 18, -24, 100, 97, -108, 31, 12, 80, -89, 37, -64, -102, 76, 68, -35, -112, -22, -117, 24, -12, 56, -95, -1, 0, -46, 50, -20, 81, 15, -93, -41, 74, 38, -26, 59, -21, -27, 91, -17, -120, -36, -100, 122, -102, -43, 117, 57, 23, 114, 125, -72, -100, -41, -3, 32, -25, 25, 80, 61, 26, -90, -67, -112, 24, -8, -79, 93, 50, -52, 15, -113, -52, -44, -42, 111, 23, 52, -66, -89, 39, -111, 44, 81, 57, -127, -39, 52, 27, -51, 69, 78, -51, 67, 31, -59, 114, -29, -56, 87, 73, -34, -89, 92, 26, -116, -115, 19, 125, -111, -11, -91, -11, 19, -14, 63, 110, 34, 33, -64, -83, 87, 119, -107, -65, -88, 126, 85, 49, -62, -84, -45, -20, 72, 127, -86, -101, 52, 40, 118, 113, 66, 107, 119, 43, -112, 70, 51, -71, 56, -93, -35, -109, -18, 78, -124, 80, 91, 123, 120, -2, 24, -2, -90, -117, -34, 42, -115, 35, 65, -113, 26, -109, -37, -56, 62, 37, 63, 42, 19, 68, -8, 36, 98, -115, 72, 85, 65, -106, -28, -2, -30, 125, 106, 94, -43, -90, 90, 60, 122, 26, -87, -54, -40, -23, -14, -88, -66, 122, -125, -14, -89, 104, 45, -105, 26, -23, 116, -56, 32, 121, -44, 77, -54, -8, -3, -11, 73, -80, 119, 111, -107, 64, -56, -85, -127, -111, 79, 97, 54, -53, -51, 58, -99, -100, 80, -53, -98, -123, 13, 82, 105, 65, -48, -107, -6, 80, -99, -108, 108, -96, -7, -45, 66, -44, -58, 6, 118, -40, 119, 127, 90, 27, 92, 56, -24, -108, -65, -30, 58, -115, 61, 107, 93, -56, -21, 51, 125, 106, -110, 38, -39, 120, -35, -73, -18, -3, -11, 3, 115, 47, 84, 31, -22, -86, -84, -83, -1, 0, 112, -125, -4, -43, 14, 71, 27, 75, -1, 0, -22, -102, 66, 114, 96, 26, 96, 117, 90, -59, -72, 40, 54, -46, -107, -121, 36, -25, -104, -113, -99, 109, -114, 119, 102, -5, -85, 77, 6, -74, 48, 75, -100, -99, -57, -42, -113, -52, -92, 100, -100, 31, 58, 80, 37, 69, 24, 36, 102, -120, -105, 35, 93, 6, -98, 38, -109, -128, -20, 104, -83, -125, -80, -49, -122, -11, 62, -8, -127, -98, 76, -113, 49, 74, -59, -64, 35, 77, 7, -112, -83, 53, -55, -50, 36, 76, -113, 28, 102, -89, 64, -84, 112, 38, 3, -31, 108, 120, -5, -72, -84, 91, -113, 123, 4, 28, 82, -107, -72, 1, 70, 24, 48, -24, 5, 17, 37, 36, -28, -126, 87, -46, -109, -128, -58, 126, -47, -4, 92, -89, -96, -58, 115, 90, -25, 36, 107, -87, 59, -28, 126, 53, 67, -68, 1, -14, 84, -28, -11, 11, -118, 42, -54, -97, 99, 126, -70, 10, -99, 33, 101, -27, -109, -108, -25, -98, -116, 46, 125, -34, 108, -87, 62, 34, -107, -121, 3, -4, -49, -20, 77, 25, 94, 66, -71, 50, 30, 83, -74, 64, 63, -123, 39, 18, -84, 98, -77, -31, 112, -84, -95, 79, -104, 21, 17, 41, 81, -66, 6, -25, -35, -86, 43, 33, 125, 68, -113, -97, 37, -83, 119, -59, 64, 13, -52, -6, 107, -98, -97, 33, 75, 72, 88, -60, 93, 1, -23, -29, -102, -103, -72, -24, -82, 1, -33, -107, -76, 52, -66, 55, 13, -16, -3, -30, -92, 100, 109, -70, -113, -31, 31, 118, 105, 105, 65, 99, 21, -72, 99, -15, 6, -11, -94, 36, -121, -2, 26, 82, -73, 15, -44, -82, 124, -58, 40, -117, 41, -15, 56, -13, -87, 112, 21, -114, 22, 93, 53, -4, -22, 70, 65, -29, 74, 22, -32, -125, -128, 113, -14, -94, 123, 67, 102, -95, -64, 118, 52, 14, 115, -109, -73, -99, 111, -68, -41, 83, -54, 52, 57, -13, 20, -80, 76, -33, 103, 67, -27, 68, 23, 7, 24, 39, -52, -125, -67, 45, 33, 99, 49, 112, -61, 99, -8, 84, -69, -2, 111, -119, 84, -46, -63, 63, 48, 39, 56, -11, -83, 36, -52, -121, 37, -127, 30, 32, 109, 70, -112, -79, -82, 32, 109, 74, 16, 124, -85, 66, 4, 124, -31, -122, -37, 98, -105, -117, -110, 78, 115, -111, -29, -79, -94, 11, -116, -24, 78, 7, -114, 106, 105, -114, -61, -53, 97, -43, 49, -25, -118, -85, 45, -128, 44, 50, 15, 48, -37, 76, -118, 42, 93, -98, 126, 80, 91, 3, 99, -102, 34, -35, 16, 113, -128, 71, -83, 52, -28, -121, -79, 66, 75, 39, 25, 35, -109, 35, 122, -81, 36, 69, 65, -56, 25, -89, 45, 58, 72, 64, -48, 31, 93, 106, 6, 53, 109, -50, 125, 106, -42, 70, 75, 72, 66, -47, -25, 66, 51, -118, 19, -62, 63, 116, 124, -123, 60, 107, 24, -40, 28, 29, 73, -45, 90, -83, 61, -117, -81, 64, -43, -94, -56, -119, 113, -16, 38, 60, -70, -24, 71, -123, 12, -100, 125, -80, 62, 85, 126, 88, 93, 24, -85, 68, 66, -12, 7, -3, -86, -79, -115, 67, 16, 65, 35, -57, 66, 107, 104, -76, -55, 104, -26, 81, -40, -11, -58, -99, 40, -127, -37, 56, -49, -115, 101, 101, 117, 48, 8, -70, -77, 19, -82, 54, -96, 72, -60, -54, 118, -36, 116, 21, -107, -108, -94, 53, -56, 69, -111, -61, -32, 49, 3, 30, 53, 57, 29, -71, 7, -68, 119, -4, 107, 43, 40, -112, 48, -78, 124, 123, -111, -91, 110, 57, 28, -98, 92, -23, -102, -35, 101, 64, -119, 65, 35, -107, -43, -40, -6, -102, 48, 3, 59, 117, -84, -84, -88, 99, 68, -121, -38, 52, 66, -60, 71, -90, -107, -107, -107, 33, 34, 92, -60, 38, 116, 39, -50, -94, -77, 54, 25, -41, 10, 67, 99, 65, 89, 89, 82, -122, 16, 18, -48, 9, 11, 28, -73, -98, -44, 118, 99, -18, 12, -28, 86, 86, 84, -80, 54, -57, 57, -50, -70, 86, -56, -60, 121, 26, 31, -10, -84, -84, -87, 99, 102, -41, 87, -83, -119, 24, 72, 71, 77, 43, 43, 40, 36, 41, 118, 80, 72, 39, 92, 86, -111, -55, 63, 42, -54, -54, 72, 100, -7, -113, 49, -14, -51, 77, 29, -126, 3, -109, -100, 86, 86, 84, -79, 18, 82, 91, -109, -104, -109, -100, 102, -92, 119, 35, 29, 43, 43, 42, 70, 109, -16, -40, 12, -93, 24, -94, 40, -62, 18, 52, -64, -48, 86, 86, 80, -64, -108, 100, -70, 6, 59, -42, -71, -40, 54, 1, -46, -78, -78, -89, -72, -40, 68, 99, -55, -100, -21, -118, -97, 59, 16, 50, 126, -41, -27, 89, 89, 72, 9, -32, 49, 33, -70, -43, 121, 109, -29, 4, -31, 113, -83, 106, -78, -124, -35, -115, 31, -1, -39]]
2026-05-30 14:06:42:695 | [BookPort] | INFO  | com.example.BookPort.auth.controller.v1.RegistrController | RegistrController--> Sending call to AuthRegisterService.
2026-05-30 14:06:42:711 | [BookPort] | INFO  | com.example.BookPort.auth.service.AuthRegisterService | AuthRegisterService--> Inside register service.
2026-05-30 14:06:43:719 | [BookPort] | INFO  | com.example.BookPort.auth.service.AuthRegisterService | AuthRegisterService--> No existing user with username abhogal7. Going to create record in Staging table.
2026-05-30 14:06:43:778 | [BookPort] | INFO  | com.example.BookPort.auth.service.AuthRegisterService | AuthRegisterService--> abhogal7 created.
2026-05-30 14:06:43:862 | [BookPort] | INFO  | com.example.BookPort.auth.controller.v1.RegistrController | RegistrController--> Returning from register controller.
2026-05-30 14:34:46:329 | [BookPort] | INFO  | com.example.BookPort.BookPortApplication | Starting BookPortApplication using Java 21.0.8 with PID 22796 (D:\Project\BookPort\bin\main started by lenovo in D:\Project\BookPort)
2026-05-30 14:34:46:435 | [BookPort] | INFO  | com.example.BookPort.BookPortApplication | No active profile set, falling back to 1 default profile: "default"
2026-05-30 14:34:46:444 | [BookPort] | INFO  | org.hibernate.validator.internal.util.Version | HV000001: Hibernate Validator 9.0.1.Final
2026-05-30 14:34:46:487 | [BookPort] | INFO  | org.springframework.boot.devtools.env.DevToolsPropertyDefaultsPostProcessor | Devtools property defaults active! Set 'spring.devtools.add-properties' to 'false' to disable
2026-05-30 14:34:46:488 | [BookPort] | INFO  | org.springframework.boot.devtools.env.DevToolsPropertyDefaultsPostProcessor | For additional web related logging consider setting the 'logging.level.web' property to 'DEBUG'
2026-05-30 14:34:47:264 | [BookPort] | INFO  | org.springframework.data.repository.config.RepositoryConfigurationDelegate | Bootstrapping Spring Data JPA repositories in DEFAULT mode.
2026-05-30 14:34:47:345 | [BookPort] | INFO  | org.springframework.data.repository.config.RepositoryConfigurationDelegate | Finished Spring Data repository scanning in 68 ms. Found 2 JPA repository interfaces.
2026-05-30 14:34:47:901 | [BookPort] | INFO  | org.springframework.boot.tomcat.TomcatWebServer | Tomcat initialized with port 8081 (http)
2026-05-30 14:34:47:920 | [BookPort] | INFO  | org.apache.coyote.http11.Http11NioProtocol | Initializing ProtocolHandler ["http-nio-8081"]
2026-05-30 14:34:47:924 | [BookPort] | INFO  | org.apache.catalina.core.StandardService | Starting service [Tomcat]
2026-05-30 14:34:47:924 | [BookPort] | INFO  | org.apache.catalina.core.StandardEngine | Starting Servlet engine: [Apache Tomcat/11.0.21]
2026-05-30 14:34:47:988 | [BookPort] | INFO  | org.springframework.boot.web.context.servlet.WebApplicationContextInitializer | Root WebApplicationContext: initialization completed in 1498 ms
2026-05-30 14:34:48:221 | [BookPort] | INFO  | org.hibernate.orm.jpa | HHH008540: Processing PersistenceUnitInfo [name: default]
2026-05-30 14:34:48:273 | [BookPort] | INFO  | org.hibernate.orm.core | HHH000001: Hibernate ORM core version 7.2.12.Final
2026-05-30 14:34:48:798 | [BookPort] | INFO  | org.springframework.orm.jpa.persistenceunit.SpringPersistenceUnitInfo | No LoadTimeWeaver setup: ignoring JPA class transformer
2026-05-30 14:34:48:833 | [BookPort] | INFO  | com.zaxxer.hikari.HikariDataSource | HikariPool-1 - Starting...
2026-05-30 14:34:49:214 | [BookPort] | INFO  | com.zaxxer.hikari.pool.HikariPool | HikariPool-1 - Added connection com.mysql.cj.jdbc.ConnectionImpl@65f3ac8a
2026-05-30 14:34:49:216 | [BookPort] | INFO  | com.zaxxer.hikari.HikariDataSource | HikariPool-1 - Start completed.
2026-05-30 14:34:49:326 | [BookPort] | INFO  | org.hibernate.orm.connections.pooling | HHH10001005: Database info:
	Database JDBC URL [jdbc:mysql://localhost:3306/library_management]
	Database driver: MySQL Connector/J
	Database dialect: MySQLDialect
	Database version: 8.0.39
	Default catalog/schema: library_management/undefined
	Autocommit mode: undefined/unknown
	Isolation level: REPEATABLE_READ [default REPEATABLE_READ]
	JDBC fetch size: none
	Pool: DataSourceConnectionProvider
	Minimum pool size: undefined/unknown
	Maximum pool size: undefined/unknown
2026-05-30 14:34:50:183 | [BookPort] | INFO  | org.hibernate.orm.core | HHH000489: No JTA platform available (set 'hibernate.transaction.jta.platform' to enable JTA platform integration)
2026-05-30 14:34:50:191 | [BookPort] | INFO  | org.springframework.orm.jpa.LocalContainerEntityManagerFactoryBean | Initialized JPA EntityManagerFactory for persistence unit 'default'
2026-05-30 14:34:50:290 | [BookPort] | INFO  | org.springframework.data.jpa.repository.query.QueryEnhancerFactories | Hibernate is in classpath; If applicable, HQL parser will be used.
2026-05-30 14:34:50:616 | [BookPort] | WARN  | org.springframework.boot.jpa.autoconfigure.JpaBaseConfiguration$JpaWebConfiguration | spring.jpa.open-in-view is enabled by default. Therefore, database queries may be performed during view rendering. Explicitly configure spring.jpa.open-in-view to disable this warning
2026-05-30 14:34:51:027 | [BookPort] | INFO  | org.apache.coyote.http11.Http11NioProtocol | Starting ProtocolHandler ["http-nio-8081"]
2026-05-30 14:34:51:051 | [BookPort] | INFO  | org.springframework.boot.tomcat.TomcatWebServer | Tomcat started on port 8081 (http) with context path '/'
2026-05-30 14:34:51:059 | [BookPort] | INFO  | com.example.BookPort.BookPortApplication | Started BookPortApplication in 5.287 seconds (process running for 5.923)
2026-05-30 14:34:57:329 | [BookPort] | INFO  | org.apache.catalina.core.ContainerBase.[Tomcat].[localhost].[/] | Initializing Spring DispatcherServlet 'dispatcherServlet'
2026-05-30 14:34:57:329 | [BookPort] | INFO  | org.springframework.web.servlet.DispatcherServlet | Initializing Servlet 'dispatcherServlet'
2026-05-30 14:34:57:329 | [BookPort] | INFO  | org.springframework.web.servlet.DispatcherServlet | Completed initialization in 0 ms
2026-05-30 14:34:57:492 | [BookPort] | INFO  | com.example.BookPort.auth.controller.v1.RegistrController | RegistrController--> Inside register controller.
2026-05-30 14:34:57:504 | [BookPort] | INFO  | com.example.BookPort.common.util.IdGenerator | IdGenerator--> IdGenerator bean created for module 1
2026-05-30 14:34:57:504 | [BookPort] | INFO  | com.example.BookPort.common.util.IdGenerator | IdGenerator--> Inside generateId for module 1
2026-05-30 14:34:57:504 | [BookPort] | INFO  | com.example.BookPort.common.util.IdGenerator | IdGenerator--> current MilliSecond 1780131897504
2026-05-30 14:34:57:504 | [BookPort] | INFO  | com.example.BookPort.common.util.IdGenerator | IdGenerator--> lastTimestamp -1
2026-05-30 14:34:57:506 | [BookPort] | INFO  | com.example.BookPort.common.util.IdGenerator | IdGenerator--> counter: 0
2026-05-30 14:34:57:506 | [BookPort] | INFO  | com.example.BookPort.common.util.IdGenerator | IdGenerator--> counter post millisecond check: 0
2026-05-30 14:34:57:506 | [BookPort] | INFO  | com.example.BookPort.common.util.IdGenerator | IdGenerator--> RETURNING ID : 2615001052497504000
2026-05-30 14:34:57:506 | [BookPort] | INFO  | com.example.BookPort.auth.controller.v1.RegistrController | RegistrController--> Registration ID generated: 2615001052497504000
2026-05-30 14:34:57:506 | [BookPort] | INFO  | com.example.BookPort.common.util.IdGenerator | IdGenerator--> Inside generateId for module 1
2026-05-30 14:34:57:506 | [BookPort] | INFO  | com.example.BookPort.common.util.IdGenerator | IdGenerator--> current MilliSecond 1780131897506
2026-05-30 14:34:57:506 | [BookPort] | INFO  | com.example.BookPort.common.util.IdGenerator | IdGenerator--> lastTimestamp 1780131897504
2026-05-30 14:34:57:506 | [BookPort] | INFO  | com.example.BookPort.common.util.IdGenerator | IdGenerator--> counter: 0
2026-05-30 14:34:57:506 | [BookPort] | INFO  | com.example.BookPort.common.util.IdGenerator | IdGenerator--> counter post millisecond check: 0
2026-05-30 14:34:57:506 | [BookPort] | INFO  | com.example.BookPort.common.util.IdGenerator | IdGenerator--> RETURNING ID : 2615001052497506000
2026-05-30 14:34:57:528 | [BookPort] | INFO  | com.example.BookPort.auth.controller.v1.RegistrController | RegistrController--> Incoming request: AuthRegisterRequestDto [registrationId=2615001052497506000, username=abhogal7, name=Aman Singh Bhogal, email=aman5@example.com, mobNumber=9427461183, gender=null, dob=Sun Sep 22 00:00:00 IST 2002, status=PENDING, createdAt=null, updatedAt=null, password=Password@123, govIdFront=[-1, -40, -1, -32, 0, 16, 74, 70, 73, 70, 0, 1, 1, 0, 0, 1, 0, 1, 0, 0, -1, -37, 0, -124, 0, 9, 6, 7, 8, 7, 6, 9, 8, 7, 8, 10, 10, 9, 11, 13, 22, 15, 13, 12, 12, 13, 27, 20, 21, 16, 22, 32, 29, 34, 34, 32, 29, 31, 31, 36, 40, 52, 44, 36, 38, 49, 39, 31, 31, 45, 61, 45, 49, 53, 55, 58, 58, 58, 35, 43, 63, 68, 63, 56, 67, 52, 57, 58, 55, 1, 10, 10, 10, 13, 12, 13, 26, 15, 15, 26, 55, 37, 31, 37, 55, 55, 55, 55, 55, 55, 55, 55, 55, 55, 55, 55, 55, 55, 55, 55, 55, 55, 55, 55, 55, 55, 55, 55, 55, 55, 55, 55, 55, 55, 55, 55, 55, 55, 55, 55, 55, 55, 55, 55, 55, 55, 55, 55, 55, 55, 55, 55, 55, 55, -1, -64, 0, 17, 8, 0, -108, 1, 14, 3, 1, 34, 0, 2, 17, 1, 3, 17, 1, -1, -60, 0, 28, 0, 0, 2, 2, 3, 1, 1, 0, 0, 0, 0, 0, 0, 0, 0, 0, 0, 3, 5, 2, 4, 0, 1, 6, 7, 8, -1, -60, 0, 65, 16, 0, 2, 1, 3, 2, 3, 5, 5, 4, 8, 5, 3, 5, 0, 0, 0, 1, 2, 3, 0, 4, 17, 33, 49, 5, 18, 65, 6, 19, 81, 97, 113, 20, 34, 50, -127, -111, 66, -95, -63, -47, 7, 21, 35, 82, 98, 114, -126, -79, 51, 67, -110, -31, -16, 22, 83, -15, 52, 68, 115, -109, -94, -1, -60, 0, 26, 1, 0, 3, 1, 1, 1, 1, 0, 0, 0, 0, 0, 0, 0, 0, 0, 0, 0, 1, 2, 3, 4, 5, 6, -1, -60, 0, 40, 17, 0, 2, 2, 1, 3, 3, 3, 4, 3, 0, 0, 0, 0, 0, 0, 0, 0, 1, 2, 17, 3, 18, 33, 49, 4, 65, 81, 5, 19, 34, 20, 21, 50, 66, 97, -127, -95, -1, -38, 0, 12, 3, 1, 0, 2, 17, 3, 17, 0, 63, 0, -13, 108, 84, -46, 38, 109, -75, -84, 2, -92, -71, 31, 9, 34, -66, -124, -15, -84, -63, 25, 27, -125, 83, -18, -21, 57, -53, 111, 83, 86, 56, -42, -127, 89, 16, -75, 32, 42, 65, -65, -122, -120, 27, 77, -121, -46, -102, 17, -91, 20, 104, -50, 58, 100, 86, -108, -7, 15, -91, 16, 107, -48, 80, 38, 25, 38, 11, -94, -88, -59, 77, -97, -97, 29, 40, 10, 40, -118, 41, -47, 45, -122, 10, 60, 86, -120, -76, 53, 20, 100, 90, 100, -123, 78, 118, -9, 70, -85, -46, -116, -79, -107, -8, -76, -95, 38, 87, 111, -70, -118, -96, -17, -110, 73, -15, -96, 65, 20, 81, 80, 84, 16, 81, -44, 80, 34, 104, -75, 97, 5, 14, 49, 86, 80, 84, 48, 38, -126, -84, 34, -44, 17, 122, -43, -120, -93, 102, 56, 85, 36, -8, 1, 89, -71, 34, -46, 101, -2, 21, 99, -19, -20, -16, 38, 22, 64, 57, -107, -67, 43, -91, -32, 118, 83, 88, 67, 50, -80, -60, -124, -12, -37, -27, 72, 56, 36, -122, -34, -19, 93, 84, -77, 96, -116, 1, -83, 117, 54, -9, -20, -17, -56, -15, -108, 108, 103, 4, 98, -72, 122, -119, 74, -24, -17, -23, -29, 30, 123, -108, 56, -68, 45, 113, 18, -27, 71, 120, -97, 9, -95, -61, 24, -122, 62, -19, 23, 3, -87, -3, -22, -67, 112, 121, -51, 7, -69, -14, -84, -93, 45, -88, -42, 81, -7, 106, 55, 29, 77, -100, -88, 10, -75, 16, -104, 27, 86, -71, 117, -92, -54, 15, 30, 15, -81, 90, -73, 24, -86, 74, 113, -118, -67, 110, -68, -29, 122, -50, 69, -60, 60, 122, 10, 42, -44, 85, 49, 82, -38, -77, 53, 52, 85, 114, 67, 96, -126, 122, -118, -33, 74, -39, -38, -94, 13, 0, 42, -67, -110, 83, 33, 71, -9, 84, 108, 60, 106, -83, 57, -71, -73, -114, -32, 2, 91, 12, 54, 34, -86, -120, 22, -33, 73, 19, -68, -50, -51, 90, -87, -86, 49, -108, 29, -97, 48, -14, -42, -15, 69, -27, -14, -84, -27, -14, -81, 112, -14, -20, 24, 90, -112, 21, 48, -75, 32, -96, 80, 34, 32, 81, 21, 107, 97, 104, -118, 40, 17, -118, 40, -118, 43, 21, 104, -86, -76, -60, 104, 10, 42, -83, 96, 90, 34, -83, 49, 27, 85, -93, 32, -88, -88, -94, -86, -48, 34, 74, 40, -56, -75, 5, 20, 116, 20, 18, 77, 22, -114, -119, 80, -116, 109, -91, 117, -10, 125, -101, -74, -70, -32, 113, -34, 91, -68, -83, 55, 46, -85, -47, -50, 118, -84, -78, -27, 88, -22, -53, -122, 55, 55, -15, 17, -16, -34, 27, 115, -60, 36, 41, 105, 17, -111, -108, 115, 31, 120, 12, 15, -99, 118, 92, 47, -77, 16, 90, 93, 36, -13, -49, -34, -29, 7, -69, 100, 26, 31, 58, -33, 10, -114, -42, 23, 105, -83, 99, 8, -52, -95, 78, -124, 109, -75, 93, 105, 88, -71, 53, -25, -26, -49, 57, 58, 92, 29, -8, -80, -62, 42, -33, 37, -104, -8, 55, 14, 25, 100, -76, -125, 87, 44, 73, 92, -111, -23, 87, 87, -70, 67, -92, 105, -112, 52, -64, -23, 75, -31, -99, -41, 99, -67, 100, -78, -76, 106, 92, 12, -80, -40, 87, 51, 77, -67, -39, -46, -100, 82, -39, 27, 19, 91, 69, 117, 35, -92, 28, -100, -5, -80, 24, -26, -96, -36, 93, -57, 113, 112, -116, -54, 65, -113, 60, -104, 29, 14, 55, -86, 50, -35, -103, 9, -25, 62, -15, -5, 62, 21, 4, -63, -15, -51, 90, -123, 25, 57, -115, 99, 2, 81, -111, -82, 40, -94, 61, 54, -96, -40, -57, -53, -93, 28, 18, 116, -51, 48, 72, -11, 21, 18, 116, -51, -94, -83, 21, -69, -83, 54, -95, -76, 120, -90, 13, -54, -93, -50, -76, 99, -120, -116, -79, -59, 78, -95, -23, 23, -123, 57, 26, 31, -91, 92, -73, 96, -121, 93, 42, 38, 95, -119, 84, 124, 63, 125, 12, 30, 125, 73, -94, -20, 18, -95, -110, -100, -118, -58, 56, -96, 70, -40, 81, 88, -20, 15, -115, 69, 23, 102, -35, -51, 68, 62, 40, 78, -58, -122, 88, -45, -95, 89, 111, -104, 81, 57, -44, -113, 120, 103, 21, 67, -100, -42, -60, -124, 81, 67, -77, -63, -41, -78, -100, 97, -83, 13, -46, -38, 115, 71, -116, -128, -83, -106, 35, -46, -88, -55, -62, 111, -29, -116, -56, -10, 83, 42, 40, -55, 102, 92, 1, 94, -73, -62, 120, -27, -107, -38, -14, 66, -31, 72, -45, -105, 108, -46, -66, -35, -53, 114, -4, 55, -71, -75, 28, -53, 33, -52, -124, 111, -118, -12, -29, -44, 77, -50, -102, 60, -41, -122, 58, 109, 51, -50, -72, 95, 12, 126, 33, 43, 34, -70, -58, 20, 106, -51, 86, 110, -72, 58, -37, 70, -54, -45, -85, -50, 14, -61, -62, -123, 11, 24, -78, 8, 57, -49, -114, 49, 86, -51, -52, 79, -126, -22, 73, 11, -128, -89, 99, 93, 50, -69, -40, -63, 85, 10, -28, -74, -110, 28, 119, -120, 84, 29, -119, 27, -42, -128, 25, -63, -34, -70, 20, -102, 62, 33, 8, -118, 126, 72, -93, 77, -78, 112, 69, 91, -31, -4, 11, -122, -36, 69, 38, 110, -3, -32, 14, 50, 113, 71, -71, 92, -117, 77, -16, 114, -22, -72, 25, 58, 81, 21, 115, -80, 63, 74, -23, 120, 21, -107, -110, 25, 94, 118, 66, -24, 112, 27, 124, -4, -85, -89, -105, -122, -16, -117, -69, 85, -73, 107, 120, -69, -48, -92, -85, 69, -128, 114, 125, 42, 101, -99, 39, -63, 81, -58, -38, -28, -13, 117, 95, 26, 42, -83, 49, -30, -36, 45, -84, 46, -28, -115, 68, -116, -120, 6, 93, -105, 26, -1, 0, -52, 85, 68, 94, -67, 43, 104, -55, 73, 90, 50, -110, 113, -39, -102, 85, -14, -93, 42, -47, 33, -127, -28, 96, -79, -93, 51, 19, -128, 20, 100, -102, -71, 63, 15, -71, -75, 115, 29, -51, -68, -79, 56, 25, 33, -41, 26, 81, -87, 45, -104, -110, 111, 116, 84, 85, -94, -94, -22, 41, -27, -113, 103, 37, -98, -38, 59, -121, -99, 17, 24, 100, -116, 106, -75, -87, 123, 63, 117, 28, -100, -79, 21, -112, 116, 35, 74, -113, 118, 23, 86, 63, 110, 85, 116, 84, -31, -10, -85, 60, -63, 93, -71, 80, 110, -34, 21, -24, 60, 22, 104, 34, -77, 17, 91, 114, -80, 93, 52, 53, -60, -89, 11, -65, -128, -107, -18, 28, -125, -15, 5, -89, 92, 39, -122, -15, 27, 107, -108, 43, 19, -92, 79, -71, 36, 87, 55, 80, -93, 37, -55, -45, -127, -72, 62, 14, -78, -39, 64, 113, -123, -50, 117, -55, 21, -69, -59, 73, 55, -9, 66, -11, -57, 90, -126, -5, 64, 88, -33, -105, 109, 49, -102, 52, -28, -53, 25, 82, 112, 119, 58, 87, -100, -7, 61, 5, -70, 23, -62, -20, -31, -121, 33, 1, 118, 39, -83, 17, -27, -18, -30, 119, -54, -110, -85, -79, 53, 97, -96, -26, -119, 79, 54, 0, -40, 120, -46, -114, 61, 8, 101, -17, 57, -80, -60, 0, 84, 85, -57, 118, 68, -66, 40, 92, -46, -76, -78, 23, 56, -44, -25, 74, -75, 110, -84, -20, 0, -86, 17, -18, 0, 26, 83, -98, 22, -63, 27, 44, -71, -83, -25, -78, 57, -15, -18, -58, -80, -122, 76, 22, 57, -94, 61, -55, 78, -103, -86, -73, 19, 16, -70, 109, 85, -60, -124, -99, 14, 107, -106, -84, -22, -70, 47, -5, 66, -79, -55, 6, -79, -7, -89, 66, 35, -40, 117, -51, 5, 1, -64, -56, -56, -85, 22, -84, -79, -125, -125, -116, -12, -95, -20, 82, -36, -81, 108, 102, 89, 88, -78, 28, -114, -92, 85, -120, -62, 62, 85, -68, 104, -83, 113, 24, 24, -48, -102, -87, 35, -14, 18, -54, -89, 94, -76, -71, 14, 11, -68, -70, 96, 26, -125, -87, 80, 58, -43, 104, -91, 36, -4, 85, 118, 50, 10, -21, -42, -109, -40, 107, 114, -77, 102, -74, 23, -101, 97, 69, -112, 5, -83, 25, 21, 62, 17, 64, -24, -120, -127, -79, -102, -113, 119, -115, -51, 16, 94, 70, -93, 86, -91, -9, 87, -103, 127, 116, -23, 70, -30, 109, 35, -52, -82, -82, 44, -117, -76, -112, 56, 89, 64, -9, 89, 70, 42, -117, 113, -69, -41, -124, -60, -20, -78, 47, -117, 111, 66, -18, 61, 107, 94, -49, -27, 94, -60, 99, 21, -55, -28, 60, -115, -117, -39, 11, 63, 55, 90, -48, -115, -87, -113, -77, -97, 10, -33, -77, -26, -76, -44, -120, -90, 80, -28, 39, 122, 34, 43, 3, -85, 17, 87, 61, -102, -119, 29, -93, -56, 112, -120, 88, -17, -96, -95, -76, 27, -127, -74, 10, -78, -122, 125, 71, 92, 83, 14, 29, 115, 29, -83, -46, -52, -124, -128, -89, 32, -99, 107, 35, -31, 55, -114, 50, -74, -14, 99, -7, 104, -16, 112, -103, -106, 104, -110, 104, -54, -93, 54, -67, 113, 81, 39, 23, -55, 113, -44, -72, 59, 11, 9, -31, -30, 48, -107, -103, 20, -13, 46, 10, -80, -50, -97, -107, 14, -17, -77, 28, 54, 75, 102, -114, 40, -42, 23, 119, 4, 58, -115, 71, -91, 57, -32, -10, 54, 118, -10, -54, -79, -59, -115, 48, 89, -66, 35, -13, -93, -67, -78, -13, 21, 26, -83, 121, -81, 43, -116, -66, 44, -12, 22, 52, -29, -14, 71, 57, -63, 120, 82, -16, -71, -104, 58, -58, -19, -51, -107, -108, 40, -55, 30, 21, -43, -107, 89, -19, 94, 57, -108, 72, -82, 10, -80, -15, 6, -86, 61, -86, -17, -51, -125, 67, -122, -36, 6, -28, 73, -101, 93, -13, 74, 114, -42, -19, -79, -62, 26, 21, 80, -65, -116, 114, 90, -73, 50, 42, 8, -16, 2, -86, -29, 24, -91, 23, 28, 66, -22, 120, -64, -116, 48, 7, 113, -115, -87, -19, -9, 14, 120, -26, 105, 21, -124, -118, -33, 101, -86, -76, 62, -47, 17, -18, -47, 35, 40, 79, -68, -104, -83, 97, 40, -41, -109, 25, -58, 87, -32, 47, 9, 49, -83, -84, 125, -31, 118, 56, -55, -55, -21, 87, 19, -118, -58, -110, -70, -55, -112, -67, 42, -83, -52, -42, -42, 112, 73, 51, -107, 64, -117, -52, -39, -39, 107, -50, -81, -69, 108, -105, 82, -81, -77, 97, -97, -104, 126, -55, 70, -66, -128, -11, -15, -41, 27, 15, 26, -61, 36, -30, -99, -78, -11, 56, 42, 71, -86, -89, 17, -117, -97, 42, -40, 67, -71, 38, -93, 113, 125, 27, 74, 121, 95, 74, -15, 11, -18, -45, 113, 86, -102, 104, -31, -119, -71, 99, -62, -70, -9, -127, -76, 7, 57, -56, 27, -45, 46, 25, -37, 43, -89, -99, -51, -62, -26, 36, 62, -14, -86, 96, -81, -49, 93, 63, -26, 107, 37, -105, 29, -16, 39, -106, 71, -86, -36, 92, -69, -123, -18, -37, 110, -126, -88, 92, -51, 47, 121, -5, 82, 65, 62, 52, -115, 59, 79, 105, 19, 102, 73, -107, 1, -63, 25, 56, -9, 73, -64, 56, -4, 41, -77, -15, 24, 56, -116, 8, -32, -13, 48, 26, 21, -4, 107, -94, 45, 94, -60, -71, 89, 20, 30, -9, 49, -85, -16, 74, 83, -31, 56, -91, -27, -76, -94, 68, -25, -58, -76, 123, -119, 58, 29, 91, 58, -50, 64, -112, -32, 13, -22, -55, -74, 80, -54, 80, -23, -42, -108, -119, 0, -117, 0, 124, -24, -80, -33, -14, 46, 36, 108, -118, -55, -59, -10, 55, 82, 75, -111, -116, -81, -35, -116, 19, -12, -91, 115, 93, 58, 49, -63, 56, -13, -93, -75, -60, 114, 16, -51, -95, -58, 6, 40, 114, -63, 28, -117, -107, 109, 105, 47, -28, 37, -65, 5, 101, -71, 110, 108, -28, -26, -82, -37, 75, 36, -24, -36, -52, -27, 87, -88, -86, 109, 104, -32, 103, 25, -88, -60, -46, 68, 72, 4, -116, -8, 85, 52, -97, 4, -90, -41, 35, 72, -61, 44, -64, 99, 122, -76, 111, 2, 47, -99, 46, -114, -31, -37, 82, -58, -94, -18, 95, -82, -75, 26, 75, 82, 44, -49, 127, -99, -88, 39, -120, -80, 24, -46, -85, 50, 26, 4, -120, -21, -45, 52, -44, 80, -100, -104, 87, -97, 39, 122, -41, 123, 85, -116, 111, -99, -113, -46, -74, 1, 27, -125, 84, -110, 39, 80, -116, 112, 114, -39, 60, -54, 64, -16, 6, -73, 31, 7, 14, 112, 0, 63, 60, 83, 52, 86, 7, -31, -85, -42, -14, -58, -119, -17, -90, -43, -93, -55, 36, 102, -79, -59, -120, -41, -124, 47, 123, -125, 108, 79, -95, -90, 22, -4, 41, 93, 64, 123, 111, 117, 122, 53, 49, -17, 35, 39, -99, 99, 35, -106, -120, -73, 97, 116, 109, -86, 94, 73, 50, -42, 56, -95, 87, -22, -53, 56, -92, -52, -74, -61, -23, -91, 22, 59, 27, 62, -16, -111, 25, -27, -16, 83, 76, -89, -71, -123, -93, -57, 40, 38, -105, 18, 17, -77, -49, -53, -102, 90, -92, -60, -44, 81, 117, 32, -73, -116, -13, 69, 35, 8, -49, -39, 18, 105, 89, 34, 90, 71, 63, 56, 111, 80, 105, 108, -82, 1, -54, -116, -30, -124, -18, -46, 16, 73, -90, -96, -7, -79, 57, -41, 7, 64, -73, 75, -116, 33, 24, -87, -117, -126, 54, -44, -46, 123, 8, -71, -36, -13, 57, 24, -38, -100, -64, 33, -26, 8, -111, -98, 99, -71, 53, -100, -94, -94, 105, 25, -71, 5, 73, -103, -109, 44, -128, -48, 101, -70, -58, -100, -122, -82, -86, -60, -96, -107, -48, -3, -43, 86, 112, 6, -70, 28, -44, 42, 52, 118, 82, -98, -22, 73, -74, 20, -93, -120, -15, -88, 120, 113, 94, -7, -3, -10, 58, 42, -17, -113, 26, 107, 40, -63, -45, -18, -81, 40, -3, 37, -33, -54, -100, 64, 90, -105, -120, -9, 105, -108, 104, -80, 100, 58, 12, -13, 14, -99, 113, -29, -67, 86, 73, 104, -118, -93, 6, -37, 116, 83, -19, 15, 104, -18, 47, -81, 111, 22, -42, 119, 104, -7, -71, 74, 19, -123, -57, -111, -41, 57, 0, 125, 13, 114, -9, 13, 8, 80, -4, -45, -107, 77, -103, 87, 82, 14, -6, -23, -127, 75, -46, -22, 69, -123, -33, -102, 80, 57, -71, 121, -74, 3, 115, -113, 51, -42, -81, -38, 92, 61, -73, 36, -110, -62, -56, -61, 61, -41, -69, -107, -25, -41, 1, -44, -18, 51, -53, -81, 79, -70, -72, -102, 109, -37, 52, 80, -14, 29, 110, 90, -38, -37, -35, 73, 88, 1, -54, 29, -41, 83, -52, 15, 46, 117, -45, 94, -66, 70, -118, -105, -100, 66, -38, -38, 88, -94, 6, 46, -7, 4, -92, -55, -94, -120, -63, -45, 76, 120, -20, 106, -124, -77, -13, 75, 63, -74, -36, 97, 102, 37, -53, 34, -106, 44, -53, -88, 26, 109, -82, 49, -31, -91, 18, -22, -26, 41, 5, -78, -40, 73, 51, 14, -17, -110, -32, -56, -68, -85, 44, -99, 112, 58, -25, 56, -59, 20, 61, 40, -75, 101, -58, -26, -127, 37, 55, 49, -103, 35, -109, 67, -52, 6, 80, 121, 120, 116, -81, 67, -20, -89, 29, -31, 79, 97, 21, -76, -73, 15, 13, -54, 40, 86, 51, 96, 115, -73, -105, -106, -101, -8, 98, -68, -50, 91, -39, 46, -124, 125, -30, -88, -111, 125, -50, 98, 113, -49, -96, 31, 60, 99, 115, 89, 109, 26, -37, -36, -21, 39, 54, 78, -118, 24, -112, 117, -14, -86, -57, -111, -29, 118, -116, -36, 19, 61, -26, -50, 22, -69, -120, -54, -102, -81, 49, 83, -99, 48, 70, -30, -83, -83, -117, -14, -13, 40, -64, -13, -83, -2, -113, 37, -114, 110, -56, 89, -52, 34, 16, -31, 74, 48, -58, 57, -71, 73, 94, 111, -98, 5, 55, -70, -108, 48, -28, 64, 43, -78, 57, 92, -121, -95, 37, 98, -40, -30, 96, 57, 72, -48, -44, 90, -53, -104, -28, 10, -72, -85, 68, 85, -13, -85, 109, -119, 36, 82, -118, -56, -125, -31, 86, -110, -41, 31, 17, 52, 112, 49, -10, -77, 91, -51, 70, -20, -91, 72, -113, 116, -36, -72, -26, -56, -96, 53, -66, -69, 85, -60, 36, 3, -127, -67, 96, -119, -104, -26, -107, -47, 117, 101, 37, -73, -14, -87, 123, 54, -71, -50, 42, -1, 0, 114, 85, 114, 106, 5, 105, 88, -88, -87, -36, 47, 92, -47, -95, -74, -120, 107, 47, -35, 83, -27, -83, -124, -94, -58, -111, -124, -37, 103, -35, 64, 71, -104, -88, 77, 4, 15, -126, 10, -81, -91, 23, -70, -42, -73, -56, 60, 41, 20, 38, -10, 111, -89, -115, 78, 27, 65, -110, 105, 42, 118, -53, -123, 54, -84, -110, -81, -86, -125, -3, -86, -62, 118, -61, -125, -9, 100, 43, 72, -57, -64, 46, 63, -67, 97, -11, -72, 107, -14, 51, 73, 88, -42, 88, 15, -62, 14, -108, 46, -29, 29, 53, -92, -78, -10, -62, -44, 124, 16, 22, -2, 103, 2, -86, 73, -37, 25, 0, -3, -108, 81, 47, -85, 115, 86, 111, -44, 112, 46, -10, 27, 29, 39, 118, -39, -40, 84, 90, -33, -101, 117, 21, -57, 92, 118, -65, -120, 54, 121, 39, -126, 63, -27, -117, 95, -68, -43, 23, -19, 47, 22, 115, -91, -4, -96, 31, -35, 69, 31, -123, 71, -36, -15, -10, 76, 78, -114, -5, -39, -120, -40, 98, -76, -74, 36, -100, -102, -31, -31, -29, -41, -31, 63, 105, 119, 114, -25, -50, 70, 31, -38, -123, 39, 29, -30, 76, 127, 103, 61, -62, -7, -9, -122, -95, -6, -74, -5, 68, -102, -119, -24, -80, 88, -80, 57, 31, 13, 95, -118, 17, 30, -58, -68, -91, 56, -89, 25, 118, -49, -73, 95, 127, -9, -112, 63, -67, 90, -121, -118, 113, -108, 63, -6, -37, -109, -4, -41, 77, -3, -77, 81, 47, 85, -117, -3, 127, -47, -89, 20, 122, -103, -116, 98, -94, 97, 70, -34, -68, -14, 14, 55, -58, 65, -46, -20, -6, 52, -123, -65, -67, 48, -73, -29, 124, 111, -2, -20, 109, -3, 53, 11, -43, 113, -82, 81, 126, -28, 78, -64, -38, 64, 84, -29, 35, 77, -63, -38, -66, 117, -3, 36, 89, 92, 88, 118, -126, -17, 51, -67, -44, 65, -108, 25, -28, 64, -84, 88, -82, -60, 87, -75, 67, -57, 120, -127, -1, 0, 22, 40, -113, -53, 21, -30, -65, -92, 14, 39, 117, -57, 120, -11, -19, -44, 113, -72, -73, 82, -86, 28, 70, 116, 10, -95, 78, 78, 49, -65, 74, -24, -57, -42, 99, -22, 31, -57, -80, -45, -115, -20, 114, -23, 52, 16, -37, -76, 102, 37, 45, 42, -31, -28, -50, 88, 48, 36, -114, 95, 13, -58, 71, 94, 90, -119, 110, -8, -123, 48, 20, 126, -20, -79, 37, -114, 72, -24, 112, 107, -87, -31, -99, -125, -68, -68, -31, -80, 95, 64, -62, 71, -107, -49, -20, 8, 49, -78, -128, 9, -44, -99, -74, -12, -44, 82, 110, 53, -62, 111, 120, 44, -26, -54, -12, -56, -114, -64, 50, -123, -109, 66, -65, -113, -2, 106, -29, -105, 28, -37, -118, 123, -102, 90, 22, -119, -117, 18, 7, 123, -81, -119, -49, -67, -80, -51, 110, 70, -26, 33, 4, 92, -18, 1, 3, 27, -109, -90, -92, 85, -71, -8, 79, 16, 107, 41, -81, 86, -58, 101, -75, 93, 28, -88, -8, 78, 51, -106, 4, -28, 14, -71, -86, -111, -62, -46, -25, -69, 94, 83, -114, -103, 98, -33, -97, -91, 90, -95, 108, 104, 93, 57, 85, 105, 25, -92, 24, -41, -99, -119, 39, -56, -7, 85, -21, 25, -118, -121, 46, -62, 57, 0, -36, 13, 65, -50, -122, -70, -103, -69, 15, -60, -102, -50, 43, -5, 86, 23, 44, -22, -84, 83, -108, -85, -74, 113, -65, 54, -71, 30, 122, -41, 53, -60, 98, 110, 25, 48, -114, 107, 110, 75, -128, 57, -52, 108, 6, 72, 58, 107, -41, -21, -29, -102, -54, 57, -95, -111, -44, 25, 45, -89, -79, -17, -33, -93, -34, 86, -20, -91, -118, 34, -86, -14, 2, 31, -107, -108, -28, -28, -27, -76, 39, 115, -13, -82, -119, -48, 46, -58, -68, -125, -12, 91, -60, 98, -68, -76, -69, -123, 72, -114, -31, 36, 15, -110, 73, 44, -92, 99, 63, 44, 125, -11, -34, -91, -60, -47, 109, 112, 126, 76, 107, -105, 47, -85, -82, -97, 35, -57, 40, -16, 70, -53, 99, -92, 72, -13, -74, -76, 85, -128, 117, 21, -51, 55, 18, -99, 127, -9, 108, 7, -121, 49, -95, -98, 40, -8, -55, -71, -101, -48, 49, 21, -97, -33, 96, -1, 0, 70, 53, -92, -22, -3, -100, -115, -9, -83, 119, 88, -36, -118, -29, -37, -116, -111, -2, 124, -39, -1, 0, -28, 53, 6, -29, -78, 32, -56, -72, -109, -3, 102, -102, -11, -75, -34, 12, 119, 19, -75, -115, -71, 91, 2, -89, -50, 75, 109, 92, 68, 125, -90, -71, 25, -61, 43, 15, -30, -42, -116, -99, -83, -111, 8, 18, -63, 27, 15, 34, 71, -9, -83, -31, -22, -72, 37, -7, 90, 5, 36, 118, -117, -126, 9, -56, -88, -123, 83, -26, 107, -100, -73, -19, 117, -101, 17, -34, 69, 42, 121, -24, 69, 48, -117, -76, 60, 46, 124, 98, -19, 20, -1, 0, 26, -30, -70, -95, -43, -31, -105, 18, 69, 90, 99, 22, 77, 107, 88, -83, 69, 117, 111, 63, -8, 83, -58, -28, -8, 56, -51, 17, -127, 29, 43, 117, 52, -8, 99, -40, -46, 22, -87, 21, -26, -42, -94, 42, 98, -104, -49, 21, 91, 25, 24, -32, -86, -113, -99, 25, 120, 107, -19, -128, 43, -81, -3, 77, 24, -8, 100, 111, -69, -14, -83, 14, 24, -128, -29, -99, -2, -17, -54, -66, 41, -25, 103, 61, 51, -105, 94, 21, 39, -39, 98, -65, 32, 104, -119, -63, 25, -121, -67, 35, 124, -64, 31, -38, -70, 97, -61, 99, 31, -26, 55, -35, -7, 84, -113, 15, 81, -77, -75, 79, -70, -62, -114, 122, 62, 7, 26, -22, 74, -73, -11, 26, -78, -100, 22, 35, -47, 71, -104, 38, -100, -117, 32, -65, 108, -3, 43, 94, -54, 115, -15, -100, 122, 82, 121, 101, -28, 84, 45, 94, 11, 107, -10, -105, 62, -90, -120, -68, 22, -53, -9, 7, -42, -81, -117, 76, -3, -78, 42, 94, -58, -33, 102, 81, -12, -87, 115, -105, -112, -94, -102, -16, -117, 17, -89, 116, 15, -52, -47, -109, -121, 89, 70, 125, -37, 116, -49, -103, -93, -2, -81, -108, -115, 37, 81, -11, -88, -2, -82, -70, -23, 60, 68, 121, -106, -4, -87, 106, -105, -112, -2, -115, -120, 96, 77, -96, -117, -23, 91, -62, 116, 69, 90, -48, -31, 119, 45, -15, 92, 66, -66, -103, 53, 49, -62, -104, 124, 119, -93, -6, 99, -1, 0, 122, -101, -112, -66, 94, 8, 23, -63, -9, 113, -12, 31, -107, 64, 96, 15, -123, 48, 119, -9, 6, -75, 117, 120, 125, -78, -97, -38, 77, 35, -6, -112, 40, -123, -20, 45, -64, 37, 84, 124, -63, -4, 104, 90, -5, 49, -88, -56, -94, -67, -21, 124, 17, -25, -7, 86, -125, 117, -62, 34, -65, 116, 123, -85, 24, 102, 104, -40, 50, 52, -79, -87, 42, 70, -40, -49, -87, -93, 94, -10, -105, -124, 89, -116, 60, -8, 36, 103, -107, 72, -49, -46, -111, 93, -10, -6, -43, 85, -67, -117, -121, -50, -17, -48, -54, 66, 3, -8, -42, -40, -15, 101, -69, 86, 27, 46, -29, 30, 17, -39, -72, -72, 74, -36, 45, -100, 88, -114, -26, 78, 121, 21, -36, 48, -16, -64, 30, 30, 91, 87, 27, -40, 14, -51, -40, 93, -114, 37, 114, -106, 113, -69, -37, 113, 25, 18, 41, 12, -92, 114, 5, 111, 116, 0, 8, -58, -61, 106, 37, -1, 0, 108, -72, -43, -48, 101, -74, 72, 109, 1, 24, 86, 65, -52, -61, -26, 105, 47, 102, -82, 120, -81, 103, -31, 120, 44, 103, 83, 19, -65, 59, 44, -118, 27, 39, -57, 59, -41, 124, 49, 101, 88, -90, -100, -2, 78, -127, 78, 58, 94, -25, -85, -5, 37, -57, -38, 72, -105, 58, -18, 52, -6, -26, -109, 118, -125, -78, 112, -15, -95, 3, 51, -61, 5, -60, 51, -92, -94, 112, -95, -119, -27, -24, 116, 25, -45, 77, 118, -92, -79, -10, -81, -116, 3, -17, -63, 108, -1, 0, -22, -4, -22, -28, 125, -84, -68, -9, 123, -53, 8, -113, -113, 35, -111, 92, 112, -23, -14, 98, -106, -88, 61, -55, 82, -118, -32, 117, 105, -64, 44, -84, 102, 121, -84, -32, -76, -126, 73, 70, 36, 120, -93, 85, 47, -21, -128, 60, 106, -55, -79, 99, -2, 108, 95, 64, 41, 84, 125, -88, -127, -65, -59, -78, -107, 125, 49, 86, -29, -19, 7, 12, -105, -30, 46, -98, -79, -102, -58, 120, -92, -35, -53, -112, -43, 22, 29, -72, 107, -25, 67, 19, 124, -24, 50, 112, -106, 39, 61, -38, 103, -42, -82, 71, 125, 99, 47, -8, 119, 9, -23, -100, 81, 75, -61, -116, -122, 39, -48, -44, 104, -94, -76, -57, -56, -91, -8, 75, 13, 121, 53, -14, 53, 90, 94, 13, 33, -44, 18, 62, 116, -5, -36, -36, 51, 124, -21, 68, 120, 107, -22, 106, -107, -82, 24, -100, 81, -53, -73, 4, -112, 19, -121, 57, -88, 126, -90, -67, -39, 101, 36, 121, -100, -41, 85, -54, -67, 64, -84, 33, 105, -21, -110, 21, 28, -88, -32, -105, -37, 101, 0, -11, -59, 26, 62, -49, -49, -97, 126, 100, 81, -4, 32, -109, 93, 33, -27, 29, 7, -46, -93, -52, -66, 95, 74, 107, 36, -71, 69, 10, 97, -32, -94, 45, -18, 28, -3, 7, -31, 87, 96, 19, -37, -1, 0, -123, 117, 50, -6, 72, 69, 29, -92, 81, -10, 71, -46, -96, 102, 30, 95, 74, 107, 36, -41, 14, -123, 108, -79, 31, 20, -30, 41, -89, -76, 6, -2, 101, 7, -16, -94, 14, 51, -60, 6, -26, 54, -2, -111, 84, 76, -93, -2, 10, -119, -101, -2, 98, -74, 93, 86, 117, -5, 49, -36, -68, -127, -3, 101, -90, 72, 3, -52, -102, 32, -67, 111, 3, 73, -60, -38, -24, 126, 91, 84, -124, -51, -53, -112, -52, 107, -97, 65, 90, -122, -34, -36, -33, -69, -12, -83, 11, -87, -113, 74, 84, -73, 12, 126, -41, -46, -90, 46, 24, 121, -118, 90, 71, 99, 81, 113, 33, -35, -79, -27, 82, -17, -36, 106, 90, -107, 9, -119, -41, 36, 15, 42, -112, -105, 63, 107, -21, 75, 72, -83, 13, 22, -27, -114, -20, 62, 117, 33, 40, 39, 124, 122, -46, -93, 41, -50, 65, 3, -17, -87, 9, 91, 76, -97, -83, 45, 32, -102, 27, -121, -41, 71, 31, 90, -97, 124, -61, 108, 31, -70, -108, -117, -113, 53, -2, -43, 33, 114, -64, 107, -51, -3, 58, -46, -46, 85, -95, -80, -108, -99, 115, 82, 51, 18, 49, -49, -118, 86, 39, -50, -60, -23, -67, 73, 101, 86, -44, 55, -49, 52, 49, 12, 89, 85, -74, 43, -11, -91, -105, -4, 28, -36, -99, 24, -29, -61, -104, -47, 13, -50, 14, -128, 15, 44, -47, 18, -24, 100, 97, -108, 31, 12, 80, -89, 37, -64, -102, 76, 68, -35, -112, -22, -117, 24, -12, 56, -95, -1, 0, -46, 50, -20, 81, 15, -93, -41, 74, 38, -26, 59, -21, -27, 91, -17, -120, -36, -100, 122, -102, -43, 117, 57, 23, 114, 125, -72, -100, -41, -3, 32, -25, 25, 80, 61, 26, -90, -67, -112, 24, -8, -79, 93, 50, -52, 15, -113, -52, -44, -42, 111, 23, 52, -66, -89, 39, -111, 44, 81, 57, -127, -39, 52, 27, -51, 69, 78, -51, 67, 31, -59, 114, -29, -56, 87, 73, -34, -89, 92, 26, -116, -115, 19, 125, -111, -11, -91, -11, 19, -14, 63, 110, 34, 33, -64, -83, 87, 119, -107, -65, -88, 126, 85, 49, -62, -84, -45, -20, 72, 127, -86, -101, 52, 40, 118, 113, 66, 107, 119, 43, -112, 70, 51, -71, 56, -93, -35, -109, -18, 78, -124, 80, 91, 123, 120, -2, 24, -2, -90, -117, -34, 42, -115, 35, 65, -113, 26, -109, -37, -56, 62, 37, 63, 42, 19, 68, -8, 36, 98, -115, 72, 85, 65, -106, -28, -2, -30, 125, 106, 94, -43, -90, 90, 60, 122, 26, -87, -54, -40, -23, -14, -88, -66, 122, -125, -14, -89, 104, 45, -105, 26, -23, 116, -56, 32, 121, -44, 77, -54, -8, -3, -11, 73, -80, 119, 111, -107, 64, -56, -85, -127, -111, 79, 97, 54, -53, -51, 58, -99, -100, 80, -53, -98, -123, 13, 82, 105, 65, -48, -107, -6, 80, -99, -108, 108, -96, -7, -45, 66, -44, -58, 6, 118, -40, 119, 127, 90, 27, 92, 56, -24, -108, -65, -30, 58, -115, 61, 107, 93, -56, -21, 51, 125, 106, -110, 38, -39, 120, -35, -73, -18, -3, -11, 3, 115, 47, 84, 31, -22, -86, -84, -83, -1, 0, 112, -125, -4, -43, 14, 71, 27, 75, -1, 0, -22, -102, 66, 114, 96, 26, 96, 117, 90, -59, -72, 40, 54, -46, -107, -121, 36, -25, -104, -113, -99, 109, -114, 119, 102, -5, -85, 77, 6, -74, 48, 75, -100, -99, -57, -42, -113, -52, -92, 100, -100, 31, 58, 80, 37, 69, 24, 36, 102, -120, -105, 35, 93, 6, -98, 38, -109, -128, -20, 104, -83, -125, -80, -49, -122, -11, 62, -8, -127, -98, 76, -113, 49, 74, -59, -64, 35, 77, 7, -112, -83, 53, -55, -50, 36, 76, -113, 28, 102, -89, 64, -84, 112, 38, 3, -31, 108, 120, -5, -72, -84, 91, -113, 123, 4, 28, 82, -107, -72, 1, 70, 24, 48, -24, 5, 17, 37, 36, -28, -126, 87, -46, -109, -128, -58, 126, -47, -4, 92, -89, -96, -58, 115, 90, -25, 36, 107, -87, 59, -28, 126, 53, 67, -68, 1, -14, 84, -28, -11, 11, -118, 42, -54, -97, 99, 126, -70, 10, -99, 33, 101, -27, -109, -108, -25, -98, -116, 46, 125, -34, 108, -87, 62, 34, -107, -121, 3, -4, -49, -20, 77, 25, 94, 66, -71, 50, 30, 83, -74, 64, 63, -123, 39, 18, -84, 98, -77, -31, 112, -84, -95, 79, -104, 21, 17, 41, 81, -66, 6, -25, -35, -86, 43, 33, 125, 68, -113, -97, 37, -83, 119, -59, 64, 13, -52, -6, 107, -98, -97, 33, 75, 72, 88, -60, 93, 1, -23, -29, -102, -103, -72, -24, -82, 1, -33, -107, -76, 52, -66, 55, 13, -16, -3, -30, -92, 100, 109, -70, -113, -31, 31, 118, 105, 105, 65, 99, 21, -72, 99, -15, 6, -11, -94, 36, -121, -2, 26, 82, -73, 15, -44, -82, 124, -58, 40, -117, 41, -15, 56, -13, -87, 112, 21, -114, 22, 93, 53, -4, -22, 70, 65, -29, 74, 22, -32, -125, -128, 113, -14, -94, 123, 67, 102, -95, -64, 118, 52, 14, 115, -109, -73, -99, 111, -68, -41, 83, -54, 52, 57, -13, 20, -80, 76, -33, 103, 67, -27, 68, 23, 7, 24, 39, -52, -125, -67, 45, 33, 99, 49, 112, -61, 99, -8, 84, -69, -2, 111, -119, 84, -46, -63, 63, 48, 39, 56, -11, -83, 36, -52, -121, 37, -127, 30, 32, 109, 70, -112, -79, -82, 32, 109, 74, 16, 124, -85, 66, 4, 124, -31, -122, -37, 98, -105, -117, -110, 78, 115, -111, -29, -79, -94, 11, -116, -24, 78, 7, -114, 106, 105, -114, -61, -53, 97, -43, 49, -25, -118, -85, 45, -128, 44, 50, 15, 48, -37, 76, -118, 42, 93, -98, 126, 80, 91, 3, 99, -102, 34, -35, 16, 113, -128, 71, -83, 52, -28, -121, -79, 66, 75, 39, 25, 35, -109, 35, 122, -81, 36, 69, 65, -56, 25, -89, 45, 58, 72, 64, -48, 31, 93, 106, 6, 53, 109, -50, 125, 106, -42, 70, 75, 72, 66, -47, -25, 66, 51, -118, 19, -62, 63, 116, 124, -123, 60, 107, 24, -40, 28, 29, 73, -45, 90, -83, 61, -117, -81, 64, -43, -94, -56, -119, 113, -16, 38, 60, -70, -24, 71, -123, 12, -100, 125, -80, 62, 85, 126, 88, 93, 24, -85, 68, 66, -12, 7, -3, -86, -79, -115, 67, 16, 65, 35, -57, 66, 107, 104, -76, -55, 104, -26, 81, -40, -11, -58, -99, 40, -127, -37, 56, -49, -115, 101, 101, 117, 48, 8, -70, -77, 19, -82, 54, -96, 72, -60, -54, 118, -36, 116, 21, -107, -108, -94, 53, -56, 69, -111, -61, -32, 49, 3, 30, 53, 57, 29, -71, 7, -68, 119, -4, 107, 43, 40, -112, 48, -78, 124, 123, -111, -91, 110, 57, 28, -98, 92, -23, -102, -35, 101, 64, -119, 65, 35, -107, -43, -40, -6, -102, 48, 3, 59, 117, -84, -84, -88, 99, 68, -121, -38, 52, 66, -60, 71, -90, -107, -107, -107, 33, 34, 92, -60, 38, 116, 39, -50, -94, -77, 54, 25, -41, 10, 67, 99, 65, 89, 89, 82, -122, 16, 18, -48, 9, 11, 28, -73, -98, -44, 118, 99, -18, 12, -28, 86, 86, 84, -80, 54, -57, 57, -50, -70, 86, -56, -60, 121, 26, 31, -10, -84, -84, -87, 99, 102, -41, 87, -83, -119, 24, 72, 71, 77, 43, 43, 40, 36, 41, 118, 80, 72, 39, 92, 86, -111, -55, 63, 42, -54, -54, 72, 100, -7, -113, 49, -14, -51, 77, 29, -126, 3, -109, -100, 86, 86, 84, -79, 18, 82, 91, -109, -104, -109, -100, 102, -92, 119, 35, 29, 43, 43, 42, 70, 109, -16, -40, 12, -93, 24, -94, 40, -62, 18, 52, -64, -48, 86, 86, 80, -64, -108, 100, -70, 6, 59, -42, -71, -40, 54, 1, -46, -78, -78, -89, -72, -40, 68, 99, -55, -100, -21, -118, -97, 59, 16, 50, 126, -41, -27, 89, 89, 72, 9, -32, 49, 33, -70, -43, 121, 109, -29, 4, -31, 113, -83, 106, -78, -124, -35, -115, 31, -1, -39], govIdBack=[-1, -40, -1, -32, 0, 16, 74, 70, 73, 70, 0, 1, 1, 0, 0, 1, 0, 1, 0, 0, -1, -37, 0, -124, 0, 9, 6, 7, 8, 7, 6, 9, 8, 7, 8, 10, 10, 9, 11, 13, 22, 15, 13, 12, 12, 13, 27, 20, 21, 16, 22, 32, 29, 34, 34, 32, 29, 31, 31, 36, 40, 52, 44, 36, 38, 49, 39, 31, 31, 45, 61, 45, 49, 53, 55, 58, 58, 58, 35, 43, 63, 68, 63, 56, 67, 52, 57, 58, 55, 1, 10, 10, 10, 13, 12, 13, 26, 15, 15, 26, 55, 37, 31, 37, 55, 55, 55, 55, 55, 55, 55, 55, 55, 55, 55, 55, 55, 55, 55, 55, 55, 55, 55, 55, 55, 55, 55, 55, 55, 55, 55, 55, 55, 55, 55, 55, 55, 55, 55, 55, 55, 55, 55, 55, 55, 55, 55, 55, 55, 55, 55, 55, 55, 55, -1, -64, 0, 17, 8, 0, -108, 1, 14, 3, 1, 34, 0, 2, 17, 1, 3, 17, 1, -1, -60, 0, 28, 0, 0, 2, 2, 3, 1, 1, 0, 0, 0, 0, 0, 0, 0, 0, 0, 0, 3, 5, 2, 4, 0, 1, 6, 7, 8, -1, -60, 0, 65, 16, 0, 2, 1, 3, 2, 3, 5, 5, 4, 8, 5, 3, 5, 0, 0, 0, 1, 2, 3, 0, 4, 17, 33, 49, 5, 18, 65, 6, 19, 81, 97, 113, 20, 34, 50, -127, -111, 66, -95, -63, -47, 7, 21, 35, 82, 98, 114, -126, -79, 51, 67, -110, -31, -16, 22, 83, -15, 52, 68, 115, -109, -94, -1, -60, 0, 26, 1, 0, 3, 1, 1, 1, 1, 0, 0, 0, 0, 0, 0, 0, 0, 0, 0, 0, 1, 2, 3, 4, 5, 6, -1, -60, 0, 40, 17, 0, 2, 2, 1, 3, 3, 3, 4, 3, 0, 0, 0, 0, 0, 0, 0, 0, 1, 2, 17, 3, 18, 33, 49, 4, 65, 81, 5, 19, 34, 20, 21, 50, 66, 97, -127, -95, -1, -38, 0, 12, 3, 1, 0, 2, 17, 3, 17, 0, 63, 0, -13, 108, 84, -46, 38, 109, -75, -84, 2, -92, -71, 31, 9, 34, -66, -124, -15, -84, -63, 25, 27, -125, 83, -18, -21, 57, -53, 111, 83, 86, 56, -42, -127, 89, 16, -75, 32, 42, 65, -65, -122, -120, 27, 77, -121, -46, -102, 17, -91, 20, 104, -50, 58, 100, 86, -108, -7, 15, -91, 16, 107, -48, 80, 38, 25, 38, 11, -94, -88, -59, 77, -97, -97, 29, 40, 10, 40, -118, 41, -47, 45, -122, 10, 60, 86, -120, -76, 53, 20, 100, 90, 100, -123, 78, 118, -9, 70, -85, -46, -116, -79, -107, -8, -76, -95, 38, 87, 111, -70, -118, -96, -17, -110, 73, -15, -96, 65, 20, 81, 80, 84, 16, 81, -44, 80, 34, 104, -75, 97, 5, 14, 49, 86, 80, 84, 48, 38, -126, -84, 34, -44, 17, 122, -43, -120, -93, 102, 56, 85, 36, -8, 1, 89, -71, 34, -46, 101, -2, 21, 99, -19, -20, -16, 38, 22, 64, 57, -107, -67, 43, -91, -32, 118, 83, 88, 67, 50, -80, -60, -124, -12, -37, -27, 72, 56, 36, -122, -34, -19, 93, 84, -77, 96, -116, 1, -83, 117, 54, -9, -20, -17, -56, -15, -108, 108, 103, 4, 98, -72, 122, -119, 74, -24, -17, -23, -29, 30, 123, -108, 56, -68, 45, 113, 18, -27, 71, 120, -97, 9, -95, -61, 24, -122, 62, -19, 23, 3, -87, -3, -22, -67, 112, 121, -51, 7, -69, -14, -84, -93, 45, -88, -42, 81, -7, 106, 55, 29, 77, -100, -88, 10, -75, 16, -104, 27, 86, -71, 117, -92, -54, 15, 30, 15, -81, 90, -73, 24, -86, 74, 113, -118, -67, 110, -68, -29, 122, -50, 69, -60, 60, 122, 10, 42, -44, 85, 49, 82, -38, -77, 53, 52, 85, 114, 67, 96, -126, 122, -118, -33, 74, -39, -38, -94, 13, 0, 42, -67, -110, 83, 33, 71, -9, 84, 108, 60, 106, -83, 57, -71, -73, -114, -32, 2, 91, 12, 54, 34, -86, -120, 22, -33, 73, 19, -68, -50, -51, 90, -87, -86, 49, -108, 29, -97, 48, -14, -42, -15, 69, -27, -14, -84, -27, -14, -81, 112, -14, -20, 24, 90, -112, 21, 48, -75, 32, -96, 80, 34, 32, 81, 21, 107, 97, 104, -118, 40, 17, -118, 40, -118, 43, 21, 104, -86, -76, -60, 104, 10, 42, -83, 96, 90, 34, -83, 49, 27, 85, -93, 32, -88, -88, -94, -86, -48, 34, 74, 40, -56, -75, 5, 20, 116, 20, 18, 77, 22, -114, -119, 80, -116, 109, -91, 117, -10, 125, -101, -74, -70, -32, 113, -34, 91, -68, -83, 55, 46, -85, -47, -50, 118, -84, -78, -27, 88, -22, -53, -122, 55, 55, -15, 17, -16, -34, 27, 115, -60, 36, 41, 105, 17, -111, -108, 115, 31, 120, 12, 15, -99, 118, 92, 47, -77, 16, 90, 93, 36, -13, -49, -34, -29, 7, -69, 100, 26, 31, 58, -33, 10, -114, -42, 23, 105, -83, 99, 8, -52, -95, 78, -124, 109, -75, 93, 105, 88, -71, 53, -25, -26, -49, 57, 58, 92, 29, -8, -80, -62, 42, -33, 37, -104, -8, 55, 14, 25, 100, -76, -125, 87, 44, 73, 92, -111, -23, 87, 87, -70, 67, -92, 105, -112, 52, -64, -23, 75, -31, -99, -41, 99, -67, 100, -78, -76, 106, 92, 12, -80, -40, 87, 51, 77, -67, -39, -46, -100, 82, -39, 27, 19, 91, 69, 117, 35, -92, 28, -100, -5, -80, 24, -26, -96, -36, 93, -57, 113, 112, -116, -54, 65, -113, 60, -104, 29, 14, 55, -86, 50, -35, -103, 9, -25, 62, -15, -5, 62, 21, 4, -63, -15, -51, 90, -123, 25, 57, -115, 99, 2, 81, -111, -82, 40, -94, 61, 54, -96, -40, -57, -53, -93, 28, 18, 116, -51, 48, 72, -11, 21, 18, 116, -51, -94, -83, 21, -69, -83, 54, -95, -76, 120, -90, 13, -54, -93, -50, -76, 99, -120, -116, -79, -59, 78, -95, -23, 23, -123, 57, 26, 31, -91, 92, -73, 96, -121, 93, 42, 38, 95, -119, 84, 124, 63, 125, 12, 30, 125, 73, -94, -20, 18, -95, -110, -100, -118, -58, 56, -96, 70, -40, 81, 88, -20, 15, -115, 69, 23, 102, -35, -51, 68, 62, 40, 78, -58, -122, 88, -45, -95, 89, 111, -104, 81, 57, -44, -113, 120, 103, 21, 67, -100, -42, -60, -124, 81, 67, -77, -63, -41, -78, -100, 97, -83, 13, -46, -38, 115, 71, -116, -128, -83, -106, 35, -46, -88, -55, -62, 111, -29, -116, -56, -10, 83, 42, 40, -55, 102, 92, 1, 94, -73, -62, 120, -27, -107, -38, -14, 66, -31, 72, -45, -105, 108, -46, -66, -35, -53, 114, -4, 55, -71, -75, 28, -53, 33, -52, -124, 111, -118, -12, -29, -44, 77, -50, -102, 60, -41, -122, 58, 109, 51, -50, -72, 95, 12, 126, 33, 43, 34, -70, -58, 20, 106, -51, 86, 110, -72, 58, -37, 70, -54, -45, -85, -50, 14, -61, -62, -123, 11, 24, -78, 8, 57, -49, -114, 49, 86, -51, -52, 79, -126, -22, 73, 11, -128, -89, 99, 93, 50, -69, -40, -63, 85, 10, -28, -74, -110, 28, 119, -120, 84, 29, -119, 27, -42, -128, 25, -63, -34, -70, 20, -102, 62, 33, 8, -118, 126, 72, -93, 77, -78, 112, 69, 91, -31, -4, 11, -122, -36, 69, 38, 110, -3, -32, 14, 50, 113, 71, -71, 92, -117, 77, -16, 114, -22, -72, 25, 58, 81, 21, 115, -80, 63, 74, -23, 120, 21, -107, -110, 25, 94, 118, 66, -24, 112, 27, 124, -4, -85, -89, -105, -122, -16, -117, -69, 85, -73, 107, 120, -69, -48, -92, -85, 69, -128, 114, 125, 42, 101, -99, 39, -63, 81, -58, -38, -28, -13, 117, 95, 26, 42, -83, 49, -30, -36, 45, -84, 46, -28, -115, 68, -116, -120, 6, 93, -105, 26, -1, 0, -52, 85, 68, 94, -67, 43, 104, -55, 73, 90, 50, -110, 113, -39, -102, 85, -14, -93, 42, -47, 33, -127, -28, 96, -79, -93, 51, 19, -128, 20, 100, -102, -71, 63, 15, -71, -75, 115, 29, -51, -68, -79, 56, 25, 33, -41, 26, 81, -87, 45, -104, -110, 111, 116, 84, 85, -94, -94, -22, 41, -27, -113, 103, 37, -98, -38, 59, -121, -99, 17, 24, 100, -116, 106, -75, -87, 123, 63, 117, 28, -100, -79, 21, -112, 116, 35, 74, -113, 118, 23, 86, 63, 110, 85, 116, 84, -31, -10, -85, 60, -63, 93, -71, 80, 110, -34, 21, -24, 60, 22, 104, 34, -77, 17, 91, 114, -80, 93, 52, 53, -60, -89, 11, -65, -128, -107, -18, 28, -125, -15, 5, -89, 92, 39, -122, -15, 27, 107, -108, 43, 19, -92, 79, -71, 36, 87, 55, 80, -93, 37, -55, -45, -127, -72, 62, 14, -78, -39, 64, 113, -123, -50, 117, -55, 21, -69, -59, 73, 55, -9, 66, -11, -57, 90, -126, -5, 64, 88, -33, -105, 109, 49, -102, 52, -28, -53, 25, 82, 112, 119, 58, 87, -100, -7, 61, 5, -70, 23, -62, -20, -31, -121, 33, 1, 118, 39, -83, 17, -27, -18, -30, 119, -54, -110, -85, -79, 53, 97, -96, -26, -119, 79, 54, 0, -40, 120, -46, -114, 61, 8, 101, -17, 57, -80, -60, 0, 84, 85, -57, 118, 68, -66, 40, 92, -46, -76, -78, 23, 56, -44, -25, 74, -75, 110, -84, -20, 0, -86, 17, -18, 0, 26, 83, -98, 22, -63, 27, 44, -71, -83, -25, -78, 57, -15, -18, -58, -80, -122, 76, 22, 57, -94, 61, -55, 78, -103, -86, -73, 19, 16, -70, 109, 85, -60, -124, -99, 14, 107, -106, -84, -22, -70, 47, -5, 66, -79, -55, 6, -79, -7, -89, 66, 35, -40, 117, -51, 5, 1, -64, -56, -56, -85, 22, -84, -79, -125, -125, -116, -12, -95, -20, 82, -36, -81, 108, 102, 89, 88, -78, 28, -114, -92, 85, -120, -62, 62, 85, -68, 104, -83, 113, 24, 24, -48, -102, -87, 35, -14, 18, -54, -89, 94, -76, -71, 14, 11, -68, -70, 96, 26, -125, -87, 80, 58, -43, 104, -91, 36, -4, 85, 118, 50, 10, -21, -42, -109, -40, 107, 114, -77, 102, -74, 23, -101, 97, 69, -112, 5, -83, 25, 21, 62, 17, 64, -24, -120, -127, -79, -102, -113, 119, -115, -51, 16, 94, 70, -93, 86, -91, -9, 87, -103, 127, 116, -23, 70, -30, 109, 35, -52, -82, -82, 44, -117, -76, -112, 56, 89, 64, -9, 89, 70, 42, -117, 113, -69, -41, -124, -60, -20, -78, 47, -117, 111, 66, -18, 61, 107, 94, -49, -27, 94, -60, 99, 21, -55, -28, 60, -115, -117, -39, 11, 63, 55, 90, -48, -115, -87, -113, -77, -97, 10, -33, -77, -26, -76, -44, -120, -90, 80, -28, 39, 122, 34, 43, 3, -85, 17, 87, 61, -102, -119, 29, -93, -56, 112, -120, 88, -17, -96, -95, -76, 27, -127, -74, 10, -78, -122, 125, 71, 92, 83, 14, 29, 115, 29, -83, -46, -52, -124, -128, -89, 32, -99, 107, 35, -31, 55, -114, 50, -74, -14, 99, -7, 104, -16, 112, -103, -106, 104, -110, 104, -54, -93, 54, -67, 113, 81, 39, 23, -55, 113, -44, -72, 59, 11, 9, -31, -30, 48, -107, -103, 20, -13, 46, 10, -80, -50, -97, -107, 14, -17, -77, 28, 54, 75, 102, -114, 40, -42, 23, 119, 4, 58, -115, 71, -91, 57, -32, -10, 54, 118, -10, -54, -79, -59, -115, 48, 89, -66, 35, -13, -93, -67, -78, -13, 21, 26, -83, 121, -81, 43, -116, -66, 44, -12, 22, 52, -29, -14, 71, 57, -63, 120, 82, -16, -71, -104, 58, -58, -19, -51, -107, -108, 40, -55, 30, 21, -43, -107, 89, -19, 94, 57, -108, 72, -82, 10, -80, -15, 6, -86, 61, -86, -17, -51, -125, 67, -122, -36, 6, -28, 73, -101, 93, -13, 74, 114, -42, -19, -79, -62, 26, 21, 80, -65, -116, 114, 90, -73, 50, 42, 8, -16, 2, -86, -29, 24, -91, 23, 28, 66, -22, 120, -64, -116, 48, 7, 113, -115, -87, -19, -9, 14, 120, -26, 105, 21, -124, -118, -33, 101, -86, -76, 62, -47, 17, -18, -47, 35, 40, 79, -68, -104, -83, 97, 40, -41, -109, 25, -58, 87, -32, 47, 9, 49, -83, -84, 125, -31, 118, 56, -55, -55, -21, 87, 19, -118, -58, -110, -70, -55, -112, -67, 42, -83, -52, -42, -42, 112, 73, 51, -107, 64, -117, -52, -39, -39, 107, -50, -81, -69, 108, -105, 82, -81, -77, 97, -97, -104, 126, -55, 70, -66, -128, -11, -15, -41, 27, 15, 26, -61, 36, -30, -99, -78, -11, 56, 42, 71, -86, -89, 17, -117, -97, 42, -40, 67, -71, 38, -93, 113, 125, 27, 74, 121, 95, 74, -15, 11, -18, -45, 113, 86, -102, 104, -31, -119, -71, 99, -62, -70, -9, -127, -76, 7, 57, -56, 27, -45, 46, 25, -37, 43, -89, -99, -51, -62, -26, 36, 62, -14, -86, 96, -81, -49, 93, 63, -26, 107, 37, -105, 29, -16, 39, -106, 71, -86, -36, 92, -69, -123, -18, -37, 110, -126, -88, 92, -51, 47, 121, -5, 82, 65, 62, 52, -115, 59, 79, 105, 19, 102, 73, -107, 1, -63, 25, 56, -9, 73, -64, 56, -4, 41, -77, -15, 24, 56, -116, 8, -32, -13, 48, 26, 21, -4, 107, -94, 45, 94, -60, -71, 89, 20, 30, -9, 49, -85, -16, 74, 83, -31, 56, -91, -27, -76, -94, 68, -25, -58, -76, 123, -119, 58, 29, 91, 58, -50, 64, -112, -32, 13, -22, -55, -74, 80, -54, 80, -23, -42, -108, -119, 0, -117, 0, 124, -24, -80, -33, -14, 46, 36, 108, -118, -55, -59, -10, 55, 82, 75, -111, -116, -81, -35, -116, 19, -12, -91, 115, 93, 58, 49, -63, 56, -13, -93, -75, -60, 114, 16, -51, -95, -58, 6, 40, 114, -63, 28, -117, -107, 109, 105, 47, -28, 37, -65, 5, 101, -71, 110, 108, -28, -26, -82, -37, 75, 36, -24, -36, -52, -27, 87, -88, -86, 109, 104, -32, 103, 25, -88, -60, -46, 68, 72, 4, -116, -8, 85, 52, -97, 4, -90, -41, 35, 72, -61, 44, -64, 99, 122, -76, 111, 2, 47, -99, 46, -114, -31, -37, 82, -58, -94, -18, 95, -82, -75, 26, 75, 82, 44, -49, 127, -99, -88, 39, -120, -80, 24, -46, -85, 50, 26, 4, -120, -21, -45, 52, -44, 80, -100, -104, 87, -97, 39, 122, -41, 123, 85, -116, 111, -99, -113, -46, -74, 1, 27, -125, 84, -110, 39, 80, -116, 112, 114, -39, 60, -54, 64, -16, 6, -73, 31, 7, 14, 112, 0, 63, 60, 83, 52, 86, 7, -31, -85, -42, -14, -58, -119, -17, -90, -43, -93, -55, 36, 102, -79, -59, -120, -41, -124, 47, 123, -125, 108, 79, -95, -90, 22, -4, 41, 93, 64, 123, 111, 117, 122, 53, 49, -17, 35, 39, -99, 99, 35, -106, -120, -73, 97, 116, 109, -86, 94, 73, 50, -42, 56, -95, 87, -22, -53, 56, -92, -52, -74, -61, -23, -91, 22, 59, 27, 62, -16, -111, 25, -27, -16, 83, 76, -89, -71, -123, -93, -57, 40, 38, -105, 18, 17, -77, -49, -53, -102, 90, -92, -60, -44, 81, 117, 32, -73, -116, -13, 69, 35, 8, -49, -39, 18, 105, 89, 34, 90, 71, 63, 56, 111, 80, 105, 108, -82, 1, -54, -116, -30, -124, -18, -46, 16, 73, -90, -96, -7, -79, 57, -41, 7, 64, -73, 75, -116, 33, 24, -87, -117, -126, 54, -44, -46, 123, 8, -71, -36, -13, 57, 24, -38, -100, -64, 33, -26, 8, -111, -98, 99, -71, 53, -100, -94, -94, 105, 25, -71, 5, 73, -103, -109, 44, -128, -48, 101, -70, -58, -100, -122, -82, -86, -60, -96, -107, -48, -3, -43, 86, 112, 6, -70, 28, -44, 42, 52, 118, 82, -98, -22, 73, -74, 20, -93, -120, -15, -88, 120, 113, 94, -7, -3, -10, 58, 42, -17, -113, 26, 107, 40, -63, -45, -18, -81, 40, -3, 37, -33, -54, -100, 64, 90, -105, -120, -9, 105, -108, 104, -80, 100, 58, 12, -13, 14, -99, 113, -29, -67, 86, 73, 104, -118, -93, 6, -37, 116, 83, -19, 15, 104, -18, 47, -81, 111, 22, -42, 119, 104, -7, -71, 74, 19, -123, -57, -111, -41, 57, 0, 125, 13, 114, -9, 13, 8, 80, -4, -45, -107, 77, -103, 87, 82, 14, -6, -23, -127, 75, -46, -22, 69, -123, -33, -102, 80, 57, -71, 121, -74, 3, 115, -113, 51, -42, -81, -38, 92, 61, -73, 36, -110, -62, -56, -61, 61, -41, -69, -107, -25, -41, 1, -44, -18, 51, -53, -81, 79, -70, -72, -102, 109, -37, 52, 80, -14, 29, 110, 90, -38, -37, -35, 73, 88, 1, -54, 29, -41, 83, -52, 15, 46, 117, -45, 94, -66, 70, -118, -105, -100, 66, -38, -38, 88, -94, 6, 46, -7, 4, -92, -55, -94, -120, -63, -45, 76, 120, -20, 106, -124, -77, -13, 75, 63, -74, -36, 97, 102, 37, -53, 34, -106, 44, -53, -88, 26, 109, -82, 49, -31, -91, 18, -22, -26, 41, 5, -78, -40, 73, 51, 14, -17, -110, -32, -56, -68, -85, 44, -99, 112, 58, -25, 56, -59, 20, 61, 40, -75, 101, -58, -26, -127, 37, 55, 49, -103, 35, -109, 67, -52, 6, 80, 121, 120, 116, -81, 67, -20, -89, 29, -31, 79, 97, 21, -76, -73, 15, 13, -54, 40, 86, 51, 96, 115, -73, -105, -106, -101, -8, 98, -68, -50, 91, -39, 46, -124, 125, -30, -88, -111, 125, -50, 98, 113, -49, -96, 31, 60, 99, 115, 89, 109, 26, -37, -36, -21, 39, 54, 78, -118, 24, -112, 117, -14, -86, -57, -111, -29, 118, -116, -36, 19, 61, -26, -50, 22, -69, -120, -54, -102, -81, 49, 83, -99, 48, 70, -30, -83, -83, -117, -14, -13, 40, -64, -13, -83, -2, -113, 37, -114, 110, -56, 89, -52, 34, 16, -31, 74, 48, -58, 57, -71, 73, 94, 111, -98, 5, 55, -70, -108, 48, -28, 64, 43, -78, 57, 92, -121, -95, 37, 98, -40, -30, 96, 57, 72, -48, -44, 90, -53, -104, -28, 10, -72, -85, 68, 85, -13, -85, 109, -119, 36, 82, -118, -56, -125, -31, 86, -110, -41, 31, 17, 52, 112, 49, -10, -77, 91, -51, 70, -20, -91, 72, -113, 116, -36, -72, -26, -56, -96, 53, -66, -69, 85, -60, 36, 3, -127, -67, 96, -119, -104, -26, -107, -47, 117, 101, 37, -73, -14, -87, 123, 54, -71, -50, 42, -1, 0, 114, 85, 114, 106, 5, 105, 88, -88, -87, -36, 47, 92, -47, -95, -74, -120, 107, 47, -35, 83, -27, -83, -124, -94, -58, -111, -124, -37, 103, -35, 64, 71, -104, -88, 77, 4, 15, -126, 10, -81, -91, 23, -70, -42, -73, -56, 60, 41, 20, 38, -10, 111, -89, -115, 78, 27, 65, -110, 105, 42, 118, -53, -123, 54, -84, -110, -81, -86, -125, -3, -86, -62, 118, -61, -125, -9, 100, 43, 72, -57, -64, 46, 63, -67, 97, -11, -72, 107, -14, 51, 73, 88, -42, 88, 15, -62, 14, -108, 46, -29, 29, 53, -92, -78, -10, -62, -44, 124, 16, 22, -2, 103, 2, -86, 73, -37, 25, 0, -3, -108, 81, 47, -85, 115, 86, 111, -44, 112, 46, -10, 27, 29, 39, 118, -39, -40, 84, 90, -33, -101, 117, 21, -57, 92, 118, -65, -120, 54, 121, 39, -126, 63, -27, -117, 95, -68, -43, 23, -19, 47, 22, 115, -91, -4, -96, 31, -35, 69, 31, -123, 71, -36, -15, -10, 76, 78, -114, -5, -39, -120, -40, 98, -76, -74, 36, -100, -102, -31, -31, -29, -41, -31, 63, 105, 119, 114, -25, -50, 70, 31, -38, -123, 39, 29, -30, 76, 127, 103, 61, -62, -7, -9, -122, -95, -6, -74, -5, 68, -102, -119, -24, -80, 88, -80, 57, 31, 13, 95, -118, 17, 30, -58, -68, -91, 56, -89, 25, 118, -49, -73, 95, 127, -9, -112, 63, -67, 90, -121, -118, 113, -108, 63, -6, -37, -109, -4, -41, 77, -3, -77, 81, 47, 85, -117, -3, 127, -47, -89, 20, 122, -103, -116, 98, -94, 97, 70, -34, -68, -14, 14, 55, -58, 65, -46, -20, -6, 52, -123, -65, -67, 48, -73, -29, 124, 111, -2, -20, 109, -3, 53, 11, -43, 113, -82, 81, 126, -28, 78, -64, -38, 64, 84, -29, 35, 77, -63, -38, -66, 117, -3, 36, 89, 92, 88, 118, -126, -17, 51, -67, -44, 65, -108, 25, -28, 64, -84, 88, -82, -60, 87, -75, 67, -57, 120, -127, -1, 0, 22, 40, -113, -53, 21, -30, -65, -92, 14, 39, 117, -57, 120, -11, -19, -44, 113, -72, -73, 82, -86, 28, 70, 116, 10, -95, 78, 78, 49, -65, 74, -24, -57, -42, 99, -22, 31, -57, -80, -45, -115, -20, 114, -23, 52, 16, -37, -76, 102, 37, 45, 42, -31, -28, -50, 88, 48, 36, -114, 95, 13, -58, 71, 94, 90, -119, 110, -8, -123, 48, 20, 126, -20, -79, 37, -114, 72, -24, 112, 107, -87, -31, -99, -125, -68, -68, -31, -80, 95, 64, -62, 71, -107, -49, -20, 8, 49, -78, -128, 9, -44, -99, -74, -12, -44, 82, 110, 53, -62, 111, 120, 44, -26, -54, -12, -56, -114, -64, 50, -123, -109, 66, -65, -113, -2, 106, -29, -105, 28, -37, -118, 123, -102, 90, 22, -119, -117, 18, 7, 123, -81, -119, -49, -67, -80, -51, 110, 70, -26, 33, 4, 92, -18, 1, 3, 27, -109, -90, -92, 85, -71, -8, 79, 16, 107, 41, -81, 86, -58, 101, -75, 93, 28, -88, -8, 78, 51, -106, 4, -28, 14, -71, -86, -111, -62, -46, -25, -69, 94, 83, -114, -103, 98, -33, -97, -91, 90, -95, 108, 104, 93, 57, 85, 105, 25, -92, 24, -41, -99, -119, 39, -56, -7, 85, -21, 25, -118, -121, 46, -62, 57, 0, -36, 13, 65, -50, -122, -70, -103, -69, 15, -60, -102, -50, 43, -5, 86, 23, 44, -22, -84, 83, -108, -85, -74, 113, -65, 54, -71, 30, 122, -41, 53, -60, 98, 110, 25, 48, -114, 107, 110, 75, -128, 57, -52, 108, 6, 72, 58, 107, -41, -21, -29, -102, -54, 57, -95, -111, -44, 25, 45, -89, -79, -17, -33, -93, -34, 86, -20, -91, -118, 34, -86, -14, 2, 31, -107, -108, -28, -28, -27, -76, 39, 115, -13, -82, -119, -48, 46, -58, -68, -125, -12, 91, -60, 98, -68, -76, -69, -123, 72, -114, -31, 36, 15, -110, 73, 44, -92, 99, 63, 44, 125, -11, -34, -91, -60, -47, 109, 112, 126, 76, 107, -105, 47, -85, -82, -97, 35, -57, 40, -16, 70, -53, 99, -92, 72, -13, -74, -76, 85, -128, 117, 21, -51, 55, 18, -99, 127, -9, 108, 7, -121, 49, -95, -98, 40, -8, -55, -71, -101, -48, 49, 21, -97, -33, 96, -1, 0, 70, 53, -92, -22, -3, -100, -115, -9, -83, 119, 88, -36, -118, -29, -37, -116, -111, -2, 124, -39, -1, 0, -28, 53, 6, -29, -78, 32, -56, -72, -109, -3, 102, -102, -11, -75, -34, 12, 119, 19, -75, -115, -71, 91, 2, -89, -50, 75, 109, 92, 68, 125, -90, -71, 25, -61, 43, 15, -30, -42, -116, -99, -83, -111, 8, 18, -63, 27, 15, 34, 71, -9, -83, -31, -22, -72, 37, -7, 90, 5, 36, 118, -117, -126, 9, -56, -88, -123, 83, -26, 107, -100, -73, -19, 117, -101, 17, -34, 69, 42, 121, -24, 69, 48, -117, -76, 60, 46, 124, 98, -19, 20, -1, 0, 26, -30, -70, -95, -43, -31, -105, 18, 69, 90, 99, 22, 77, 107, 88, -83, 69, 117, 111, 63, -8, 83, -58, -28, -8, 56, -51, 17, -127, 29, 43, 117, 52, -8, 99, -40, -46, 22, -87, 21, -26, -42, -94, 42, 98, -104, -49, 21, 91, 25, 24, -32, -86, -113, -99, 25, 120, 107, -19, -128, 43, -81, -3, 77, 24, -8, 100, 111, -69, -14, -83, 14, 24, -128, -29, -99, -2, -17, -54, -66, 41, -25, 103, 61, 51, -105, 94, 21, 39, -39, 98, -65, 32, 104, -119, -63, 25, -121, -67, 35, 124, -64, 31, -38, -70, 97, -61, 99, 31, -26, 55, -35, -7, 84, -113, 15, 81, -77, -75, 79, -70, -62, -114, 122, 62, 7, 26, -22, 74, -73, -11, 26, -78, -100, 22, 35, -47, 71, -104, 38, -100, -117, 32, -65, 108, -3, 43, 94, -54, 115, -15, -100, 122, 82, 121, 101, -28, 84, 45, 94, 11, 107, -10, -105, 62, -90, -120, -68, 22, -53, -9, 7, -42, -81, -117, 76, -3, -78, 42, 94, -58, -33, 102, 81, -12, -87, 115, -105, -112, -94, -102, -16, -117, 17, -89, 116, 15, -52, -47, -109, -121, 89, 70, 125, -37, 116, -49, -103, -93, -2, -81, -108, -115, 37, 81, -11, -88, -2, -82, -70, -23, 60, 68, 121, -106, -4, -87, 106, -105, -112, -2, -115, -120, 96, 77, -96, -117, -23, 91, -62, 116, 69, 90, -48, -31, 119, 45, -15, 92, 66, -66, -103, 53, 49, -62, -104, 124, 119, -93, -6, 99, -1, 0, 122, -101, -112, -66, 94, 8, 23, -63, -9, 113, -12, 31, -107, 64, 96, 15, -123, 48, 119, -9, 6, -75, 117, 120, 125, -78, -97, -38, 77, 35, -6, -112, 40, -123, -20, 45, -64, 37, 84, 124, -63, -4, 104, 90, -5, 49, -88, -56, -94, -67, -21, 124, 17, -25, -7, 86, -125, 117, -62, 34, -65, 116, 123, -85, 24, 102, 104, -40, 50, 52, -79, -87, 42, 70, -40, -49, -87, -93, 94, -10, -105, -124, 89, -116, 60, -8, 36, 103, -107, 72, -49, -46, -111, 93, -10, -6, -43, 85, -67, -117, -121, -50, -17, -48, -54, 66, 3, -8, -42, -40, -15, 101, -69, 86, 27, 46, -29, 30, 17, -39, -72, -72, 74, -36, 45, -100, 88, -114, -26, 78, 121, 21, -36, 48, -16, -64, 30, 30, 91, 87, 27, -40, 14, -51, -40, 93, -114, 37, 114, -106, 113, -69, -37, 113, 25, 18, 41, 12, -92, 114, 5, 111, 116, 0, 8, -58, -61, 106, 37, -1, 0, 108, -72, -43, -48, 101, -74, 72, 109, 1, 24, 86, 65, -52, -61, -26, 105, 47, 102, -82, 120, -81, 103, -31, 120, 44, 103, 83, 19, -65, 59, 44, -118, 27, 39, -57, 59, -41, 124, 49, 101, 88, -90, -100, -2, 78, -127, 78, 58, 94, -25, -85, -5, 37, -57, -38, 72, -105, 58, -18, 52, -6, -26, -109, 118, -125, -78, 112, -15, -95, 3, 51, -61, 5, -60, 51, -92, -94, 112, -95, -119, -27, -24, 116, 25, -45, 77, 118, -92, -79, -10, -81, -116, 3, -17, -63, 108, -1, 0, -22, -4, -22, -28, 125, -84, -68, -9, 123, -53, 8, -113, -113, 35, -111, 92, 112, -23, -14, 98, -106, -88, 61, -55, 82, -118, -32, 117, 105, -64, 44, -84, 102, 121, -84, -32, -76, -126, 73, 70, 36, 120, -93, 85, 47, -21, -128, 60, 106, -55, -79, 99, -2, 108, 95, 64, 41, 84, 125, -88, -127, -65, -59, -78, -107, 125, 49, 86, -29, -19, 7, 12, -105, -30, 46, -98, -79, -102, -58, 120, -92, -35, -53, -112, -43, 22, 29, -72, 107, -25, 67, 19, 124, -24, 50, 112, -106, 39, 61, -38, 103, -42, -82, 71, 125, 99, 47, -8, 119, 9, -23, -100, 81, 75, -61, -116, -122, 39, -48, -44, 104, -94, -76, -57, -56, -91, -8, 75, 13, 121, 53, -14, 53, 90, 94, 13, 33, -44, 18, 62, 116, -5, -36, -36, 51, 124, -21, 68, 120, 107, -22, 106, -107, -82, 24, -100, 81, -53, -73, 4, -112, 19, -121, 57, -88, 126, -90, -67, -39, 101, 36, 121, -100, -41, 85, -54, -67, 64, -84, 33, 105, -21, -110, 21, 28, -88, -32, -105, -37, 101, 0, -11, -59, 26, 62, -49, -49, -97, 126, 100, 81, -4, 32, -109, 93, 33, -27, 29, 7, -46, -93, -52, -66, 95, 74, 107, 36, -71, 69, 10, 97, -32, -94, 45, -18, 28, -3, 7, -31, 87, 96, 19, -37, -1, 0, -123, 117, 50, -6, 72, 69, 29, -92, 81, -10, 71, -46, -96, 102, 30, 95, 74, 107, 36, -41, 14, -123, 108, -79, 31, 20, -30, 41, -89, -76, 6, -2, 101, 7, -16, -94, 14, 51, -60, 6, -26, 54, -2, -111, 84, 76, -93, -2, 10, -119, -101, -2, 98, -74, 93, 86, 117, -5, 49, -36, -68, -127, -3, 101, -90, 72, 3, -52, -102, 32, -67, 111, 3, 73, -60, -38, -24, 126, 91, 84, -124, -51, -53, -112, -52, 107, -97, 65, 90, -122, -34, -36, -33, -69, -12, -83, 11, -87, -113, 74, 84, -73, 12, 126, -41, -46, -90, 46, 24, 121, -118, 90, 71, 99, 81, 113, 33, -35, -79, -27, 82, -17, -36, 106, 90, -107, 9, -119, -41, 36, 15, 42, -112, -105, 63, 107, -21, 75, 72, -83, 13, 22, -27, -114, -20, 62, 117, 33, 40, 39, 124, 122, -46, -93, 41, -50, 65, 3, -17, -87, 9, 91, 76, -97, -83, 45, 32, -102, 27, -121, -41, 71, 31, 90, -97, 124, -61, 108, 31, -70, -108, -117, -113, 53, -2, -43, 33, 114, -64, 107, -51, -3, 58, -46, -46, 85, -95, -80, -108, -99, 115, 82, 51, 18, 49, -49, -118, 86, 39, -50, -60, -23, -67, 73, 101, 86, -44, 55, -49, 52, 49, 12, 89, 85, -74, 43, -11, -91, -105, -4, 28, -36, -99, 24, -29, -61, -104, -47, 13, -50, 14, -128, 15, 44, -47, 18, -24, 100, 97, -108, 31, 12, 80, -89, 37, -64, -102, 76, 68, -35, -112, -22, -117, 24, -12, 56, -95, -1, 0, -46, 50, -20, 81, 15, -93, -41, 74, 38, -26, 59, -21, -27, 91, -17, -120, -36, -100, 122, -102, -43, 117, 57, 23, 114, 125, -72, -100, -41, -3, 32, -25, 25, 80, 61, 26, -90, -67, -112, 24, -8, -79, 93, 50, -52, 15, -113, -52, -44, -42, 111, 23, 52, -66, -89, 39, -111, 44, 81, 57, -127, -39, 52, 27, -51, 69, 78, -51, 67, 31, -59, 114, -29, -56, 87, 73, -34, -89, 92, 26, -116, -115, 19, 125, -111, -11, -91, -11, 19, -14, 63, 110, 34, 33, -64, -83, 87, 119, -107, -65, -88, 126, 85, 49, -62, -84, -45, -20, 72, 127, -86, -101, 52, 40, 118, 113, 66, 107, 119, 43, -112, 70, 51, -71, 56, -93, -35, -109, -18, 78, -124, 80, 91, 123, 120, -2, 24, -2, -90, -117, -34, 42, -115, 35, 65, -113, 26, -109, -37, -56, 62, 37, 63, 42, 19, 68, -8, 36, 98, -115, 72, 85, 65, -106, -28, -2, -30, 125, 106, 94, -43, -90, 90, 60, 122, 26, -87, -54, -40, -23, -14, -88, -66, 122, -125, -14, -89, 104, 45, -105, 26, -23, 116, -56, 32, 121, -44, 77, -54, -8, -3, -11, 73, -80, 119, 111, -107, 64, -56, -85, -127, -111, 79, 97, 54, -53, -51, 58, -99, -100, 80, -53, -98, -123, 13, 82, 105, 65, -48, -107, -6, 80, -99, -108, 108, -96, -7, -45, 66, -44, -58, 6, 118, -40, 119, 127, 90, 27, 92, 56, -24, -108, -65, -30, 58, -115, 61, 107, 93, -56, -21, 51, 125, 106, -110, 38, -39, 120, -35, -73, -18, -3, -11, 3, 115, 47, 84, 31, -22, -86, -84, -83, -1, 0, 112, -125, -4, -43, 14, 71, 27, 75, -1, 0, -22, -102, 66, 114, 96, 26, 96, 117, 90, -59, -72, 40, 54, -46, -107, -121, 36, -25, -104, -113, -99, 109, -114, 119, 102, -5, -85, 77, 6, -74, 48, 75, -100, -99, -57, -42, -113, -52, -92, 100, -100, 31, 58, 80, 37, 69, 24, 36, 102, -120, -105, 35, 93, 6, -98, 38, -109, -128, -20, 104, -83, -125, -80, -49, -122, -11, 62, -8, -127, -98, 76, -113, 49, 74, -59, -64, 35, 77, 7, -112, -83, 53, -55, -50, 36, 76, -113, 28, 102, -89, 64, -84, 112, 38, 3, -31, 108, 120, -5, -72, -84, 91, -113, 123, 4, 28, 82, -107, -72, 1, 70, 24, 48, -24, 5, 17, 37, 36, -28, -126, 87, -46, -109, -128, -58, 126, -47, -4, 92, -89, -96, -58, 115, 90, -25, 36, 107, -87, 59, -28, 126, 53, 67, -68, 1, -14, 84, -28, -11, 11, -118, 42, -54, -97, 99, 126, -70, 10, -99, 33, 101, -27, -109, -108, -25, -98, -116, 46, 125, -34, 108, -87, 62, 34, -107, -121, 3, -4, -49, -20, 77, 25, 94, 66, -71, 50, 30, 83, -74, 64, 63, -123, 39, 18, -84, 98, -77, -31, 112, -84, -95, 79, -104, 21, 17, 41, 81, -66, 6, -25, -35, -86, 43, 33, 125, 68, -113, -97, 37, -83, 119, -59, 64, 13, -52, -6, 107, -98, -97, 33, 75, 72, 88, -60, 93, 1, -23, -29, -102, -103, -72, -24, -82, 1, -33, -107, -76, 52, -66, 55, 13, -16, -3, -30, -92, 100, 109, -70, -113, -31, 31, 118, 105, 105, 65, 99, 21, -72, 99, -15, 6, -11, -94, 36, -121, -2, 26, 82, -73, 15, -44, -82, 124, -58, 40, -117, 41, -15, 56, -13, -87, 112, 21, -114, 22, 93, 53, -4, -22, 70, 65, -29, 74, 22, -32, -125, -128, 113, -14, -94, 123, 67, 102, -95, -64, 118, 52, 14, 115, -109, -73, -99, 111, -68, -41, 83, -54, 52, 57, -13, 20, -80, 76, -33, 103, 67, -27, 68, 23, 7, 24, 39, -52, -125, -67, 45, 33, 99, 49, 112, -61, 99, -8, 84, -69, -2, 111, -119, 84, -46, -63, 63, 48, 39, 56, -11, -83, 36, -52, -121, 37, -127, 30, 32, 109, 70, -112, -79, -82, 32, 109, 74, 16, 124, -85, 66, 4, 124, -31, -122, -37, 98, -105, -117, -110, 78, 115, -111, -29, -79, -94, 11, -116, -24, 78, 7, -114, 106, 105, -114, -61, -53, 97, -43, 49, -25, -118, -85, 45, -128, 44, 50, 15, 48, -37, 76, -118, 42, 93, -98, 126, 80, 91, 3, 99, -102, 34, -35, 16, 113, -128, 71, -83, 52, -28, -121, -79, 66, 75, 39, 25, 35, -109, 35, 122, -81, 36, 69, 65, -56, 25, -89, 45, 58, 72, 64, -48, 31, 93, 106, 6, 53, 109, -50, 125, 106, -42, 70, 75, 72, 66, -47, -25, 66, 51, -118, 19, -62, 63, 116, 124, -123, 60, 107, 24, -40, 28, 29, 73, -45, 90, -83, 61, -117, -81, 64, -43, -94, -56, -119, 113, -16, 38, 60, -70, -24, 71, -123, 12, -100, 125, -80, 62, 85, 126, 88, 93, 24, -85, 68, 66, -12, 7, -3, -86, -79, -115, 67, 16, 65, 35, -57, 66, 107, 104, -76, -55, 104, -26, 81, -40, -11, -58, -99, 40, -127, -37, 56, -49, -115, 101, 101, 117, 48, 8, -70, -77, 19, -82, 54, -96, 72, -60, -54, 118, -36, 116, 21, -107, -108, -94, 53, -56, 69, -111, -61, -32, 49, 3, 30, 53, 57, 29, -71, 7, -68, 119, -4, 107, 43, 40, -112, 48, -78, 124, 123, -111, -91, 110, 57, 28, -98, 92, -23, -102, -35, 101, 64, -119, 65, 35, -107, -43, -40, -6, -102, 48, 3, 59, 117, -84, -84, -88, 99, 68, -121, -38, 52, 66, -60, 71, -90, -107, -107, -107, 33, 34, 92, -60, 38, 116, 39, -50, -94, -77, 54, 25, -41, 10, 67, 99, 65, 89, 89, 82, -122, 16, 18, -48, 9, 11, 28, -73, -98, -44, 118, 99, -18, 12, -28, 86, 86, 84, -80, 54, -57, 57, -50, -70, 86, -56, -60, 121, 26, 31, -10, -84, -84, -87, 99, 102, -41, 87, -83, -119, 24, 72, 71, 77, 43, 43, 40, 36, 41, 118, 80, 72, 39, 92, 86, -111, -55, 63, 42, -54, -54, 72, 100, -7, -113, 49, -14, -51, 77, 29, -126, 3, -109, -100, 86, 86, 84, -79, 18, 82, 91, -109, -104, -109, -100, 102, -92, 119, 35, 29, 43, 43, 42, 70, 109, -16, -40, 12, -93, 24, -94, 40, -62, 18, 52, -64, -48, 86, 86, 80, -64, -108, 100, -70, 6, 59, -42, -71, -40, 54, 1, -46, -78, -78, -89, -72, -40, 68, 99, -55, -100, -21, -118, -97, 59, 16, 50, 126, -41, -27, 89, 89, 72, 9, -32, 49, 33, -70, -43, 121, 109, -29, 4, -31, 113, -83, 106, -78, -124, -35, -115, 31, -1, -39]]
2026-05-30 14:34:57:530 | [BookPort] | INFO  | com.example.BookPort.auth.controller.v1.RegistrController | RegistrController--> Sending call to AuthRegisterService.
2026-05-30 14:34:57:544 | [BookPort] | INFO  | com.example.BookPort.auth.service.AuthRegisterService | AuthRegisterService--> Inside register service.
2026-05-30 14:34:57:544 | [BookPort] | INFO  | com.example.BookPort.auth.service.AuthRegisterService | AuthRegisterService--> Checking abhogal7 already exist in staging table or not.
2026-05-30 14:34:58:458 | [BookPort] | INFO  | com.example.BookPort.auth.service.AuthRegisterService | AuthRegisterService--> Checking abhogal7 exist in coreUser table or not.
2026-05-30 14:34:58:480 | [BookPort] | INFO  | com.example.BookPort.auth.service.AuthRegisterService | AuthRegisterService--> No existing user with username abhogal7. Going to create record in Staging table.
2026-05-30 14:34:58:513 | [BookPort] | INFO  | com.example.BookPort.auth.service.AuthRegisterService | AuthRegisterService--> abhogal7 created in staging table
2026-05-30 14:34:58:564 | [BookPort] | INFO  | com.example.BookPort.auth.controller.v1.RegistrController | RegistrController--> Returning from register controller.
2026-05-30 14:37:18:767 | [BookPort] | INFO  | com.example.BookPort.BookPortApplication | Starting BookPortApplication using Java 21.0.8 with PID 13728 (D:\Project\BookPort\bin\main started by lenovo in D:\Project\BookPort)
2026-05-30 14:37:18:776 | [BookPort] | INFO  | com.example.BookPort.BookPortApplication | No active profile set, falling back to 1 default profile: "default"
2026-05-30 14:37:18:830 | [BookPort] | INFO  | org.springframework.boot.devtools.env.DevToolsPropertyDefaultsPostProcessor | Devtools property defaults active! Set 'spring.devtools.add-properties' to 'false' to disable
2026-05-30 14:37:18:830 | [BookPort] | INFO  | org.springframework.boot.devtools.env.DevToolsPropertyDefaultsPostProcessor | For additional web related logging consider setting the 'logging.level.web' property to 'DEBUG'
2026-05-30 14:37:18:928 | [BookPort] | INFO  | org.hibernate.validator.internal.util.Version | HV000001: Hibernate Validator 9.0.1.Final
2026-05-30 14:37:19:600 | [BookPort] | INFO  | org.springframework.data.repository.config.RepositoryConfigurationDelegate | Bootstrapping Spring Data JPA repositories in DEFAULT mode.
2026-05-30 14:37:19:674 | [BookPort] | INFO  | org.springframework.data.repository.config.RepositoryConfigurationDelegate | Finished Spring Data repository scanning in 61 ms. Found 2 JPA repository interfaces.
2026-05-30 14:37:20:227 | [BookPort] | INFO  | org.springframework.boot.tomcat.TomcatWebServer | Tomcat initialized with port 8081 (http)
2026-05-30 14:37:20:244 | [BookPort] | INFO  | org.apache.coyote.http11.Http11NioProtocol | Initializing ProtocolHandler ["http-nio-8081"]
2026-05-30 14:37:20:249 | [BookPort] | INFO  | org.apache.catalina.core.StandardService | Starting service [Tomcat]
2026-05-30 14:37:20:249 | [BookPort] | INFO  | org.apache.catalina.core.StandardEngine | Starting Servlet engine: [Apache Tomcat/11.0.21]
2026-05-30 14:37:20:306 | [BookPort] | INFO  | org.springframework.boot.web.context.servlet.WebApplicationContextInitializer | Root WebApplicationContext: initialization completed in 1473 ms
2026-05-30 14:37:22:092 | [BookPort] | INFO  | org.hibernate.orm.jpa | HHH008540: Processing PersistenceUnitInfo [name: default]
2026-05-30 14:37:22:143 | [BookPort] | INFO  | org.hibernate.orm.core | HHH000001: Hibernate ORM core version 7.2.12.Final
2026-05-30 14:37:22:611 | [BookPort] | INFO  | org.springframework.orm.jpa.persistenceunit.SpringPersistenceUnitInfo | No LoadTimeWeaver setup: ignoring JPA class transformer
2026-05-30 14:37:22:650 | [BookPort] | INFO  | com.zaxxer.hikari.HikariDataSource | HikariPool-1 - Starting...
2026-05-30 14:37:23:021 | [BookPort] | INFO  | com.zaxxer.hikari.pool.HikariPool | HikariPool-1 - Added connection com.mysql.cj.jdbc.ConnectionImpl@1a61446
2026-05-30 14:37:23:023 | [BookPort] | INFO  | com.zaxxer.hikari.HikariDataSource | HikariPool-1 - Start completed.
2026-05-30 14:37:23:120 | [BookPort] | INFO  | org.hibernate.orm.connections.pooling | HHH10001005: Database info:
	Database JDBC URL [jdbc:mysql://localhost:3306/library_management]
	Database driver: MySQL Connector/J
	Database dialect: MySQLDialect
	Database version: 8.0.39
	Default catalog/schema: library_management/undefined
	Autocommit mode: undefined/unknown
	Isolation level: REPEATABLE_READ [default REPEATABLE_READ]
	JDBC fetch size: none
	Pool: DataSourceConnectionProvider
	Minimum pool size: undefined/unknown
	Maximum pool size: undefined/unknown
2026-05-30 14:37:23:957 | [BookPort] | INFO  | org.hibernate.orm.core | HHH000489: No JTA platform available (set 'hibernate.transaction.jta.platform' to enable JTA platform integration)
2026-05-30 14:37:23:965 | [BookPort] | INFO  | org.springframework.orm.jpa.LocalContainerEntityManagerFactoryBean | Initialized JPA EntityManagerFactory for persistence unit 'default'
2026-05-30 14:37:24:054 | [BookPort] | INFO  | org.springframework.data.jpa.repository.query.QueryEnhancerFactories | Hibernate is in classpath; If applicable, HQL parser will be used.
2026-05-30 14:37:24:346 | [BookPort] | WARN  | org.springframework.boot.jpa.autoconfigure.JpaBaseConfiguration$JpaWebConfiguration | spring.jpa.open-in-view is enabled by default. Therefore, database queries may be performed during view rendering. Explicitly configure spring.jpa.open-in-view to disable this warning
2026-05-30 14:37:24:733 | [BookPort] | INFO  | org.apache.coyote.http11.Http11NioProtocol | Starting ProtocolHandler ["http-nio-8081"]
2026-05-30 14:37:24:758 | [BookPort] | INFO  | org.springframework.boot.tomcat.TomcatWebServer | Tomcat started on port 8081 (http) with context path '/'
2026-05-30 14:37:24:766 | [BookPort] | INFO  | com.example.BookPort.BookPortApplication | Started BookPortApplication in 6.544 seconds (process running for 7.35)
2026-05-30 14:37:31:161 | [BookPort] | INFO  | org.apache.catalina.core.ContainerBase.[Tomcat].[localhost].[/] | Initializing Spring DispatcherServlet 'dispatcherServlet'
2026-05-30 14:37:31:162 | [BookPort] | INFO  | org.springframework.web.servlet.DispatcherServlet | Initializing Servlet 'dispatcherServlet'
2026-05-30 14:37:31:162 | [BookPort] | INFO  | org.springframework.web.servlet.DispatcherServlet | Completed initialization in 0 ms
2026-05-30 14:37:31:280 | [BookPort] | INFO  | com.example.BookPort.auth.controller.v1.RegistrController | RegistrController--> Inside register controller.
2026-05-30 14:37:31:282 | [BookPort] | INFO  | com.example.BookPort.common.util.IdGenerator | IdGenerator--> IdGenerator bean created for module 1
2026-05-30 14:37:31:282 | [BookPort] | INFO  | com.example.BookPort.common.util.IdGenerator | IdGenerator--> Inside generateId for module 1
2026-05-30 14:37:31:284 | [BookPort] | INFO  | com.example.BookPort.common.util.IdGenerator | IdGenerator--> current MilliSecond 1780132051284
2026-05-30 14:37:31:284 | [BookPort] | INFO  | com.example.BookPort.common.util.IdGenerator | IdGenerator--> lastTimestamp -1
2026-05-30 14:37:31:284 | [BookPort] | INFO  | com.example.BookPort.common.util.IdGenerator | IdGenerator--> counter: 0
2026-05-30 14:37:31:284 | [BookPort] | INFO  | com.example.BookPort.common.util.IdGenerator | IdGenerator--> counter post millisecond check: 0
2026-05-30 14:37:31:286 | [BookPort] | INFO  | com.example.BookPort.common.util.IdGenerator | IdGenerator--> RETURNING ID : 2615001052651284000
2026-05-30 14:37:31:286 | [BookPort] | INFO  | com.example.BookPort.auth.controller.v1.RegistrController | RegistrController--> Registration ID generated: 2615001052651284000
2026-05-30 14:37:31:286 | [BookPort] | INFO  | com.example.BookPort.common.util.IdGenerator | IdGenerator--> Inside generateId for module 1
2026-05-30 14:37:31:286 | [BookPort] | INFO  | com.example.BookPort.common.util.IdGenerator | IdGenerator--> current MilliSecond 1780132051286
2026-05-30 14:37:31:286 | [BookPort] | INFO  | com.example.BookPort.common.util.IdGenerator | IdGenerator--> lastTimestamp 1780132051284
2026-05-30 14:37:31:286 | [BookPort] | INFO  | com.example.BookPort.common.util.IdGenerator | IdGenerator--> counter: 0
2026-05-30 14:37:31:286 | [BookPort] | INFO  | com.example.BookPort.common.util.IdGenerator | IdGenerator--> counter post millisecond check: 0
2026-05-30 14:37:31:288 | [BookPort] | INFO  | com.example.BookPort.common.util.IdGenerator | IdGenerator--> RETURNING ID : 2615001052651286000
2026-05-30 14:37:31:310 | [BookPort] | INFO  | com.example.BookPort.auth.controller.v1.RegistrController | RegistrController--> Incoming request: AuthRegisterRequestDto [registrationId=2615001052651286000, username=abhogal7, name=Aman Singh Bhogal, email=aman5@example.com, mobNumber=9427461183, gender=null, dob=Sun Sep 22 00:00:00 IST 2002, status=PENDING, createdAt=null, updatedAt=null, password=Password@123, govIdFront=[-1, -40, -1, -32, 0, 16, 74, 70, 73, 70, 0, 1, 1, 0, 0, 1, 0, 1, 0, 0, -1, -37, 0, -124, 0, 9, 6, 7, 8, 7, 6, 9, 8, 7, 8, 10, 10, 9, 11, 13, 22, 15, 13, 12, 12, 13, 27, 20, 21, 16, 22, 32, 29, 34, 34, 32, 29, 31, 31, 36, 40, 52, 44, 36, 38, 49, 39, 31, 31, 45, 61, 45, 49, 53, 55, 58, 58, 58, 35, 43, 63, 68, 63, 56, 67, 52, 57, 58, 55, 1, 10, 10, 10, 13, 12, 13, 26, 15, 15, 26, 55, 37, 31, 37, 55, 55, 55, 55, 55, 55, 55, 55, 55, 55, 55, 55, 55, 55, 55, 55, 55, 55, 55, 55, 55, 55, 55, 55, 55, 55, 55, 55, 55, 55, 55, 55, 55, 55, 55, 55, 55, 55, 55, 55, 55, 55, 55, 55, 55, 55, 55, 55, 55, 55, -1, -64, 0, 17, 8, 0, -108, 1, 14, 3, 1, 34, 0, 2, 17, 1, 3, 17, 1, -1, -60, 0, 28, 0, 0, 2, 2, 3, 1, 1, 0, 0, 0, 0, 0, 0, 0, 0, 0, 0, 3, 5, 2, 4, 0, 1, 6, 7, 8, -1, -60, 0, 65, 16, 0, 2, 1, 3, 2, 3, 5, 5, 4, 8, 5, 3, 5, 0, 0, 0, 1, 2, 3, 0, 4, 17, 33, 49, 5, 18, 65, 6, 19, 81, 97, 113, 20, 34, 50, -127, -111, 66, -95, -63, -47, 7, 21, 35, 82, 98, 114, -126, -79, 51, 67, -110, -31, -16, 22, 83, -15, 52, 68, 115, -109, -94, -1, -60, 0, 26, 1, 0, 3, 1, 1, 1, 1, 0, 0, 0, 0, 0, 0, 0, 0, 0, 0, 0, 1, 2, 3, 4, 5, 6, -1, -60, 0, 40, 17, 0, 2, 2, 1, 3, 3, 3, 4, 3, 0, 0, 0, 0, 0, 0, 0, 0, 1, 2, 17, 3, 18, 33, 49, 4, 65, 81, 5, 19, 34, 20, 21, 50, 66, 97, -127, -95, -1, -38, 0, 12, 3, 1, 0, 2, 17, 3, 17, 0, 63, 0, -13, 108, 84, -46, 38, 109, -75, -84, 2, -92, -71, 31, 9, 34, -66, -124, -15, -84, -63, 25, 27, -125, 83, -18, -21, 57, -53, 111, 83, 86, 56, -42, -127, 89, 16, -75, 32, 42, 65, -65, -122, -120, 27, 77, -121, -46, -102, 17, -91, 20, 104, -50, 58, 100, 86, -108, -7, 15, -91, 16, 107, -48, 80, 38, 25, 38, 11, -94, -88, -59, 77, -97, -97, 29, 40, 10, 40, -118, 41, -47, 45, -122, 10, 60, 86, -120, -76, 53, 20, 100, 90, 100, -123, 78, 118, -9, 70, -85, -46, -116, -79, -107, -8, -76, -95, 38, 87, 111, -70, -118, -96, -17, -110, 73, -15, -96, 65, 20, 81, 80, 84, 16, 81, -44, 80, 34, 104, -75, 97, 5, 14, 49, 86, 80, 84, 48, 38, -126, -84, 34, -44, 17, 122, -43, -120, -93, 102, 56, 85, 36, -8, 1, 89, -71, 34, -46, 101, -2, 21, 99, -19, -20, -16, 38, 22, 64, 57, -107, -67, 43, -91, -32, 118, 83, 88, 67, 50, -80, -60, -124, -12, -37, -27, 72, 56, 36, -122, -34, -19, 93, 84, -77, 96, -116, 1, -83, 117, 54, -9, -20, -17, -56, -15, -108, 108, 103, 4, 98, -72, 122, -119, 74, -24, -17, -23, -29, 30, 123, -108, 56, -68, 45, 113, 18, -27, 71, 120, -97, 9, -95, -61, 24, -122, 62, -19, 23, 3, -87, -3, -22, -67, 112, 121, -51, 7, -69, -14, -84, -93, 45, -88, -42, 81, -7, 106, 55, 29, 77, -100, -88, 10, -75, 16, -104, 27, 86, -71, 117, -92, -54, 15, 30, 15, -81, 90, -73, 24, -86, 74, 113, -118, -67, 110, -68, -29, 122, -50, 69, -60, 60, 122, 10, 42, -44, 85, 49, 82, -38, -77, 53, 52, 85, 114, 67, 96, -126, 122, -118, -33, 74, -39, -38, -94, 13, 0, 42, -67, -110, 83, 33, 71, -9, 84, 108, 60, 106, -83, 57, -71, -73, -114, -32, 2, 91, 12, 54, 34, -86, -120, 22, -33, 73, 19, -68, -50, -51, 90, -87, -86, 49, -108, 29, -97, 48, -14, -42, -15, 69, -27, -14, -84, -27, -14, -81, 112, -14, -20, 24, 90, -112, 21, 48, -75, 32, -96, 80, 34, 32, 81, 21, 107, 97, 104, -118, 40, 17, -118, 40, -118, 43, 21, 104, -86, -76, -60, 104, 10, 42, -83, 96, 90, 34, -83, 49, 27, 85, -93, 32, -88, -88, -94, -86, -48, 34, 74, 40, -56, -75, 5, 20, 116, 20, 18, 77, 22, -114, -119, 80, -116, 109, -91, 117, -10, 125, -101, -74, -70, -32, 113, -34, 91, -68, -83, 55, 46, -85, -47, -50, 118, -84, -78, -27, 88, -22, -53, -122, 55, 55, -15, 17, -16, -34, 27, 115, -60, 36, 41, 105, 17, -111, -108, 115, 31, 120, 12, 15, -99, 118, 92, 47, -77, 16, 90, 93, 36, -13, -49, -34, -29, 7, -69, 100, 26, 31, 58, -33, 10, -114, -42, 23, 105, -83, 99, 8, -52, -95, 78, -124, 109, -75, 93, 105, 88, -71, 53, -25, -26, -49, 57, 58, 92, 29, -8, -80, -62, 42, -33, 37, -104, -8, 55, 14, 25, 100, -76, -125, 87, 44, 73, 92, -111, -23, 87, 87, -70, 67, -92, 105, -112, 52, -64, -23, 75, -31, -99, -41, 99, -67, 100, -78, -76, 106, 92, 12, -80, -40, 87, 51, 77, -67, -39, -46, -100, 82, -39, 27, 19, 91, 69, 117, 35, -92, 28, -100, -5, -80, 24, -26, -96, -36, 93, -57, 113, 112, -116, -54, 65, -113, 60, -104, 29, 14, 55, -86, 50, -35, -103, 9, -25, 62, -15, -5, 62, 21, 4, -63, -15, -51, 90, -123, 25, 57, -115, 99, 2, 81, -111, -82, 40, -94, 61, 54, -96, -40, -57, -53, -93, 28, 18, 116, -51, 48, 72, -11, 21, 18, 116, -51, -94, -83, 21, -69, -83, 54, -95, -76, 120, -90, 13, -54, -93, -50, -76, 99, -120, -116, -79, -59, 78, -95, -23, 23, -123, 57, 26, 31, -91, 92, -73, 96, -121, 93, 42, 38, 95, -119, 84, 124, 63, 125, 12, 30, 125, 73, -94, -20, 18, -95, -110, -100, -118, -58, 56, -96, 70, -40, 81, 88, -20, 15, -115, 69, 23, 102, -35, -51, 68, 62, 40, 78, -58, -122, 88, -45, -95, 89, 111, -104, 81, 57, -44, -113, 120, 103, 21, 67, -100, -42, -60, -124, 81, 67, -77, -63, -41, -78, -100, 97, -83, 13, -46, -38, 115, 71, -116, -128, -83, -106, 35, -46, -88, -55, -62, 111, -29, -116, -56, -10, 83, 42, 40, -55, 102, 92, 1, 94, -73, -62, 120, -27, -107, -38, -14, 66, -31, 72, -45, -105, 108, -46, -66, -35, -53, 114, -4, 55, -71, -75, 28, -53, 33, -52, -124, 111, -118, -12, -29, -44, 77, -50, -102, 60, -41, -122, 58, 109, 51, -50, -72, 95, 12, 126, 33, 43, 34, -70, -58, 20, 106, -51, 86, 110, -72, 58, -37, 70, -54, -45, -85, -50, 14, -61, -62, -123, 11, 24, -78, 8, 57, -49, -114, 49, 86, -51, -52, 79, -126, -22, 73, 11, -128, -89, 99, 93, 50, -69, -40, -63, 85, 10, -28, -74, -110, 28, 119, -120, 84, 29, -119, 27, -42, -128, 25, -63, -34, -70, 20, -102, 62, 33, 8, -118, 126, 72, -93, 77, -78, 112, 69, 91, -31, -4, 11, -122, -36, 69, 38, 110, -3, -32, 14, 50, 113, 71, -71, 92, -117, 77, -16, 114, -22, -72, 25, 58, 81, 21, 115, -80, 63, 74, -23, 120, 21, -107, -110, 25, 94, 118, 66, -24, 112, 27, 124, -4, -85, -89, -105, -122, -16, -117, -69, 85, -73, 107, 120, -69, -48, -92, -85, 69, -128, 114, 125, 42, 101, -99, 39, -63, 81, -58, -38, -28, -13, 117, 95, 26, 42, -83, 49, -30, -36, 45, -84, 46, -28, -115, 68, -116, -120, 6, 93, -105, 26, -1, 0, -52, 85, 68, 94, -67, 43, 104, -55, 73, 90, 50, -110, 113, -39, -102, 85, -14, -93, 42, -47, 33, -127, -28, 96, -79, -93, 51, 19, -128, 20, 100, -102, -71, 63, 15, -71, -75, 115, 29, -51, -68, -79, 56, 25, 33, -41, 26, 81, -87, 45, -104, -110, 111, 116, 84, 85, -94, -94, -22, 41, -27, -113, 103, 37, -98, -38, 59, -121, -99, 17, 24, 100, -116, 106, -75, -87, 123, 63, 117, 28, -100, -79, 21, -112, 116, 35, 74, -113, 118, 23, 86, 63, 110, 85, 116, 84, -31, -10, -85, 60, -63, 93, -71, 80, 110, -34, 21, -24, 60, 22, 104, 34, -77, 17, 91, 114, -80, 93, 52, 53, -60, -89, 11, -65, -128, -107, -18, 28, -125, -15, 5, -89, 92, 39, -122, -15, 27, 107, -108, 43, 19, -92, 79, -71, 36, 87, 55, 80, -93, 37, -55, -45, -127, -72, 62, 14, -78, -39, 64, 113, -123, -50, 117, -55, 21, -69, -59, 73, 55, -9, 66, -11, -57, 90, -126, -5, 64, 88, -33, -105, 109, 49, -102, 52, -28, -53, 25, 82, 112, 119, 58, 87, -100, -7, 61, 5, -70, 23, -62, -20, -31, -121, 33, 1, 118, 39, -83, 17, -27, -18, -30, 119, -54, -110, -85, -79, 53, 97, -96, -26, -119, 79, 54, 0, -40, 120, -46, -114, 61, 8, 101, -17, 57, -80, -60, 0, 84, 85, -57, 118, 68, -66, 40, 92, -46, -76, -78, 23, 56, -44, -25, 74, -75, 110, -84, -20, 0, -86, 17, -18, 0, 26, 83, -98, 22, -63, 27, 44, -71, -83, -25, -78, 57, -15, -18, -58, -80, -122, 76, 22, 57, -94, 61, -55, 78, -103, -86, -73, 19, 16, -70, 109, 85, -60, -124, -99, 14, 107, -106, -84, -22, -70, 47, -5, 66, -79, -55, 6, -79, -7, -89, 66, 35, -40, 117, -51, 5, 1, -64, -56, -56, -85, 22, -84, -79, -125, -125, -116, -12, -95, -20, 82, -36, -81, 108, 102, 89, 88, -78, 28, -114, -92, 85, -120, -62, 62, 85, -68, 104, -83, 113, 24, 24, -48, -102, -87, 35, -14, 18, -54, -89, 94, -76, -71, 14, 11, -68, -70, 96, 26, -125, -87, 80, 58, -43, 104, -91, 36, -4, 85, 118, 50, 10, -21, -42, -109, -40, 107, 114, -77, 102, -74, 23, -101, 97, 69, -112, 5, -83, 25, 21, 62, 17, 64, -24, -120, -127, -79, -102, -113, 119, -115, -51, 16, 94, 70, -93, 86, -91, -9, 87, -103, 127, 116, -23, 70, -30, 109, 35, -52, -82, -82, 44, -117, -76, -112, 56, 89, 64, -9, 89, 70, 42, -117, 113, -69, -41, -124, -60, -20, -78, 47, -117, 111, 66, -18, 61, 107, 94, -49, -27, 94, -60, 99, 21, -55, -28, 60, -115, -117, -39, 11, 63, 55, 90, -48, -115, -87, -113, -77, -97, 10, -33, -77, -26, -76, -44, -120, -90, 80, -28, 39, 122, 34, 43, 3, -85, 17, 87, 61, -102, -119, 29, -93, -56, 112, -120, 88, -17, -96, -95, -76, 27, -127, -74, 10, -78, -122, 125, 71, 92, 83, 14, 29, 115, 29, -83, -46, -52, -124, -128, -89, 32, -99, 107, 35, -31, 55, -114, 50, -74, -14, 99, -7, 104, -16, 112, -103, -106, 104, -110, 104, -54, -93, 54, -67, 113, 81, 39, 23, -55, 113, -44, -72, 59, 11, 9, -31, -30, 48, -107, -103, 20, -13, 46, 10, -80, -50, -97, -107, 14, -17, -77, 28, 54, 75, 102, -114, 40, -42, 23, 119, 4, 58, -115, 71, -91, 57, -32, -10, 54, 118, -10, -54, -79, -59, -115, 48, 89, -66, 35, -13, -93, -67, -78, -13, 21, 26, -83, 121, -81, 43, -116, -66, 44, -12, 22, 52, -29, -14, 71, 57, -63, 120, 82, -16, -71, -104, 58, -58, -19, -51, -107, -108, 40, -55, 30, 21, -43, -107, 89, -19, 94, 57, -108, 72, -82, 10, -80, -15, 6, -86, 61, -86, -17, -51, -125, 67, -122, -36, 6, -28, 73, -101, 93, -13, 74, 114, -42, -19, -79, -62, 26, 21, 80, -65, -116, 114, 90, -73, 50, 42, 8, -16, 2, -86, -29, 24, -91, 23, 28, 66, -22, 120, -64, -116, 48, 7, 113, -115, -87, -19, -9, 14, 120, -26, 105, 21, -124, -118, -33, 101, -86, -76, 62, -47, 17, -18, -47, 35, 40, 79, -68, -104, -83, 97, 40, -41, -109, 25, -58, 87, -32, 47, 9, 49, -83, -84, 125, -31, 118, 56, -55, -55, -21, 87, 19, -118, -58, -110, -70, -55, -112, -67, 42, -83, -52, -42, -42, 112, 73, 51, -107, 64, -117, -52, -39, -39, 107, -50, -81, -69, 108, -105, 82, -81, -77, 97, -97, -104, 126, -55, 70, -66, -128, -11, -15, -41, 27, 15, 26, -61, 36, -30, -99, -78, -11, 56, 42, 71, -86, -89, 17, -117, -97, 42, -40, 67, -71, 38, -93, 113, 125, 27, 74, 121, 95, 74, -15, 11, -18, -45, 113, 86, -102, 104, -31, -119, -71, 99, -62, -70, -9, -127, -76, 7, 57, -56, 27, -45, 46, 25, -37, 43, -89, -99, -51, -62, -26, 36, 62, -14, -86, 96, -81, -49, 93, 63, -26, 107, 37, -105, 29, -16, 39, -106, 71, -86, -36, 92, -69, -123, -18, -37, 110, -126, -88, 92, -51, 47, 121, -5, 82, 65, 62, 52, -115, 59, 79, 105, 19, 102, 73, -107, 1, -63, 25, 56, -9, 73, -64, 56, -4, 41, -77, -15, 24, 56, -116, 8, -32, -13, 48, 26, 21, -4, 107, -94, 45, 94, -60, -71, 89, 20, 30, -9, 49, -85, -16, 74, 83, -31, 56, -91, -27, -76, -94, 68, -25, -58, -76, 123, -119, 58, 29, 91, 58, -50, 64, -112, -32, 13, -22, -55, -74, 80, -54, 80, -23, -42, -108, -119, 0, -117, 0, 124, -24, -80, -33, -14, 46, 36, 108, -118, -55, -59, -10, 55, 82, 75, -111, -116, -81, -35, -116, 19, -12, -91, 115, 93, 58, 49, -63, 56, -13, -93, -75, -60, 114, 16, -51, -95, -58, 6, 40, 114, -63, 28, -117, -107, 109, 105, 47, -28, 37, -65, 5, 101, -71, 110, 108, -28, -26, -82, -37, 75, 36, -24, -36, -52, -27, 87, -88, -86, 109, 104, -32, 103, 25, -88, -60, -46, 68, 72, 4, -116, -8, 85, 52, -97, 4, -90, -41, 35, 72, -61, 44, -64, 99, 122, -76, 111, 2, 47, -99, 46, -114, -31, -37, 82, -58, -94, -18, 95, -82, -75, 26, 75, 82, 44, -49, 127, -99, -88, 39, -120, -80, 24, -46, -85, 50, 26, 4, -120, -21, -45, 52, -44, 80, -100, -104, 87, -97, 39, 122, -41, 123, 85, -116, 111, -99, -113, -46, -74, 1, 27, -125, 84, -110, 39, 80, -116, 112, 114, -39, 60, -54, 64, -16, 6, -73, 31, 7, 14, 112, 0, 63, 60, 83, 52, 86, 7, -31, -85, -42, -14, -58, -119, -17, -90, -43, -93, -55, 36, 102, -79, -59, -120, -41, -124, 47, 123, -125, 108, 79, -95, -90, 22, -4, 41, 93, 64, 123, 111, 117, 122, 53, 49, -17, 35, 39, -99, 99, 35, -106, -120, -73, 97, 116, 109, -86, 94, 73, 50, -42, 56, -95, 87, -22, -53, 56, -92, -52, -74, -61, -23, -91, 22, 59, 27, 62, -16, -111, 25, -27, -16, 83, 76, -89, -71, -123, -93, -57, 40, 38, -105, 18, 17, -77, -49, -53, -102, 90, -92, -60, -44, 81, 117, 32, -73, -116, -13, 69, 35, 8, -49, -39, 18, 105, 89, 34, 90, 71, 63, 56, 111, 80, 105, 108, -82, 1, -54, -116, -30, -124, -18, -46, 16, 73, -90, -96, -7, -79, 57, -41, 7, 64, -73, 75, -116, 33, 24, -87, -117, -126, 54, -44, -46, 123, 8, -71, -36, -13, 57, 24, -38, -100, -64, 33, -26, 8, -111, -98, 99, -71, 53, -100, -94, -94, 105, 25, -71, 5, 73, -103, -109, 44, -128, -48, 101, -70, -58, -100, -122, -82, -86, -60, -96, -107, -48, -3, -43, 86, 112, 6, -70, 28, -44, 42, 52, 118, 82, -98, -22, 73, -74, 20, -93, -120, -15, -88, 120, 113, 94, -7, -3, -10, 58, 42, -17, -113, 26, 107, 40, -63, -45, -18, -81, 40, -3, 37, -33, -54, -100, 64, 90, -105, -120, -9, 105, -108, 104, -80, 100, 58, 12, -13, 14, -99, 113, -29, -67, 86, 73, 104, -118, -93, 6, -37, 116, 83, -19, 15, 104, -18, 47, -81, 111, 22, -42, 119, 104, -7, -71, 74, 19, -123, -57, -111, -41, 57, 0, 125, 13, 114, -9, 13, 8, 80, -4, -45, -107, 77, -103, 87, 82, 14, -6, -23, -127, 75, -46, -22, 69, -123, -33, -102, 80, 57, -71, 121, -74, 3, 115, -113, 51, -42, -81, -38, 92, 61, -73, 36, -110, -62, -56, -61, 61, -41, -69, -107, -25, -41, 1, -44, -18, 51, -53, -81, 79, -70, -72, -102, 109, -37, 52, 80, -14, 29, 110, 90, -38, -37, -35, 73, 88, 1, -54, 29, -41, 83, -52, 15, 46, 117, -45, 94, -66, 70, -118, -105, -100, 66, -38, -38, 88, -94, 6, 46, -7, 4, -92, -55, -94, -120, -63, -45, 76, 120, -20, 106, -124, -77, -13, 75, 63, -74, -36, 97, 102, 37, -53, 34, -106, 44, -53, -88, 26, 109, -82, 49, -31, -91, 18, -22, -26, 41, 5, -78, -40, 73, 51, 14, -17, -110, -32, -56, -68, -85, 44, -99, 112, 58, -25, 56, -59, 20, 61, 40, -75, 101, -58, -26, -127, 37, 55, 49, -103, 35, -109, 67, -52, 6, 80, 121, 120, 116, -81, 67, -20, -89, 29, -31, 79, 97, 21, -76, -73, 15, 13, -54, 40, 86, 51, 96, 115, -73, -105, -106, -101, -8, 98, -68, -50, 91, -39, 46, -124, 125, -30, -88, -111, 125, -50, 98, 113, -49, -96, 31, 60, 99, 115, 89, 109, 26, -37, -36, -21, 39, 54, 78, -118, 24, -112, 117, -14, -86, -57, -111, -29, 118, -116, -36, 19, 61, -26, -50, 22, -69, -120, -54, -102, -81, 49, 83, -99, 48, 70, -30, -83, -83, -117, -14, -13, 40, -64, -13, -83, -2, -113, 37, -114, 110, -56, 89, -52, 34, 16, -31, 74, 48, -58, 57, -71, 73, 94, 111, -98, 5, 55, -70, -108, 48, -28, 64, 43, -78, 57, 92, -121, -95, 37, 98, -40, -30, 96, 57, 72, -48, -44, 90, -53, -104, -28, 10, -72, -85, 68, 85, -13, -85, 109, -119, 36, 82, -118, -56, -125, -31, 86, -110, -41, 31, 17, 52, 112, 49, -10, -77, 91, -51, 70, -20, -91, 72, -113, 116, -36, -72, -26, -56, -96, 53, -66, -69, 85, -60, 36, 3, -127, -67, 96, -119, -104, -26, -107, -47, 117, 101, 37, -73, -14, -87, 123, 54, -71, -50, 42, -1, 0, 114, 85, 114, 106, 5, 105, 88, -88, -87, -36, 47, 92, -47, -95, -74, -120, 107, 47, -35, 83, -27, -83, -124, -94, -58, -111, -124, -37, 103, -35, 64, 71, -104, -88, 77, 4, 15, -126, 10, -81, -91, 23, -70, -42, -73, -56, 60, 41, 20, 38, -10, 111, -89, -115, 78, 27, 65, -110, 105, 42, 118, -53, -123, 54, -84, -110, -81, -86, -125, -3, -86, -62, 118, -61, -125, -9, 100, 43, 72, -57, -64, 46, 63, -67, 97, -11, -72, 107, -14, 51, 73, 88, -42, 88, 15, -62, 14, -108, 46, -29, 29, 53, -92, -78, -10, -62, -44, 124, 16, 22, -2, 103, 2, -86, 73, -37, 25, 0, -3, -108, 81, 47, -85, 115, 86, 111, -44, 112, 46, -10, 27, 29, 39, 118, -39, -40, 84, 90, -33, -101, 117, 21, -57, 92, 118, -65, -120, 54, 121, 39, -126, 63, -27, -117, 95, -68, -43, 23, -19, 47, 22, 115, -91, -4, -96, 31, -35, 69, 31, -123, 71, -36, -15, -10, 76, 78, -114, -5, -39, -120, -40, 98, -76, -74, 36, -100, -102, -31, -31, -29, -41, -31, 63, 105, 119, 114, -25, -50, 70, 31, -38, -123, 39, 29, -30, 76, 127, 103, 61, -62, -7, -9, -122, -95, -6, -74, -5, 68, -102, -119, -24, -80, 88, -80, 57, 31, 13, 95, -118, 17, 30, -58, -68, -91, 56, -89, 25, 118, -49, -73, 95, 127, -9, -112, 63, -67, 90, -121, -118, 113, -108, 63, -6, -37, -109, -4, -41, 77, -3, -77, 81, 47, 85, -117, -3, 127, -47, -89, 20, 122, -103, -116, 98, -94, 97, 70, -34, -68, -14, 14, 55, -58, 65, -46, -20, -6, 52, -123, -65, -67, 48, -73, -29, 124, 111, -2, -20, 109, -3, 53, 11, -43, 113, -82, 81, 126, -28, 78, -64, -38, 64, 84, -29, 35, 77, -63, -38, -66, 117, -3, 36, 89, 92, 88, 118, -126, -17, 51, -67, -44, 65, -108, 25, -28, 64, -84, 88, -82, -60, 87, -75, 67, -57, 120, -127, -1, 0, 22, 40, -113, -53, 21, -30, -65, -92, 14, 39, 117, -57, 120, -11, -19, -44, 113, -72, -73, 82, -86, 28, 70, 116, 10, -95, 78, 78, 49, -65, 74, -24, -57, -42, 99, -22, 31, -57, -80, -45, -115, -20, 114, -23, 52, 16, -37, -76, 102, 37, 45, 42, -31, -28, -50, 88, 48, 36, -114, 95, 13, -58, 71, 94, 90, -119, 110, -8, -123, 48, 20, 126, -20, -79, 37, -114, 72, -24, 112, 107, -87, -31, -99, -125, -68, -68, -31, -80, 95, 64, -62, 71, -107, -49, -20, 8, 49, -78, -128, 9, -44, -99, -74, -12, -44, 82, 110, 53, -62, 111, 120, 44, -26, -54, -12, -56, -114, -64, 50, -123, -109, 66, -65, -113, -2, 106, -29, -105, 28, -37, -118, 123, -102, 90, 22, -119, -117, 18, 7, 123, -81, -119, -49, -67, -80, -51, 110, 70, -26, 33, 4, 92, -18, 1, 3, 27, -109, -90, -92, 85, -71, -8, 79, 16, 107, 41, -81, 86, -58, 101, -75, 93, 28, -88, -8, 78, 51, -106, 4, -28, 14, -71, -86, -111, -62, -46, -25, -69, 94, 83, -114, -103, 98, -33, -97, -91, 90, -95, 108, 104, 93, 57, 85, 105, 25, -92, 24, -41, -99, -119, 39, -56, -7, 85, -21, 25, -118, -121, 46, -62, 57, 0, -36, 13, 65, -50, -122, -70, -103, -69, 15, -60, -102, -50, 43, -5, 86, 23, 44, -22, -84, 83, -108, -85, -74, 113, -65, 54, -71, 30, 122, -41, 53, -60, 98, 110, 25, 48, -114, 107, 110, 75, -128, 57, -52, 108, 6, 72, 58, 107, -41, -21, -29, -102, -54, 57, -95, -111, -44, 25, 45, -89, -79, -17, -33, -93, -34, 86, -20, -91, -118, 34, -86, -14, 2, 31, -107, -108, -28, -28, -27, -76, 39, 115, -13, -82, -119, -48, 46, -58, -68, -125, -12, 91, -60, 98, -68, -76, -69, -123, 72, -114, -31, 36, 15, -110, 73, 44, -92, 99, 63, 44, 125, -11, -34, -91, -60, -47, 109, 112, 126, 76, 107, -105, 47, -85, -82, -97, 35, -57, 40, -16, 70, -53, 99, -92, 72, -13, -74, -76, 85, -128, 117, 21, -51, 55, 18, -99, 127, -9, 108, 7, -121, 49, -95, -98, 40, -8, -55, -71, -101, -48, 49, 21, -97, -33, 96, -1, 0, 70, 53, -92, -22, -3, -100, -115, -9, -83, 119, 88, -36, -118, -29, -37, -116, -111, -2, 124, -39, -1, 0, -28, 53, 6, -29, -78, 32, -56, -72, -109, -3, 102, -102, -11, -75, -34, 12, 119, 19, -75, -115, -71, 91, 2, -89, -50, 75, 109, 92, 68, 125, -90, -71, 25, -61, 43, 15, -30, -42, -116, -99, -83, -111, 8, 18, -63, 27, 15, 34, 71, -9, -83, -31, -22, -72, 37, -7, 90, 5, 36, 118, -117, -126, 9, -56, -88, -123, 83, -26, 107, -100, -73, -19, 117, -101, 17, -34, 69, 42, 121, -24, 69, 48, -117, -76, 60, 46, 124, 98, -19, 20, -1, 0, 26, -30, -70, -95, -43, -31, -105, 18, 69, 90, 99, 22, 77, 107, 88, -83, 69, 117, 111, 63, -8, 83, -58, -28, -8, 56, -51, 17, -127, 29, 43, 117, 52, -8, 99, -40, -46, 22, -87, 21, -26, -42, -94, 42, 98, -104, -49, 21, 91, 25, 24, -32, -86, -113, -99, 25, 120, 107, -19, -128, 43, -81, -3, 77, 24, -8, 100, 111, -69, -14, -83, 14, 24, -128, -29, -99, -2, -17, -54, -66, 41, -25, 103, 61, 51, -105, 94, 21, 39, -39, 98, -65, 32, 104, -119, -63, 25, -121, -67, 35, 124, -64, 31, -38, -70, 97, -61, 99, 31, -26, 55, -35, -7, 84, -113, 15, 81, -77, -75, 79, -70, -62, -114, 122, 62, 7, 26, -22, 74, -73, -11, 26, -78, -100, 22, 35, -47, 71, -104, 38, -100, -117, 32, -65, 108, -3, 43, 94, -54, 115, -15, -100, 122, 82, 121, 101, -28, 84, 45, 94, 11, 107, -10, -105, 62, -90, -120, -68, 22, -53, -9, 7, -42, -81, -117, 76, -3, -78, 42, 94, -58, -33, 102, 81, -12, -87, 115, -105, -112, -94, -102, -16, -117, 17, -89, 116, 15, -52, -47, -109, -121, 89, 70, 125, -37, 116, -49, -103, -93, -2, -81, -108, -115, 37, 81, -11, -88, -2, -82, -70, -23, 60, 68, 121, -106, -4, -87, 106, -105, -112, -2, -115, -120, 96, 77, -96, -117, -23, 91, -62, 116, 69, 90, -48, -31, 119, 45, -15, 92, 66, -66, -103, 53, 49, -62, -104, 124, 119, -93, -6, 99, -1, 0, 122, -101, -112, -66, 94, 8, 23, -63, -9, 113, -12, 31, -107, 64, 96, 15, -123, 48, 119, -9, 6, -75, 117, 120, 125, -78, -97, -38, 77, 35, -6, -112, 40, -123, -20, 45, -64, 37, 84, 124, -63, -4, 104, 90, -5, 49, -88, -56, -94, -67, -21, 124, 17, -25, -7, 86, -125, 117, -62, 34, -65, 116, 123, -85, 24, 102, 104, -40, 50, 52, -79, -87, 42, 70, -40, -49, -87, -93, 94, -10, -105, -124, 89, -116, 60, -8, 36, 103, -107, 72, -49, -46, -111, 93, -10, -6, -43, 85, -67, -117, -121, -50, -17, -48, -54, 66, 3, -8, -42, -40, -15, 101, -69, 86, 27, 46, -29, 30, 17, -39, -72, -72, 74, -36, 45, -100, 88, -114, -26, 78, 121, 21, -36, 48, -16, -64, 30, 30, 91, 87, 27, -40, 14, -51, -40, 93, -114, 37, 114, -106, 113, -69, -37, 113, 25, 18, 41, 12, -92, 114, 5, 111, 116, 0, 8, -58, -61, 106, 37, -1, 0, 108, -72, -43, -48, 101, -74, 72, 109, 1, 24, 86, 65, -52, -61, -26, 105, 47, 102, -82, 120, -81, 103, -31, 120, 44, 103, 83, 19, -65, 59, 44, -118, 27, 39, -57, 59, -41, 124, 49, 101, 88, -90, -100, -2, 78, -127, 78, 58, 94, -25, -85, -5, 37, -57, -38, 72, -105, 58, -18, 52, -6, -26, -109, 118, -125, -78, 112, -15, -95, 3, 51, -61, 5, -60, 51, -92, -94, 112, -95, -119, -27, -24, 116, 25, -45, 77, 118, -92, -79, -10, -81, -116, 3, -17, -63, 108, -1, 0, -22, -4, -22, -28, 125, -84, -68, -9, 123, -53, 8, -113, -113, 35, -111, 92, 112, -23, -14, 98, -106, -88, 61, -55, 82, -118, -32, 117, 105, -64, 44, -84, 102, 121, -84, -32, -76, -126, 73, 70, 36, 120, -93, 85, 47, -21, -128, 60, 106, -55, -79, 99, -2, 108, 95, 64, 41, 84, 125, -88, -127, -65, -59, -78, -107, 125, 49, 86, -29, -19, 7, 12, -105, -30, 46, -98, -79, -102, -58, 120, -92, -35, -53, -112, -43, 22, 29, -72, 107, -25, 67, 19, 124, -24, 50, 112, -106, 39, 61, -38, 103, -42, -82, 71, 125, 99, 47, -8, 119, 9, -23, -100, 81, 75, -61, -116, -122, 39, -48, -44, 104, -94, -76, -57, -56, -91, -8, 75, 13, 121, 53, -14, 53, 90, 94, 13, 33, -44, 18, 62, 116, -5, -36, -36, 51, 124, -21, 68, 120, 107, -22, 106, -107, -82, 24, -100, 81, -53, -73, 4, -112, 19, -121, 57, -88, 126, -90, -67, -39, 101, 36, 121, -100, -41, 85, -54, -67, 64, -84, 33, 105, -21, -110, 21, 28, -88, -32, -105, -37, 101, 0, -11, -59, 26, 62, -49, -49, -97, 126, 100, 81, -4, 32, -109, 93, 33, -27, 29, 7, -46, -93, -52, -66, 95, 74, 107, 36, -71, 69, 10, 97, -32, -94, 45, -18, 28, -3, 7, -31, 87, 96, 19, -37, -1, 0, -123, 117, 50, -6, 72, 69, 29, -92, 81, -10, 71, -46, -96, 102, 30, 95, 74, 107, 36, -41, 14, -123, 108, -79, 31, 20, -30, 41, -89, -76, 6, -2, 101, 7, -16, -94, 14, 51, -60, 6, -26, 54, -2, -111, 84, 76, -93, -2, 10, -119, -101, -2, 98, -74, 93, 86, 117, -5, 49, -36, -68, -127, -3, 101, -90, 72, 3, -52, -102, 32, -67, 111, 3, 73, -60, -38, -24, 126, 91, 84, -124, -51, -53, -112, -52, 107, -97, 65, 90, -122, -34, -36, -33, -69, -12, -83, 11, -87, -113, 74, 84, -73, 12, 126, -41, -46, -90, 46, 24, 121, -118, 90, 71, 99, 81, 113, 33, -35, -79, -27, 82, -17, -36, 106, 90, -107, 9, -119, -41, 36, 15, 42, -112, -105, 63, 107, -21, 75, 72, -83, 13, 22, -27, -114, -20, 62, 117, 33, 40, 39, 124, 122, -46, -93, 41, -50, 65, 3, -17, -87, 9, 91, 76, -97, -83, 45, 32, -102, 27, -121, -41, 71, 31, 90, -97, 124, -61, 108, 31, -70, -108, -117, -113, 53, -2, -43, 33, 114, -64, 107, -51, -3, 58, -46, -46, 85, -95, -80, -108, -99, 115, 82, 51, 18, 49, -49, -118, 86, 39, -50, -60, -23, -67, 73, 101, 86, -44, 55, -49, 52, 49, 12, 89, 85, -74, 43, -11, -91, -105, -4, 28, -36, -99, 24, -29, -61, -104, -47, 13, -50, 14, -128, 15, 44, -47, 18, -24, 100, 97, -108, 31, 12, 80, -89, 37, -64, -102, 76, 68, -35, -112, -22, -117, 24, -12, 56, -95, -1, 0, -46, 50, -20, 81, 15, -93, -41, 74, 38, -26, 59, -21, -27, 91, -17, -120, -36, -100, 122, -102, -43, 117, 57, 23, 114, 125, -72, -100, -41, -3, 32, -25, 25, 80, 61, 26, -90, -67, -112, 24, -8, -79, 93, 50, -52, 15, -113, -52, -44, -42, 111, 23, 52, -66, -89, 39, -111, 44, 81, 57, -127, -39, 52, 27, -51, 69, 78, -51, 67, 31, -59, 114, -29, -56, 87, 73, -34, -89, 92, 26, -116, -115, 19, 125, -111, -11, -91, -11, 19, -14, 63, 110, 34, 33, -64, -83, 87, 119, -107, -65, -88, 126, 85, 49, -62, -84, -45, -20, 72, 127, -86, -101, 52, 40, 118, 113, 66, 107, 119, 43, -112, 70, 51, -71, 56, -93, -35, -109, -18, 78, -124, 80, 91, 123, 120, -2, 24, -2, -90, -117, -34, 42, -115, 35, 65, -113, 26, -109, -37, -56, 62, 37, 63, 42, 19, 68, -8, 36, 98, -115, 72, 85, 65, -106, -28, -2, -30, 125, 106, 94, -43, -90, 90, 60, 122, 26, -87, -54, -40, -23, -14, -88, -66, 122, -125, -14, -89, 104, 45, -105, 26, -23, 116, -56, 32, 121, -44, 77, -54, -8, -3, -11, 73, -80, 119, 111, -107, 64, -56, -85, -127, -111, 79, 97, 54, -53, -51, 58, -99, -100, 80, -53, -98, -123, 13, 82, 105, 65, -48, -107, -6, 80, -99, -108, 108, -96, -7, -45, 66, -44, -58, 6, 118, -40, 119, 127, 90, 27, 92, 56, -24, -108, -65, -30, 58, -115, 61, 107, 93, -56, -21, 51, 125, 106, -110, 38, -39, 120, -35, -73, -18, -3, -11, 3, 115, 47, 84, 31, -22, -86, -84, -83, -1, 0, 112, -125, -4, -43, 14, 71, 27, 75, -1, 0, -22, -102, 66, 114, 96, 26, 96, 117, 90, -59, -72, 40, 54, -46, -107, -121, 36, -25, -104, -113, -99, 109, -114, 119, 102, -5, -85, 77, 6, -74, 48, 75, -100, -99, -57, -42, -113, -52, -92, 100, -100, 31, 58, 80, 37, 69, 24, 36, 102, -120, -105, 35, 93, 6, -98, 38, -109, -128, -20, 104, -83, -125, -80, -49, -122, -11, 62, -8, -127, -98, 76, -113, 49, 74, -59, -64, 35, 77, 7, -112, -83, 53, -55, -50, 36, 76, -113, 28, 102, -89, 64, -84, 112, 38, 3, -31, 108, 120, -5, -72, -84, 91, -113, 123, 4, 28, 82, -107, -72, 1, 70, 24, 48, -24, 5, 17, 37, 36, -28, -126, 87, -46, -109, -128, -58, 126, -47, -4, 92, -89, -96, -58, 115, 90, -25, 36, 107, -87, 59, -28, 126, 53, 67, -68, 1, -14, 84, -28, -11, 11, -118, 42, -54, -97, 99, 126, -70, 10, -99, 33, 101, -27, -109, -108, -25, -98, -116, 46, 125, -34, 108, -87, 62, 34, -107, -121, 3, -4, -49, -20, 77, 25, 94, 66, -71, 50, 30, 83, -74, 64, 63, -123, 39, 18, -84, 98, -77, -31, 112, -84, -95, 79, -104, 21, 17, 41, 81, -66, 6, -25, -35, -86, 43, 33, 125, 68, -113, -97, 37, -83, 119, -59, 64, 13, -52, -6, 107, -98, -97, 33, 75, 72, 88, -60, 93, 1, -23, -29, -102, -103, -72, -24, -82, 1, -33, -107, -76, 52, -66, 55, 13, -16, -3, -30, -92, 100, 109, -70, -113, -31, 31, 118, 105, 105, 65, 99, 21, -72, 99, -15, 6, -11, -94, 36, -121, -2, 26, 82, -73, 15, -44, -82, 124, -58, 40, -117, 41, -15, 56, -13, -87, 112, 21, -114, 22, 93, 53, -4, -22, 70, 65, -29, 74, 22, -32, -125, -128, 113, -14, -94, 123, 67, 102, -95, -64, 118, 52, 14, 115, -109, -73, -99, 111, -68, -41, 83, -54, 52, 57, -13, 20, -80, 76, -33, 103, 67, -27, 68, 23, 7, 24, 39, -52, -125, -67, 45, 33, 99, 49, 112, -61, 99, -8, 84, -69, -2, 111, -119, 84, -46, -63, 63, 48, 39, 56, -11, -83, 36, -52, -121, 37, -127, 30, 32, 109, 70, -112, -79, -82, 32, 109, 74, 16, 124, -85, 66, 4, 124, -31, -122, -37, 98, -105, -117, -110, 78, 115, -111, -29, -79, -94, 11, -116, -24, 78, 7, -114, 106, 105, -114, -61, -53, 97, -43, 49, -25, -118, -85, 45, -128, 44, 50, 15, 48, -37, 76, -118, 42, 93, -98, 126, 80, 91, 3, 99, -102, 34, -35, 16, 113, -128, 71, -83, 52, -28, -121, -79, 66, 75, 39, 25, 35, -109, 35, 122, -81, 36, 69, 65, -56, 25, -89, 45, 58, 72, 64, -48, 31, 93, 106, 6, 53, 109, -50, 125, 106, -42, 70, 75, 72, 66, -47, -25, 66, 51, -118, 19, -62, 63, 116, 124, -123, 60, 107, 24, -40, 28, 29, 73, -45, 90, -83, 61, -117, -81, 64, -43, -94, -56, -119, 113, -16, 38, 60, -70, -24, 71, -123, 12, -100, 125, -80, 62, 85, 126, 88, 93, 24, -85, 68, 66, -12, 7, -3, -86, -79, -115, 67, 16, 65, 35, -57, 66, 107, 104, -76, -55, 104, -26, 81, -40, -11, -58, -99, 40, -127, -37, 56, -49, -115, 101, 101, 117, 48, 8, -70, -77, 19, -82, 54, -96, 72, -60, -54, 118, -36, 116, 21, -107, -108, -94, 53, -56, 69, -111, -61, -32, 49, 3, 30, 53, 57, 29, -71, 7, -68, 119, -4, 107, 43, 40, -112, 48, -78, 124, 123, -111, -91, 110, 57, 28, -98, 92, -23, -102, -35, 101, 64, -119, 65, 35, -107, -43, -40, -6, -102, 48, 3, 59, 117, -84, -84, -88, 99, 68, -121, -38, 52, 66, -60, 71, -90, -107, -107, -107, 33, 34, 92, -60, 38, 116, 39, -50, -94, -77, 54, 25, -41, 10, 67, 99, 65, 89, 89, 82, -122, 16, 18, -48, 9, 11, 28, -73, -98, -44, 118, 99, -18, 12, -28, 86, 86, 84, -80, 54, -57, 57, -50, -70, 86, -56, -60, 121, 26, 31, -10, -84, -84, -87, 99, 102, -41, 87, -83, -119, 24, 72, 71, 77, 43, 43, 40, 36, 41, 118, 80, 72, 39, 92, 86, -111, -55, 63, 42, -54, -54, 72, 100, -7, -113, 49, -14, -51, 77, 29, -126, 3, -109, -100, 86, 86, 84, -79, 18, 82, 91, -109, -104, -109, -100, 102, -92, 119, 35, 29, 43, 43, 42, 70, 109, -16, -40, 12, -93, 24, -94, 40, -62, 18, 52, -64, -48, 86, 86, 80, -64, -108, 100, -70, 6, 59, -42, -71, -40, 54, 1, -46, -78, -78, -89, -72, -40, 68, 99, -55, -100, -21, -118, -97, 59, 16, 50, 126, -41, -27, 89, 89, 72, 9, -32, 49, 33, -70, -43, 121, 109, -29, 4, -31, 113, -83, 106, -78, -124, -35, -115, 31, -1, -39], govIdBack=[-1, -40, -1, -32, 0, 16, 74, 70, 73, 70, 0, 1, 1, 0, 0, 1, 0, 1, 0, 0, -1, -37, 0, -124, 0, 9, 6, 7, 8, 7, 6, 9, 8, 7, 8, 10, 10, 9, 11, 13, 22, 15, 13, 12, 12, 13, 27, 20, 21, 16, 22, 32, 29, 34, 34, 32, 29, 31, 31, 36, 40, 52, 44, 36, 38, 49, 39, 31, 31, 45, 61, 45, 49, 53, 55, 58, 58, 58, 35, 43, 63, 68, 63, 56, 67, 52, 57, 58, 55, 1, 10, 10, 10, 13, 12, 13, 26, 15, 15, 26, 55, 37, 31, 37, 55, 55, 55, 55, 55, 55, 55, 55, 55, 55, 55, 55, 55, 55, 55, 55, 55, 55, 55, 55, 55, 55, 55, 55, 55, 55, 55, 55, 55, 55, 55, 55, 55, 55, 55, 55, 55, 55, 55, 55, 55, 55, 55, 55, 55, 55, 55, 55, 55, 55, -1, -64, 0, 17, 8, 0, -108, 1, 14, 3, 1, 34, 0, 2, 17, 1, 3, 17, 1, -1, -60, 0, 28, 0, 0, 2, 2, 3, 1, 1, 0, 0, 0, 0, 0, 0, 0, 0, 0, 0, 3, 5, 2, 4, 0, 1, 6, 7, 8, -1, -60, 0, 65, 16, 0, 2, 1, 3, 2, 3, 5, 5, 4, 8, 5, 3, 5, 0, 0, 0, 1, 2, 3, 0, 4, 17, 33, 49, 5, 18, 65, 6, 19, 81, 97, 113, 20, 34, 50, -127, -111, 66, -95, -63, -47, 7, 21, 35, 82, 98, 114, -126, -79, 51, 67, -110, -31, -16, 22, 83, -15, 52, 68, 115, -109, -94, -1, -60, 0, 26, 1, 0, 3, 1, 1, 1, 1, 0, 0, 0, 0, 0, 0, 0, 0, 0, 0, 0, 1, 2, 3, 4, 5, 6, -1, -60, 0, 40, 17, 0, 2, 2, 1, 3, 3, 3, 4, 3, 0, 0, 0, 0, 0, 0, 0, 0, 1, 2, 17, 3, 18, 33, 49, 4, 65, 81, 5, 19, 34, 20, 21, 50, 66, 97, -127, -95, -1, -38, 0, 12, 3, 1, 0, 2, 17, 3, 17, 0, 63, 0, -13, 108, 84, -46, 38, 109, -75, -84, 2, -92, -71, 31, 9, 34, -66, -124, -15, -84, -63, 25, 27, -125, 83, -18, -21, 57, -53, 111, 83, 86, 56, -42, -127, 89, 16, -75, 32, 42, 65, -65, -122, -120, 27, 77, -121, -46, -102, 17, -91, 20, 104, -50, 58, 100, 86, -108, -7, 15, -91, 16, 107, -48, 80, 38, 25, 38, 11, -94, -88, -59, 77, -97, -97, 29, 40, 10, 40, -118, 41, -47, 45, -122, 10, 60, 86, -120, -76, 53, 20, 100, 90, 100, -123, 78, 118, -9, 70, -85, -46, -116, -79, -107, -8, -76, -95, 38, 87, 111, -70, -118, -96, -17, -110, 73, -15, -96, 65, 20, 81, 80, 84, 16, 81, -44, 80, 34, 104, -75, 97, 5, 14, 49, 86, 80, 84, 48, 38, -126, -84, 34, -44, 17, 122, -43, -120, -93, 102, 56, 85, 36, -8, 1, 89, -71, 34, -46, 101, -2, 21, 99, -19, -20, -16, 38, 22, 64, 57, -107, -67, 43, -91, -32, 118, 83, 88, 67, 50, -80, -60, -124, -12, -37, -27, 72, 56, 36, -122, -34, -19, 93, 84, -77, 96, -116, 1, -83, 117, 54, -9, -20, -17, -56, -15, -108, 108, 103, 4, 98, -72, 122, -119, 74, -24, -17, -23, -29, 30, 123, -108, 56, -68, 45, 113, 18, -27, 71, 120, -97, 9, -95, -61, 24, -122, 62, -19, 23, 3, -87, -3, -22, -67, 112, 121, -51, 7, -69, -14, -84, -93, 45, -88, -42, 81, -7, 106, 55, 29, 77, -100, -88, 10, -75, 16, -104, 27, 86, -71, 117, -92, -54, 15, 30, 15, -81, 90, -73, 24, -86, 74, 113, -118, -67, 110, -68, -29, 122, -50, 69, -60, 60, 122, 10, 42, -44, 85, 49, 82, -38, -77, 53, 52, 85, 114, 67, 96, -126, 122, -118, -33, 74, -39, -38, -94, 13, 0, 42, -67, -110, 83, 33, 71, -9, 84, 108, 60, 106, -83, 57, -71, -73, -114, -32, 2, 91, 12, 54, 34, -86, -120, 22, -33, 73, 19, -68, -50, -51, 90, -87, -86, 49, -108, 29, -97, 48, -14, -42, -15, 69, -27, -14, -84, -27, -14, -81, 112, -14, -20, 24, 90, -112, 21, 48, -75, 32, -96, 80, 34, 32, 81, 21, 107, 97, 104, -118, 40, 17, -118, 40, -118, 43, 21, 104, -86, -76, -60, 104, 10, 42, -83, 96, 90, 34, -83, 49, 27, 85, -93, 32, -88, -88, -94, -86, -48, 34, 74, 40, -56, -75, 5, 20, 116, 20, 18, 77, 22, -114, -119, 80, -116, 109, -91, 117, -10, 125, -101, -74, -70, -32, 113, -34, 91, -68, -83, 55, 46, -85, -47, -50, 118, -84, -78, -27, 88, -22, -53, -122, 55, 55, -15, 17, -16, -34, 27, 115, -60, 36, 41, 105, 17, -111, -108, 115, 31, 120, 12, 15, -99, 118, 92, 47, -77, 16, 90, 93, 36, -13, -49, -34, -29, 7, -69, 100, 26, 31, 58, -33, 10, -114, -42, 23, 105, -83, 99, 8, -52, -95, 78, -124, 109, -75, 93, 105, 88, -71, 53, -25, -26, -49, 57, 58, 92, 29, -8, -80, -62, 42, -33, 37, -104, -8, 55, 14, 25, 100, -76, -125, 87, 44, 73, 92, -111, -23, 87, 87, -70, 67, -92, 105, -112, 52, -64, -23, 75, -31, -99, -41, 99, -67, 100, -78, -76, 106, 92, 12, -80, -40, 87, 51, 77, -67, -39, -46, -100, 82, -39, 27, 19, 91, 69, 117, 35, -92, 28, -100, -5, -80, 24, -26, -96, -36, 93, -57, 113, 112, -116, -54, 65, -113, 60, -104, 29, 14, 55, -86, 50, -35, -103, 9, -25, 62, -15, -5, 62, 21, 4, -63, -15, -51, 90, -123, 25, 57, -115, 99, 2, 81, -111, -82, 40, -94, 61, 54, -96, -40, -57, -53, -93, 28, 18, 116, -51, 48, 72, -11, 21, 18, 116, -51, -94, -83, 21, -69, -83, 54, -95, -76, 120, -90, 13, -54, -93, -50, -76, 99, -120, -116, -79, -59, 78, -95, -23, 23, -123, 57, 26, 31, -91, 92, -73, 96, -121, 93, 42, 38, 95, -119, 84, 124, 63, 125, 12, 30, 125, 73, -94, -20, 18, -95, -110, -100, -118, -58, 56, -96, 70, -40, 81, 88, -20, 15, -115, 69, 23, 102, -35, -51, 68, 62, 40, 78, -58, -122, 88, -45, -95, 89, 111, -104, 81, 57, -44, -113, 120, 103, 21, 67, -100, -42, -60, -124, 81, 67, -77, -63, -41, -78, -100, 97, -83, 13, -46, -38, 115, 71, -116, -128, -83, -106, 35, -46, -88, -55, -62, 111, -29, -116, -56, -10, 83, 42, 40, -55, 102, 92, 1, 94, -73, -62, 120, -27, -107, -38, -14, 66, -31, 72, -45, -105, 108, -46, -66, -35, -53, 114, -4, 55, -71, -75, 28, -53, 33, -52, -124, 111, -118, -12, -29, -44, 77, -50, -102, 60, -41, -122, 58, 109, 51, -50, -72, 95, 12, 126, 33, 43, 34, -70, -58, 20, 106, -51, 86, 110, -72, 58, -37, 70, -54, -45, -85, -50, 14, -61, -62, -123, 11, 24, -78, 8, 57, -49, -114, 49, 86, -51, -52, 79, -126, -22, 73, 11, -128, -89, 99, 93, 50, -69, -40, -63, 85, 10, -28, -74, -110, 28, 119, -120, 84, 29, -119, 27, -42, -128, 25, -63, -34, -70, 20, -102, 62, 33, 8, -118, 126, 72, -93, 77, -78, 112, 69, 91, -31, -4, 11, -122, -36, 69, 38, 110, -3, -32, 14, 50, 113, 71, -71, 92, -117, 77, -16, 114, -22, -72, 25, 58, 81, 21, 115, -80, 63, 74, -23, 120, 21, -107, -110, 25, 94, 118, 66, -24, 112, 27, 124, -4, -85, -89, -105, -122, -16, -117, -69, 85, -73, 107, 120, -69, -48, -92, -85, 69, -128, 114, 125, 42, 101, -99, 39, -63, 81, -58, -38, -28, -13, 117, 95, 26, 42, -83, 49, -30, -36, 45, -84, 46, -28, -115, 68, -116, -120, 6, 93, -105, 26, -1, 0, -52, 85, 68, 94, -67, 43, 104, -55, 73, 90, 50, -110, 113, -39, -102, 85, -14, -93, 42, -47, 33, -127, -28, 96, -79, -93, 51, 19, -128, 20, 100, -102, -71, 63, 15, -71, -75, 115, 29, -51, -68, -79, 56, 25, 33, -41, 26, 81, -87, 45, -104, -110, 111, 116, 84, 85, -94, -94, -22, 41, -27, -113, 103, 37, -98, -38, 59, -121, -99, 17, 24, 100, -116, 106, -75, -87, 123, 63, 117, 28, -100, -79, 21, -112, 116, 35, 74, -113, 118, 23, 86, 63, 110, 85, 116, 84, -31, -10, -85, 60, -63, 93, -71, 80, 110, -34, 21, -24, 60, 22, 104, 34, -77, 17, 91, 114, -80, 93, 52, 53, -60, -89, 11, -65, -128, -107, -18, 28, -125, -15, 5, -89, 92, 39, -122, -15, 27, 107, -108, 43, 19, -92, 79, -71, 36, 87, 55, 80, -93, 37, -55, -45, -127, -72, 62, 14, -78, -39, 64, 113, -123, -50, 117, -55, 21, -69, -59, 73, 55, -9, 66, -11, -57, 90, -126, -5, 64, 88, -33, -105, 109, 49, -102, 52, -28, -53, 25, 82, 112, 119, 58, 87, -100, -7, 61, 5, -70, 23, -62, -20, -31, -121, 33, 1, 118, 39, -83, 17, -27, -18, -30, 119, -54, -110, -85, -79, 53, 97, -96, -26, -119, 79, 54, 0, -40, 120, -46, -114, 61, 8, 101, -17, 57, -80, -60, 0, 84, 85, -57, 118, 68, -66, 40, 92, -46, -76, -78, 23, 56, -44, -25, 74, -75, 110, -84, -20, 0, -86, 17, -18, 0, 26, 83, -98, 22, -63, 27, 44, -71, -83, -25, -78, 57, -15, -18, -58, -80, -122, 76, 22, 57, -94, 61, -55, 78, -103, -86, -73, 19, 16, -70, 109, 85, -60, -124, -99, 14, 107, -106, -84, -22, -70, 47, -5, 66, -79, -55, 6, -79, -7, -89, 66, 35, -40, 117, -51, 5, 1, -64, -56, -56, -85, 22, -84, -79, -125, -125, -116, -12, -95, -20, 82, -36, -81, 108, 102, 89, 88, -78, 28, -114, -92, 85, -120, -62, 62, 85, -68, 104, -83, 113, 24, 24, -48, -102, -87, 35, -14, 18, -54, -89, 94, -76, -71, 14, 11, -68, -70, 96, 26, -125, -87, 80, 58, -43, 104, -91, 36, -4, 85, 118, 50, 10, -21, -42, -109, -40, 107, 114, -77, 102, -74, 23, -101, 97, 69, -112, 5, -83, 25, 21, 62, 17, 64, -24, -120, -127, -79, -102, -113, 119, -115, -51, 16, 94, 70, -93, 86, -91, -9, 87, -103, 127, 116, -23, 70, -30, 109, 35, -52, -82, -82, 44, -117, -76, -112, 56, 89, 64, -9, 89, 70, 42, -117, 113, -69, -41, -124, -60, -20, -78, 47, -117, 111, 66, -18, 61, 107, 94, -49, -27, 94, -60, 99, 21, -55, -28, 60, -115, -117, -39, 11, 63, 55, 90, -48, -115, -87, -113, -77, -97, 10, -33, -77, -26, -76, -44, -120, -90, 80, -28, 39, 122, 34, 43, 3, -85, 17, 87, 61, -102, -119, 29, -93, -56, 112, -120, 88, -17, -96, -95, -76, 27, -127, -74, 10, -78, -122, 125, 71, 92, 83, 14, 29, 115, 29, -83, -46, -52, -124, -128, -89, 32, -99, 107, 35, -31, 55, -114, 50, -74, -14, 99, -7, 104, -16, 112, -103, -106, 104, -110, 104, -54, -93, 54, -67, 113, 81, 39, 23, -55, 113, -44, -72, 59, 11, 9, -31, -30, 48, -107, -103, 20, -13, 46, 10, -80, -50, -97, -107, 14, -17, -77, 28, 54, 75, 102, -114, 40, -42, 23, 119, 4, 58, -115, 71, -91, 57, -32, -10, 54, 118, -10, -54, -79, -59, -115, 48, 89, -66, 35, -13, -93, -67, -78, -13, 21, 26, -83, 121, -81, 43, -116, -66, 44, -12, 22, 52, -29, -14, 71, 57, -63, 120, 82, -16, -71, -104, 58, -58, -19, -51, -107, -108, 40, -55, 30, 21, -43, -107, 89, -19, 94, 57, -108, 72, -82, 10, -80, -15, 6, -86, 61, -86, -17, -51, -125, 67, -122, -36, 6, -28, 73, -101, 93, -13, 74, 114, -42, -19, -79, -62, 26, 21, 80, -65, -116, 114, 90, -73, 50, 42, 8, -16, 2, -86, -29, 24, -91, 23, 28, 66, -22, 120, -64, -116, 48, 7, 113, -115, -87, -19, -9, 14, 120, -26, 105, 21, -124, -118, -33, 101, -86, -76, 62, -47, 17, -18, -47, 35, 40, 79, -68, -104, -83, 97, 40, -41, -109, 25, -58, 87, -32, 47, 9, 49, -83, -84, 125, -31, 118, 56, -55, -55, -21, 87, 19, -118, -58, -110, -70, -55, -112, -67, 42, -83, -52, -42, -42, 112, 73, 51, -107, 64, -117, -52, -39, -39, 107, -50, -81, -69, 108, -105, 82, -81, -77, 97, -97, -104, 126, -55, 70, -66, -128, -11, -15, -41, 27, 15, 26, -61, 36, -30, -99, -78, -11, 56, 42, 71, -86, -89, 17, -117, -97, 42, -40, 67, -71, 38, -93, 113, 125, 27, 74, 121, 95, 74, -15, 11, -18, -45, 113, 86, -102, 104, -31, -119, -71, 99, -62, -70, -9, -127, -76, 7, 57, -56, 27, -45, 46, 25, -37, 43, -89, -99, -51, -62, -26, 36, 62, -14, -86, 96, -81, -49, 93, 63, -26, 107, 37, -105, 29, -16, 39, -106, 71, -86, -36, 92, -69, -123, -18, -37, 110, -126, -88, 92, -51, 47, 121, -5, 82, 65, 62, 52, -115, 59, 79, 105, 19, 102, 73, -107, 1, -63, 25, 56, -9, 73, -64, 56, -4, 41, -77, -15, 24, 56, -116, 8, -32, -13, 48, 26, 21, -4, 107, -94, 45, 94, -60, -71, 89, 20, 30, -9, 49, -85, -16, 74, 83, -31, 56, -91, -27, -76, -94, 68, -25, -58, -76, 123, -119, 58, 29, 91, 58, -50, 64, -112, -32, 13, -22, -55, -74, 80, -54, 80, -23, -42, -108, -119, 0, -117, 0, 124, -24, -80, -33, -14, 46, 36, 108, -118, -55, -59, -10, 55, 82, 75, -111, -116, -81, -35, -116, 19, -12, -91, 115, 93, 58, 49, -63, 56, -13, -93, -75, -60, 114, 16, -51, -95, -58, 6, 40, 114, -63, 28, -117, -107, 109, 105, 47, -28, 37, -65, 5, 101, -71, 110, 108, -28, -26, -82, -37, 75, 36, -24, -36, -52, -27, 87, -88, -86, 109, 104, -32, 103, 25, -88, -60, -46, 68, 72, 4, -116, -8, 85, 52, -97, 4, -90, -41, 35, 72, -61, 44, -64, 99, 122, -76, 111, 2, 47, -99, 46, -114, -31, -37, 82, -58, -94, -18, 95, -82, -75, 26, 75, 82, 44, -49, 127, -99, -88, 39, -120, -80, 24, -46, -85, 50, 26, 4, -120, -21, -45, 52, -44, 80, -100, -104, 87, -97, 39, 122, -41, 123, 85, -116, 111, -99, -113, -46, -74, 1, 27, -125, 84, -110, 39, 80, -116, 112, 114, -39, 60, -54, 64, -16, 6, -73, 31, 7, 14, 112, 0, 63, 60, 83, 52, 86, 7, -31, -85, -42, -14, -58, -119, -17, -90, -43, -93, -55, 36, 102, -79, -59, -120, -41, -124, 47, 123, -125, 108, 79, -95, -90, 22, -4, 41, 93, 64, 123, 111, 117, 122, 53, 49, -17, 35, 39, -99, 99, 35, -106, -120, -73, 97, 116, 109, -86, 94, 73, 50, -42, 56, -95, 87, -22, -53, 56, -92, -52, -74, -61, -23, -91, 22, 59, 27, 62, -16, -111, 25, -27, -16, 83, 76, -89, -71, -123, -93, -57, 40, 38, -105, 18, 17, -77, -49, -53, -102, 90, -92, -60, -44, 81, 117, 32, -73, -116, -13, 69, 35, 8, -49, -39, 18, 105, 89, 34, 90, 71, 63, 56, 111, 80, 105, 108, -82, 1, -54, -116, -30, -124, -18, -46, 16, 73, -90, -96, -7, -79, 57, -41, 7, 64, -73, 75, -116, 33, 24, -87, -117, -126, 54, -44, -46, 123, 8, -71, -36, -13, 57, 24, -38, -100, -64, 33, -26, 8, -111, -98, 99, -71, 53, -100, -94, -94, 105, 25, -71, 5, 73, -103, -109, 44, -128, -48, 101, -70, -58, -100, -122, -82, -86, -60, -96, -107, -48, -3, -43, 86, 112, 6, -70, 28, -44, 42, 52, 118, 82, -98, -22, 73, -74, 20, -93, -120, -15, -88, 120, 113, 94, -7, -3, -10, 58, 42, -17, -113, 26, 107, 40, -63, -45, -18, -81, 40, -3, 37, -33, -54, -100, 64, 90, -105, -120, -9, 105, -108, 104, -80, 100, 58, 12, -13, 14, -99, 113, -29, -67, 86, 73, 104, -118, -93, 6, -37, 116, 83, -19, 15, 104, -18, 47, -81, 111, 22, -42, 119, 104, -7, -71, 74, 19, -123, -57, -111, -41, 57, 0, 125, 13, 114, -9, 13, 8, 80, -4, -45, -107, 77, -103, 87, 82, 14, -6, -23, -127, 75, -46, -22, 69, -123, -33, -102, 80, 57, -71, 121, -74, 3, 115, -113, 51, -42, -81, -38, 92, 61, -73, 36, -110, -62, -56, -61, 61, -41, -69, -107, -25, -41, 1, -44, -18, 51, -53, -81, 79, -70, -72, -102, 109, -37, 52, 80, -14, 29, 110, 90, -38, -37, -35, 73, 88, 1, -54, 29, -41, 83, -52, 15, 46, 117, -45, 94, -66, 70, -118, -105, -100, 66, -38, -38, 88, -94, 6, 46, -7, 4, -92, -55, -94, -120, -63, -45, 76, 120, -20, 106, -124, -77, -13, 75, 63, -74, -36, 97, 102, 37, -53, 34, -106, 44, -53, -88, 26, 109, -82, 49, -31, -91, 18, -22, -26, 41, 5, -78, -40, 73, 51, 14, -17, -110, -32, -56, -68, -85, 44, -99, 112, 58, -25, 56, -59, 20, 61, 40, -75, 101, -58, -26, -127, 37, 55, 49, -103, 35, -109, 67, -52, 6, 80, 121, 120, 116, -81, 67, -20, -89, 29, -31, 79, 97, 21, -76, -73, 15, 13, -54, 40, 86, 51, 96, 115, -73, -105, -106, -101, -8, 98, -68, -50, 91, -39, 46, -124, 125, -30, -88, -111, 125, -50, 98, 113, -49, -96, 31, 60, 99, 115, 89, 109, 26, -37, -36, -21, 39, 54, 78, -118, 24, -112, 117, -14, -86, -57, -111, -29, 118, -116, -36, 19, 61, -26, -50, 22, -69, -120, -54, -102, -81, 49, 83, -99, 48, 70, -30, -83, -83, -117, -14, -13, 40, -64, -13, -83, -2, -113, 37, -114, 110, -56, 89, -52, 34, 16, -31, 74, 48, -58, 57, -71, 73, 94, 111, -98, 5, 55, -70, -108, 48, -28, 64, 43, -78, 57, 92, -121, -95, 37, 98, -40, -30, 96, 57, 72, -48, -44, 90, -53, -104, -28, 10, -72, -85, 68, 85, -13, -85, 109, -119, 36, 82, -118, -56, -125, -31, 86, -110, -41, 31, 17, 52, 112, 49, -10, -77, 91, -51, 70, -20, -91, 72, -113, 116, -36, -72, -26, -56, -96, 53, -66, -69, 85, -60, 36, 3, -127, -67, 96, -119, -104, -26, -107, -47, 117, 101, 37, -73, -14, -87, 123, 54, -71, -50, 42, -1, 0, 114, 85, 114, 106, 5, 105, 88, -88, -87, -36, 47, 92, -47, -95, -74, -120, 107, 47, -35, 83, -27, -83, -124, -94, -58, -111, -124, -37, 103, -35, 64, 71, -104, -88, 77, 4, 15, -126, 10, -81, -91, 23, -70, -42, -73, -56, 60, 41, 20, 38, -10, 111, -89, -115, 78, 27, 65, -110, 105, 42, 118, -53, -123, 54, -84, -110, -81, -86, -125, -3, -86, -62, 118, -61, -125, -9, 100, 43, 72, -57, -64, 46, 63, -67, 97, -11, -72, 107, -14, 51, 73, 88, -42, 88, 15, -62, 14, -108, 46, -29, 29, 53, -92, -78, -10, -62, -44, 124, 16, 22, -2, 103, 2, -86, 73, -37, 25, 0, -3, -108, 81, 47, -85, 115, 86, 111, -44, 112, 46, -10, 27, 29, 39, 118, -39, -40, 84, 90, -33, -101, 117, 21, -57, 92, 118, -65, -120, 54, 121, 39, -126, 63, -27, -117, 95, -68, -43, 23, -19, 47, 22, 115, -91, -4, -96, 31, -35, 69, 31, -123, 71, -36, -15, -10, 76, 78, -114, -5, -39, -120, -40, 98, -76, -74, 36, -100, -102, -31, -31, -29, -41, -31, 63, 105, 119, 114, -25, -50, 70, 31, -38, -123, 39, 29, -30, 76, 127, 103, 61, -62, -7, -9, -122, -95, -6, -74, -5, 68, -102, -119, -24, -80, 88, -80, 57, 31, 13, 95, -118, 17, 30, -58, -68, -91, 56, -89, 25, 118, -49, -73, 95, 127, -9, -112, 63, -67, 90, -121, -118, 113, -108, 63, -6, -37, -109, -4, -41, 77, -3, -77, 81, 47, 85, -117, -3, 127, -47, -89, 20, 122, -103, -116, 98, -94, 97, 70, -34, -68, -14, 14, 55, -58, 65, -46, -20, -6, 52, -123, -65, -67, 48, -73, -29, 124, 111, -2, -20, 109, -3, 53, 11, -43, 113, -82, 81, 126, -28, 78, -64, -38, 64, 84, -29, 35, 77, -63, -38, -66, 117, -3, 36, 89, 92, 88, 118, -126, -17, 51, -67, -44, 65, -108, 25, -28, 64, -84, 88, -82, -60, 87, -75, 67, -57, 120, -127, -1, 0, 22, 40, -113, -53, 21, -30, -65, -92, 14, 39, 117, -57, 120, -11, -19, -44, 113, -72, -73, 82, -86, 28, 70, 116, 10, -95, 78, 78, 49, -65, 74, -24, -57, -42, 99, -22, 31, -57, -80, -45, -115, -20, 114, -23, 52, 16, -37, -76, 102, 37, 45, 42, -31, -28, -50, 88, 48, 36, -114, 95, 13, -58, 71, 94, 90, -119, 110, -8, -123, 48, 20, 126, -20, -79, 37, -114, 72, -24, 112, 107, -87, -31, -99, -125, -68, -68, -31, -80, 95, 64, -62, 71, -107, -49, -20, 8, 49, -78, -128, 9, -44, -99, -74, -12, -44, 82, 110, 53, -62, 111, 120, 44, -26, -54, -12, -56, -114, -64, 50, -123, -109, 66, -65, -113, -2, 106, -29, -105, 28, -37, -118, 123, -102, 90, 22, -119, -117, 18, 7, 123, -81, -119, -49, -67, -80, -51, 110, 70, -26, 33, 4, 92, -18, 1, 3, 27, -109, -90, -92, 85, -71, -8, 79, 16, 107, 41, -81, 86, -58, 101, -75, 93, 28, -88, -8, 78, 51, -106, 4, -28, 14, -71, -86, -111, -62, -46, -25, -69, 94, 83, -114, -103, 98, -33, -97, -91, 90, -95, 108, 104, 93, 57, 85, 105, 25, -92, 24, -41, -99, -119, 39, -56, -7, 85, -21, 25, -118, -121, 46, -62, 57, 0, -36, 13, 65, -50, -122, -70, -103, -69, 15, -60, -102, -50, 43, -5, 86, 23, 44, -22, -84, 83, -108, -85, -74, 113, -65, 54, -71, 30, 122, -41, 53, -60, 98, 110, 25, 48, -114, 107, 110, 75, -128, 57, -52, 108, 6, 72, 58, 107, -41, -21, -29, -102, -54, 57, -95, -111, -44, 25, 45, -89, -79, -17, -33, -93, -34, 86, -20, -91, -118, 34, -86, -14, 2, 31, -107, -108, -28, -28, -27, -76, 39, 115, -13, -82, -119, -48, 46, -58, -68, -125, -12, 91, -60, 98, -68, -76, -69, -123, 72, -114, -31, 36, 15, -110, 73, 44, -92, 99, 63, 44, 125, -11, -34, -91, -60, -47, 109, 112, 126, 76, 107, -105, 47, -85, -82, -97, 35, -57, 40, -16, 70, -53, 99, -92, 72, -13, -74, -76, 85, -128, 117, 21, -51, 55, 18, -99, 127, -9, 108, 7, -121, 49, -95, -98, 40, -8, -55, -71, -101, -48, 49, 21, -97, -33, 96, -1, 0, 70, 53, -92, -22, -3, -100, -115, -9, -83, 119, 88, -36, -118, -29, -37, -116, -111, -2, 124, -39, -1, 0, -28, 53, 6, -29, -78, 32, -56, -72, -109, -3, 102, -102, -11, -75, -34, 12, 119, 19, -75, -115, -71, 91, 2, -89, -50, 75, 109, 92, 68, 125, -90, -71, 25, -61, 43, 15, -30, -42, -116, -99, -83, -111, 8, 18, -63, 27, 15, 34, 71, -9, -83, -31, -22, -72, 37, -7, 90, 5, 36, 118, -117, -126, 9, -56, -88, -123, 83, -26, 107, -100, -73, -19, 117, -101, 17, -34, 69, 42, 121, -24, 69, 48, -117, -76, 60, 46, 124, 98, -19, 20, -1, 0, 26, -30, -70, -95, -43, -31, -105, 18, 69, 90, 99, 22, 77, 107, 88, -83, 69, 117, 111, 63, -8, 83, -58, -28, -8, 56, -51, 17, -127, 29, 43, 117, 52, -8, 99, -40, -46, 22, -87, 21, -26, -42, -94, 42, 98, -104, -49, 21, 91, 25, 24, -32, -86, -113, -99, 25, 120, 107, -19, -128, 43, -81, -3, 77, 24, -8, 100, 111, -69, -14, -83, 14, 24, -128, -29, -99, -2, -17, -54, -66, 41, -25, 103, 61, 51, -105, 94, 21, 39, -39, 98, -65, 32, 104, -119, -63, 25, -121, -67, 35, 124, -64, 31, -38, -70, 97, -61, 99, 31, -26, 55, -35, -7, 84, -113, 15, 81, -77, -75, 79, -70, -62, -114, 122, 62, 7, 26, -22, 74, -73, -11, 26, -78, -100, 22, 35, -47, 71, -104, 38, -100, -117, 32, -65, 108, -3, 43, 94, -54, 115, -15, -100, 122, 82, 121, 101, -28, 84, 45, 94, 11, 107, -10, -105, 62, -90, -120, -68, 22, -53, -9, 7, -42, -81, -117, 76, -3, -78, 42, 94, -58, -33, 102, 81, -12, -87, 115, -105, -112, -94, -102, -16, -117, 17, -89, 116, 15, -52, -47, -109, -121, 89, 70, 125, -37, 116, -49, -103, -93, -2, -81, -108, -115, 37, 81, -11, -88, -2, -82, -70, -23, 60, 68, 121, -106, -4, -87, 106, -105, -112, -2, -115, -120, 96, 77, -96, -117, -23, 91, -62, 116, 69, 90, -48, -31, 119, 45, -15, 92, 66, -66, -103, 53, 49, -62, -104, 124, 119, -93, -6, 99, -1, 0, 122, -101, -112, -66, 94, 8, 23, -63, -9, 113, -12, 31, -107, 64, 96, 15, -123, 48, 119, -9, 6, -75, 117, 120, 125, -78, -97, -38, 77, 35, -6, -112, 40, -123, -20, 45, -64, 37, 84, 124, -63, -4, 104, 90, -5, 49, -88, -56, -94, -67, -21, 124, 17, -25, -7, 86, -125, 117, -62, 34, -65, 116, 123, -85, 24, 102, 104, -40, 50, 52, -79, -87, 42, 70, -40, -49, -87, -93, 94, -10, -105, -124, 89, -116, 60, -8, 36, 103, -107, 72, -49, -46, -111, 93, -10, -6, -43, 85, -67, -117, -121, -50, -17, -48, -54, 66, 3, -8, -42, -40, -15, 101, -69, 86, 27, 46, -29, 30, 17, -39, -72, -72, 74, -36, 45, -100, 88, -114, -26, 78, 121, 21, -36, 48, -16, -64, 30, 30, 91, 87, 27, -40, 14, -51, -40, 93, -114, 37, 114, -106, 113, -69, -37, 113, 25, 18, 41, 12, -92, 114, 5, 111, 116, 0, 8, -58, -61, 106, 37, -1, 0, 108, -72, -43, -48, 101, -74, 72, 109, 1, 24, 86, 65, -52, -61, -26, 105, 47, 102, -82, 120, -81, 103, -31, 120, 44, 103, 83, 19, -65, 59, 44, -118, 27, 39, -57, 59, -41, 124, 49, 101, 88, -90, -100, -2, 78, -127, 78, 58, 94, -25, -85, -5, 37, -57, -38, 72, -105, 58, -18, 52, -6, -26, -109, 118, -125, -78, 112, -15, -95, 3, 51, -61, 5, -60, 51, -92, -94, 112, -95, -119, -27, -24, 116, 25, -45, 77, 118, -92, -79, -10, -81, -116, 3, -17, -63, 108, -1, 0, -22, -4, -22, -28, 125, -84, -68, -9, 123, -53, 8, -113, -113, 35, -111, 92, 112, -23, -14, 98, -106, -88, 61, -55, 82, -118, -32, 117, 105, -64, 44, -84, 102, 121, -84, -32, -76, -126, 73, 70, 36, 120, -93, 85, 47, -21, -128, 60, 106, -55, -79, 99, -2, 108, 95, 64, 41, 84, 125, -88, -127, -65, -59, -78, -107, 125, 49, 86, -29, -19, 7, 12, -105, -30, 46, -98, -79, -102, -58, 120, -92, -35, -53, -112, -43, 22, 29, -72, 107, -25, 67, 19, 124, -24, 50, 112, -106, 39, 61, -38, 103, -42, -82, 71, 125, 99, 47, -8, 119, 9, -23, -100, 81, 75, -61, -116, -122, 39, -48, -44, 104, -94, -76, -57, -56, -91, -8, 75, 13, 121, 53, -14, 53, 90, 94, 13, 33, -44, 18, 62, 116, -5, -36, -36, 51, 124, -21, 68, 120, 107, -22, 106, -107, -82, 24, -100, 81, -53, -73, 4, -112, 19, -121, 57, -88, 126, -90, -67, -39, 101, 36, 121, -100, -41, 85, -54, -67, 64, -84, 33, 105, -21, -110, 21, 28, -88, -32, -105, -37, 101, 0, -11, -59, 26, 62, -49, -49, -97, 126, 100, 81, -4, 32, -109, 93, 33, -27, 29, 7, -46, -93, -52, -66, 95, 74, 107, 36, -71, 69, 10, 97, -32, -94, 45, -18, 28, -3, 7, -31, 87, 96, 19, -37, -1, 0, -123, 117, 50, -6, 72, 69, 29, -92, 81, -10, 71, -46, -96, 102, 30, 95, 74, 107, 36, -41, 14, -123, 108, -79, 31, 20, -30, 41, -89, -76, 6, -2, 101, 7, -16, -94, 14, 51, -60, 6, -26, 54, -2, -111, 84, 76, -93, -2, 10, -119, -101, -2, 98, -74, 93, 86, 117, -5, 49, -36, -68, -127, -3, 101, -90, 72, 3, -52, -102, 32, -67, 111, 3, 73, -60, -38, -24, 126, 91, 84, -124, -51, -53, -112, -52, 107, -97, 65, 90, -122, -34, -36, -33, -69, -12, -83, 11, -87, -113, 74, 84, -73, 12, 126, -41, -46, -90, 46, 24, 121, -118, 90, 71, 99, 81, 113, 33, -35, -79, -27, 82, -17, -36, 106, 90, -107, 9, -119, -41, 36, 15, 42, -112, -105, 63, 107, -21, 75, 72, -83, 13, 22, -27, -114, -20, 62, 117, 33, 40, 39, 124, 122, -46, -93, 41, -50, 65, 3, -17, -87, 9, 91, 76, -97, -83, 45, 32, -102, 27, -121, -41, 71, 31, 90, -97, 124, -61, 108, 31, -70, -108, -117, -113, 53, -2, -43, 33, 114, -64, 107, -51, -3, 58, -46, -46, 85, -95, -80, -108, -99, 115, 82, 51, 18, 49, -49, -118, 86, 39, -50, -60, -23, -67, 73, 101, 86, -44, 55, -49, 52, 49, 12, 89, 85, -74, 43, -11, -91, -105, -4, 28, -36, -99, 24, -29, -61, -104, -47, 13, -50, 14, -128, 15, 44, -47, 18, -24, 100, 97, -108, 31, 12, 80, -89, 37, -64, -102, 76, 68, -35, -112, -22, -117, 24, -12, 56, -95, -1, 0, -46, 50, -20, 81, 15, -93, -41, 74, 38, -26, 59, -21, -27, 91, -17, -120, -36, -100, 122, -102, -43, 117, 57, 23, 114, 125, -72, -100, -41, -3, 32, -25, 25, 80, 61, 26, -90, -67, -112, 24, -8, -79, 93, 50, -52, 15, -113, -52, -44, -42, 111, 23, 52, -66, -89, 39, -111, 44, 81, 57, -127, -39, 52, 27, -51, 69, 78, -51, 67, 31, -59, 114, -29, -56, 87, 73, -34, -89, 92, 26, -116, -115, 19, 125, -111, -11, -91, -11, 19, -14, 63, 110, 34, 33, -64, -83, 87, 119, -107, -65, -88, 126, 85, 49, -62, -84, -45, -20, 72, 127, -86, -101, 52, 40, 118, 113, 66, 107, 119, 43, -112, 70, 51, -71, 56, -93, -35, -109, -18, 78, -124, 80, 91, 123, 120, -2, 24, -2, -90, -117, -34, 42, -115, 35, 65, -113, 26, -109, -37, -56, 62, 37, 63, 42, 19, 68, -8, 36, 98, -115, 72, 85, 65, -106, -28, -2, -30, 125, 106, 94, -43, -90, 90, 60, 122, 26, -87, -54, -40, -23, -14, -88, -66, 122, -125, -14, -89, 104, 45, -105, 26, -23, 116, -56, 32, 121, -44, 77, -54, -8, -3, -11, 73, -80, 119, 111, -107, 64, -56, -85, -127, -111, 79, 97, 54, -53, -51, 58, -99, -100, 80, -53, -98, -123, 13, 82, 105, 65, -48, -107, -6, 80, -99, -108, 108, -96, -7, -45, 66, -44, -58, 6, 118, -40, 119, 127, 90, 27, 92, 56, -24, -108, -65, -30, 58, -115, 61, 107, 93, -56, -21, 51, 125, 106, -110, 38, -39, 120, -35, -73, -18, -3, -11, 3, 115, 47, 84, 31, -22, -86, -84, -83, -1, 0, 112, -125, -4, -43, 14, 71, 27, 75, -1, 0, -22, -102, 66, 114, 96, 26, 96, 117, 90, -59, -72, 40, 54, -46, -107, -121, 36, -25, -104, -113, -99, 109, -114, 119, 102, -5, -85, 77, 6, -74, 48, 75, -100, -99, -57, -42, -113, -52, -92, 100, -100, 31, 58, 80, 37, 69, 24, 36, 102, -120, -105, 35, 93, 6, -98, 38, -109, -128, -20, 104, -83, -125, -80, -49, -122, -11, 62, -8, -127, -98, 76, -113, 49, 74, -59, -64, 35, 77, 7, -112, -83, 53, -55, -50, 36, 76, -113, 28, 102, -89, 64, -84, 112, 38, 3, -31, 108, 120, -5, -72, -84, 91, -113, 123, 4, 28, 82, -107, -72, 1, 70, 24, 48, -24, 5, 17, 37, 36, -28, -126, 87, -46, -109, -128, -58, 126, -47, -4, 92, -89, -96, -58, 115, 90, -25, 36, 107, -87, 59, -28, 126, 53, 67, -68, 1, -14, 84, -28, -11, 11, -118, 42, -54, -97, 99, 126, -70, 10, -99, 33, 101, -27, -109, -108, -25, -98, -116, 46, 125, -34, 108, -87, 62, 34, -107, -121, 3, -4, -49, -20, 77, 25, 94, 66, -71, 50, 30, 83, -74, 64, 63, -123, 39, 18, -84, 98, -77, -31, 112, -84, -95, 79, -104, 21, 17, 41, 81, -66, 6, -25, -35, -86, 43, 33, 125, 68, -113, -97, 37, -83, 119, -59, 64, 13, -52, -6, 107, -98, -97, 33, 75, 72, 88, -60, 93, 1, -23, -29, -102, -103, -72, -24, -82, 1, -33, -107, -76, 52, -66, 55, 13, -16, -3, -30, -92, 100, 109, -70, -113, -31, 31, 118, 105, 105, 65, 99, 21, -72, 99, -15, 6, -11, -94, 36, -121, -2, 26, 82, -73, 15, -44, -82, 124, -58, 40, -117, 41, -15, 56, -13, -87, 112, 21, -114, 22, 93, 53, -4, -22, 70, 65, -29, 74, 22, -32, -125, -128, 113, -14, -94, 123, 67, 102, -95, -64, 118, 52, 14, 115, -109, -73, -99, 111, -68, -41, 83, -54, 52, 57, -13, 20, -80, 76, -33, 103, 67, -27, 68, 23, 7, 24, 39, -52, -125, -67, 45, 33, 99, 49, 112, -61, 99, -8, 84, -69, -2, 111, -119, 84, -46, -63, 63, 48, 39, 56, -11, -83, 36, -52, -121, 37, -127, 30, 32, 109, 70, -112, -79, -82, 32, 109, 74, 16, 124, -85, 66, 4, 124, -31, -122, -37, 98, -105, -117, -110, 78, 115, -111, -29, -79, -94, 11, -116, -24, 78, 7, -114, 106, 105, -114, -61, -53, 97, -43, 49, -25, -118, -85, 45, -128, 44, 50, 15, 48, -37, 76, -118, 42, 93, -98, 126, 80, 91, 3, 99, -102, 34, -35, 16, 113, -128, 71, -83, 52, -28, -121, -79, 66, 75, 39, 25, 35, -109, 35, 122, -81, 36, 69, 65, -56, 25, -89, 45, 58, 72, 64, -48, 31, 93, 106, 6, 53, 109, -50, 125, 106, -42, 70, 75, 72, 66, -47, -25, 66, 51, -118, 19, -62, 63, 116, 124, -123, 60, 107, 24, -40, 28, 29, 73, -45, 90, -83, 61, -117, -81, 64, -43, -94, -56, -119, 113, -16, 38, 60, -70, -24, 71, -123, 12, -100, 125, -80, 62, 85, 126, 88, 93, 24, -85, 68, 66, -12, 7, -3, -86, -79, -115, 67, 16, 65, 35, -57, 66, 107, 104, -76, -55, 104, -26, 81, -40, -11, -58, -99, 40, -127, -37, 56, -49, -115, 101, 101, 117, 48, 8, -70, -77, 19, -82, 54, -96, 72, -60, -54, 118, -36, 116, 21, -107, -108, -94, 53, -56, 69, -111, -61, -32, 49, 3, 30, 53, 57, 29, -71, 7, -68, 119, -4, 107, 43, 40, -112, 48, -78, 124, 123, -111, -91, 110, 57, 28, -98, 92, -23, -102, -35, 101, 64, -119, 65, 35, -107, -43, -40, -6, -102, 48, 3, 59, 117, -84, -84, -88, 99, 68, -121, -38, 52, 66, -60, 71, -90, -107, -107, -107, 33, 34, 92, -60, 38, 116, 39, -50, -94, -77, 54, 25, -41, 10, 67, 99, 65, 89, 89, 82, -122, 16, 18, -48, 9, 11, 28, -73, -98, -44, 118, 99, -18, 12, -28, 86, 86, 84, -80, 54, -57, 57, -50, -70, 86, -56, -60, 121, 26, 31, -10, -84, -84, -87, 99, 102, -41, 87, -83, -119, 24, 72, 71, 77, 43, 43, 40, 36, 41, 118, 80, 72, 39, 92, 86, -111, -55, 63, 42, -54, -54, 72, 100, -7, -113, 49, -14, -51, 77, 29, -126, 3, -109, -100, 86, 86, 84, -79, 18, 82, 91, -109, -104, -109, -100, 102, -92, 119, 35, 29, 43, 43, 42, 70, 109, -16, -40, 12, -93, 24, -94, 40, -62, 18, 52, -64, -48, 86, 86, 80, -64, -108, 100, -70, 6, 59, -42, -71, -40, 54, 1, -46, -78, -78, -89, -72, -40, 68, 99, -55, -100, -21, -118, -97, 59, 16, 50, 126, -41, -27, 89, 89, 72, 9, -32, 49, 33, -70, -43, 121, 109, -29, 4, -31, 113, -83, 106, -78, -124, -35, -115, 31, -1, -39]]
2026-05-30 14:37:31:313 | [BookPort] | INFO  | com.example.BookPort.auth.controller.v1.RegistrController | RegistrController--> Sending call to AuthRegisterService.
2026-05-30 14:37:31:322 | [BookPort] | INFO  | com.example.BookPort.auth.service.AuthRegisterService | AuthRegisterService--> Inside register method.
2026-05-30 14:37:31:327 | [BookPort] | INFO  | com.example.BookPort.auth.service.AuthRegisterService | AuthRegisterService--> Checking abhogal7 already exist in staging table or not.
2026-05-30 14:37:32:137 | [BookPort] | WARN  | org.springframework.web.servlet.mvc.method.annotation.ExceptionHandlerExceptionResolver | Resolved [org.springframework.dao.IncorrectResultSizeDataAccessException: Query did not return a unique result: 2 results were returned]
2026-05-30 15:58:38:223 | [BookPort] | INFO  | com.example.BookPort.BookPortApplication | Starting BookPortApplication using Java 21.0.8 with PID 25684 (D:\Project\BookPort\bin\main started by lenovo in D:\Project\BookPort)
2026-05-30 15:58:38:340 | [BookPort] | INFO  | com.example.BookPort.BookPortApplication | No active profile set, falling back to 1 default profile: "default"
2026-05-30 15:58:38:434 | [BookPort] | INFO  | org.springframework.boot.devtools.env.DevToolsPropertyDefaultsPostProcessor | Devtools property defaults active! Set 'spring.devtools.add-properties' to 'false' to disable
2026-05-30 15:58:38:435 | [BookPort] | INFO  | org.springframework.boot.devtools.env.DevToolsPropertyDefaultsPostProcessor | For additional web related logging consider setting the 'logging.level.web' property to 'DEBUG'
2026-05-30 15:58:38:467 | [BookPort] | INFO  | org.hibernate.validator.internal.util.Version | HV000001: Hibernate Validator 9.0.1.Final
2026-05-30 15:58:39:888 | [BookPort] | INFO  | org.springframework.data.repository.config.RepositoryConfigurationDelegate | Bootstrapping Spring Data JPA repositories in DEFAULT mode.
2026-05-30 15:58:40:024 | [BookPort] | INFO  | org.springframework.data.repository.config.RepositoryConfigurationDelegate | Finished Spring Data repository scanning in 105 ms. Found 2 JPA repository interfaces.
2026-05-30 15:58:41:026 | [BookPort] | INFO  | org.springframework.boot.tomcat.TomcatWebServer | Tomcat initialized with port 8081 (http)
2026-05-30 15:58:41:052 | [BookPort] | INFO  | org.apache.coyote.http11.Http11NioProtocol | Initializing ProtocolHandler ["http-nio-8081"]
2026-05-30 15:58:41:056 | [BookPort] | INFO  | org.apache.catalina.core.StandardService | Starting service [Tomcat]
2026-05-30 15:58:41:057 | [BookPort] | INFO  | org.apache.catalina.core.StandardEngine | Starting Servlet engine: [Apache Tomcat/11.0.21]
2026-05-30 15:58:41:175 | [BookPort] | INFO  | org.springframework.boot.web.context.servlet.WebApplicationContextInitializer | Root WebApplicationContext: initialization completed in 2736 ms
2026-05-30 15:58:41:563 | [BookPort] | INFO  | org.hibernate.orm.jpa | HHH008540: Processing PersistenceUnitInfo [name: default]
2026-05-30 15:58:41:664 | [BookPort] | INFO  | org.hibernate.orm.core | HHH000001: Hibernate ORM core version 7.2.12.Final
2026-05-30 15:58:42:640 | [BookPort] | INFO  | org.springframework.orm.jpa.persistenceunit.SpringPersistenceUnitInfo | No LoadTimeWeaver setup: ignoring JPA class transformer
2026-05-30 15:58:42:727 | [BookPort] | INFO  | com.zaxxer.hikari.HikariDataSource | HikariPool-1 - Starting...
2026-05-30 15:58:43:542 | [BookPort] | INFO  | com.zaxxer.hikari.pool.HikariPool | HikariPool-1 - Added connection com.mysql.cj.jdbc.ConnectionImpl@7ba16589
2026-05-30 15:58:43:545 | [BookPort] | INFO  | com.zaxxer.hikari.HikariDataSource | HikariPool-1 - Start completed.
2026-05-30 15:58:43:795 | [BookPort] | INFO  | org.hibernate.orm.connections.pooling | HHH10001005: Database info:
	Database JDBC URL [jdbc:mysql://localhost:3306/library_management]
	Database driver: MySQL Connector/J
	Database dialect: MySQLDialect
	Database version: 8.0.39
	Default catalog/schema: library_management/undefined
	Autocommit mode: undefined/unknown
	Isolation level: REPEATABLE_READ [default REPEATABLE_READ]
	JDBC fetch size: none
	Pool: DataSourceConnectionProvider
	Minimum pool size: undefined/unknown
	Maximum pool size: undefined/unknown
2026-05-30 15:58:45:635 | [BookPort] | INFO  | org.hibernate.orm.core | HHH000489: No JTA platform available (set 'hibernate.transaction.jta.platform' to enable JTA platform integration)
2026-05-30 15:58:45:651 | [BookPort] | INFO  | org.springframework.orm.jpa.LocalContainerEntityManagerFactoryBean | Initialized JPA EntityManagerFactory for persistence unit 'default'
2026-05-30 15:58:45:846 | [BookPort] | INFO  | org.springframework.data.jpa.repository.query.QueryEnhancerFactories | Hibernate is in classpath; If applicable, HQL parser will be used.
2026-05-30 15:58:46:412 | [BookPort] | WARN  | org.springframework.boot.jpa.autoconfigure.JpaBaseConfiguration$JpaWebConfiguration | spring.jpa.open-in-view is enabled by default. Therefore, database queries may be performed during view rendering. Explicitly configure spring.jpa.open-in-view to disable this warning
2026-05-30 15:58:47:051 | [BookPort] | INFO  | org.apache.coyote.http11.Http11NioProtocol | Starting ProtocolHandler ["http-nio-8081"]
2026-05-30 15:58:47:095 | [BookPort] | INFO  | org.springframework.boot.tomcat.TomcatWebServer | Tomcat started on port 8081 (http) with context path '/'
2026-05-30 15:58:47:108 | [BookPort] | INFO  | com.example.BookPort.BookPortApplication | Started BookPortApplication in 10.069 seconds (process running for 11.376)
2026-05-30 15:58:53:651 | [BookPort] | INFO  | org.apache.catalina.core.ContainerBase.[Tomcat].[localhost].[/] | Initializing Spring DispatcherServlet 'dispatcherServlet'
2026-05-30 15:58:53:651 | [BookPort] | INFO  | org.springframework.web.servlet.DispatcherServlet | Initializing Servlet 'dispatcherServlet'
2026-05-30 15:58:53:658 | [BookPort] | INFO  | org.springframework.web.servlet.DispatcherServlet | Completed initialization in 7 ms
2026-05-30 15:58:54:135 | [BookPort] | WARN  | org.springframework.web.servlet.mvc.method.annotation.ExceptionHandlerExceptionResolver | Resolved [org.springframework.web.bind.MissingServletRequestParameterException: Required request parameter 'status' for method parameter type StatusEnum is not present]
2026-05-30 15:59:17:300 | [BookPort] | INFO  | org.springframework.boot.devtools.autoconfigure.LocalDevToolsAutoConfiguration$RestartingClassPathChangeChangedEventListener | Restarting due to 1 class path change (0 additions, 0 deletions, 1 modification)
2026-05-30 15:59:17:312 | [BookPort] | INFO  | org.springframework.boot.tomcat.GracefulShutdown | Commencing graceful shutdown. Waiting for active requests to complete
2026-05-30 15:59:17:314 | [BookPort] | INFO  | org.apache.coyote.http11.Http11NioProtocol | Pausing ProtocolHandler ["http-nio-8081"]
2026-05-30 15:59:17:324 | [BookPort] | INFO  | org.springframework.boot.tomcat.GracefulShutdown | Graceful shutdown complete
2026-05-30 15:59:17:324 | [BookPort] | INFO  | org.apache.coyote.http11.Http11NioProtocol | Stopping ProtocolHandler ["http-nio-8081"]
2026-05-30 15:59:17:327 | [BookPort] | INFO  | org.springframework.orm.jpa.LocalContainerEntityManagerFactoryBean | Closing JPA EntityManagerFactory for persistence unit 'default'
2026-05-30 15:59:17:335 | [BookPort] | INFO  | com.zaxxer.hikari.HikariDataSource | HikariPool-1 - Shutdown initiated...
2026-05-30 15:59:17:350 | [BookPort] | INFO  | com.zaxxer.hikari.HikariDataSource | HikariPool-1 - Shutdown completed.
2026-05-30 15:59:17:589 | [BookPort] | INFO  | com.example.BookPort.BookPortApplication | Starting BookPortApplication using Java 21.0.8 with PID 25684 (D:\Project\BookPort\bin\main started by lenovo in D:\Project\BookPort)
2026-05-30 15:59:17:592 | [BookPort] | INFO  | com.example.BookPort.BookPortApplication | No active profile set, falling back to 1 default profile: "default"
2026-05-30 15:59:18:243 | [BookPort] | INFO  | org.springframework.data.repository.config.RepositoryConfigurationDelegate | Bootstrapping Spring Data JPA repositories in DEFAULT mode.
2026-05-30 15:59:18:298 | [BookPort] | INFO  | org.springframework.data.repository.config.RepositoryConfigurationDelegate | Finished Spring Data repository scanning in 46 ms. Found 2 JPA repository interfaces.
2026-05-30 15:59:18:542 | [BookPort] | INFO  | org.springframework.boot.tomcat.TomcatWebServer | Tomcat initialized with port 8081 (http)
2026-05-30 15:59:18:555 | [BookPort] | INFO  | org.apache.coyote.http11.Http11NioProtocol | Initializing ProtocolHandler ["http-nio-8081"]
2026-05-30 15:59:18:559 | [BookPort] | INFO  | org.apache.catalina.core.StandardService | Starting service [Tomcat]
2026-05-30 15:59:18:560 | [BookPort] | INFO  | org.apache.catalina.core.StandardEngine | Starting Servlet engine: [Apache Tomcat/11.0.21]
2026-05-30 15:59:18:626 | [BookPort] | INFO  | org.springframework.boot.web.context.servlet.WebApplicationContextInitializer | Root WebApplicationContext: initialization completed in 1018 ms
2026-05-30 15:59:18:798 | [BookPort] | INFO  | org.hibernate.orm.jpa | HHH008540: Processing PersistenceUnitInfo [name: default]
2026-05-30 15:59:19:067 | [BookPort] | INFO  | org.springframework.orm.jpa.persistenceunit.SpringPersistenceUnitInfo | No LoadTimeWeaver setup: ignoring JPA class transformer
2026-05-30 15:59:19:070 | [BookPort] | INFO  | com.zaxxer.hikari.HikariDataSource | HikariPool-2 - Starting...
2026-05-30 15:59:19:111 | [BookPort] | INFO  | com.zaxxer.hikari.pool.HikariPool | HikariPool-2 - Added connection com.mysql.cj.jdbc.ConnectionImpl@53ee74ac
2026-05-30 15:59:19:111 | [BookPort] | INFO  | com.zaxxer.hikari.HikariDataSource | HikariPool-2 - Start completed.
2026-05-30 15:59:19:116 | [BookPort] | INFO  | org.hibernate.orm.connections.pooling | HHH10001005: Database info:
	Database JDBC URL [jdbc:mysql://localhost:3306/library_management]
	Database driver: MySQL Connector/J
	Database dialect: MySQLDialect
	Database version: 8.0.39
	Default catalog/schema: library_management/undefined
	Autocommit mode: undefined/unknown
	Isolation level: REPEATABLE_READ [default REPEATABLE_READ]
	JDBC fetch size: none
	Pool: DataSourceConnectionProvider
	Minimum pool size: undefined/unknown
	Maximum pool size: undefined/unknown
2026-05-30 15:59:19:349 | [BookPort] | INFO  | org.hibernate.orm.core | HHH000489: No JTA platform available (set 'hibernate.transaction.jta.platform' to enable JTA platform integration)
2026-05-30 15:59:19:350 | [BookPort] | INFO  | org.springframework.orm.jpa.LocalContainerEntityManagerFactoryBean | Initialized JPA EntityManagerFactory for persistence unit 'default'
2026-05-30 15:59:19:605 | [BookPort] | WARN  | org.springframework.boot.jpa.autoconfigure.JpaBaseConfiguration$JpaWebConfiguration | spring.jpa.open-in-view is enabled by default. Therefore, database queries may be performed during view rendering. Explicitly configure spring.jpa.open-in-view to disable this warning
2026-05-30 15:59:19:783 | [BookPort] | INFO  | org.apache.coyote.http11.Http11NioProtocol | Starting ProtocolHandler ["http-nio-8081"]
2026-05-30 15:59:19:791 | [BookPort] | INFO  | org.springframework.boot.tomcat.TomcatWebServer | Tomcat started on port 8081 (http) with context path '/'
2026-05-30 15:59:19:798 | [BookPort] | INFO  | com.example.BookPort.BookPortApplication | Started BookPortApplication in 2.341 seconds (process running for 44.066)
2026-05-30 15:59:19:806 | [BookPort] | INFO  | org.springframework.boot.devtools.autoconfigure.ConditionEvaluationDeltaLoggingListener | Condition evaluation unchanged
2026-05-30 15:59:28:199 | [BookPort] | INFO  | org.apache.catalina.core.ContainerBase.[Tomcat].[localhost].[/] | Initializing Spring DispatcherServlet 'dispatcherServlet'
2026-05-30 15:59:28:207 | [BookPort] | INFO  | org.springframework.web.servlet.DispatcherServlet | Initializing Servlet 'dispatcherServlet'
2026-05-30 15:59:28:209 | [BookPort] | INFO  | org.springframework.web.servlet.DispatcherServlet | Completed initialization in 2 ms
2026-05-30 15:59:28:266 | [BookPort] | INFO  | com.example.BookPort.auth.controller.v1.RegistrController | RegistrController--> Inside register method.
2026-05-30 15:59:28:268 | [BookPort] | INFO  | com.example.BookPort.common.util.IdGenerator | IdGenerator--> IdGenerator bean created for module 1
2026-05-30 15:59:28:268 | [BookPort] | INFO  | com.example.BookPort.common.util.IdGenerator | IdGenerator--> Inside generateId for module 1
2026-05-30 15:59:28:268 | [BookPort] | INFO  | com.example.BookPort.common.util.IdGenerator | IdGenerator--> current MilliSecond 1780136968268
2026-05-30 15:59:28:271 | [BookPort] | INFO  | com.example.BookPort.common.util.IdGenerator | IdGenerator--> lastTimestamp -1
2026-05-30 15:59:28:271 | [BookPort] | INFO  | com.example.BookPort.common.util.IdGenerator | IdGenerator--> counter: 0
2026-05-30 15:59:28:271 | [BookPort] | INFO  | com.example.BookPort.common.util.IdGenerator | IdGenerator--> counter post millisecond check: 0
2026-05-30 15:59:28:273 | [BookPort] | INFO  | com.example.BookPort.common.util.IdGenerator | IdGenerator--> RETURNING ID : 2615001057568268000
2026-05-30 15:59:28:275 | [BookPort] | INFO  | com.example.BookPort.auth.controller.v1.RegistrController | RegistrController--> Registration ID generated: 2615001057568268000
2026-05-30 15:59:28:275 | [BookPort] | INFO  | com.example.BookPort.common.util.IdGenerator | IdGenerator--> Inside generateId for module 1
2026-05-30 15:59:28:275 | [BookPort] | INFO  | com.example.BookPort.common.util.IdGenerator | IdGenerator--> current MilliSecond 1780136968275
2026-05-30 15:59:28:275 | [BookPort] | INFO  | com.example.BookPort.common.util.IdGenerator | IdGenerator--> lastTimestamp 1780136968268
2026-05-30 15:59:28:275 | [BookPort] | INFO  | com.example.BookPort.common.util.IdGenerator | IdGenerator--> counter: 0
2026-05-30 15:59:28:275 | [BookPort] | INFO  | com.example.BookPort.common.util.IdGenerator | IdGenerator--> counter post millisecond check: 0
2026-05-30 15:59:28:275 | [BookPort] | INFO  | com.example.BookPort.common.util.IdGenerator | IdGenerator--> RETURNING ID : 2615001057568275000
2026-05-30 15:59:28:302 | [BookPort] | INFO  | com.example.BookPort.auth.controller.v1.RegistrController | RegistrController--> Incoming request: AuthRegisterRequestDto [registrationId=2615001057568275000, username=abhogal7, name=Aman Singh Bhogal, email=aman5@example.com, mobNumber=9427461183, gender=null, dob=Sun Sep 22 00:00:00 IST 2002, status=null, createdAt=null, updatedAt=null, password=Password@123, govIdFront=[-1, -40, -1, -32, 0, 16, 74, 70, 73, 70, 0, 1, 1, 0, 0, 1, 0, 1, 0, 0, -1, -37, 0, -124, 0, 9, 6, 7, 8, 7, 6, 9, 8, 7, 8, 10, 10, 9, 11, 13, 22, 15, 13, 12, 12, 13, 27, 20, 21, 16, 22, 32, 29, 34, 34, 32, 29, 31, 31, 36, 40, 52, 44, 36, 38, 49, 39, 31, 31, 45, 61, 45, 49, 53, 55, 58, 58, 58, 35, 43, 63, 68, 63, 56, 67, 52, 57, 58, 55, 1, 10, 10, 10, 13, 12, 13, 26, 15, 15, 26, 55, 37, 31, 37, 55, 55, 55, 55, 55, 55, 55, 55, 55, 55, 55, 55, 55, 55, 55, 55, 55, 55, 55, 55, 55, 55, 55, 55, 55, 55, 55, 55, 55, 55, 55, 55, 55, 55, 55, 55, 55, 55, 55, 55, 55, 55, 55, 55, 55, 55, 55, 55, 55, 55, -1, -64, 0, 17, 8, 0, -108, 1, 14, 3, 1, 34, 0, 2, 17, 1, 3, 17, 1, -1, -60, 0, 28, 0, 0, 2, 2, 3, 1, 1, 0, 0, 0, 0, 0, 0, 0, 0, 0, 0, 3, 5, 2, 4, 0, 1, 6, 7, 8, -1, -60, 0, 65, 16, 0, 2, 1, 3, 2, 3, 5, 5, 4, 8, 5, 3, 5, 0, 0, 0, 1, 2, 3, 0, 4, 17, 33, 49, 5, 18, 65, 6, 19, 81, 97, 113, 20, 34, 50, -127, -111, 66, -95, -63, -47, 7, 21, 35, 82, 98, 114, -126, -79, 51, 67, -110, -31, -16, 22, 83, -15, 52, 68, 115, -109, -94, -1, -60, 0, 26, 1, 0, 3, 1, 1, 1, 1, 0, 0, 0, 0, 0, 0, 0, 0, 0, 0, 0, 1, 2, 3, 4, 5, 6, -1, -60, 0, 40, 17, 0, 2, 2, 1, 3, 3, 3, 4, 3, 0, 0, 0, 0, 0, 0, 0, 0, 1, 2, 17, 3, 18, 33, 49, 4, 65, 81, 5, 19, 34, 20, 21, 50, 66, 97, -127, -95, -1, -38, 0, 12, 3, 1, 0, 2, 17, 3, 17, 0, 63, 0, -13, 108, 84, -46, 38, 109, -75, -84, 2, -92, -71, 31, 9, 34, -66, -124, -15, -84, -63, 25, 27, -125, 83, -18, -21, 57, -53, 111, 83, 86, 56, -42, -127, 89, 16, -75, 32, 42, 65, -65, -122, -120, 27, 77, -121, -46, -102, 17, -91, 20, 104, -50, 58, 100, 86, -108, -7, 15, -91, 16, 107, -48, 80, 38, 25, 38, 11, -94, -88, -59, 77, -97, -97, 29, 40, 10, 40, -118, 41, -47, 45, -122, 10, 60, 86, -120, -76, 53, 20, 100, 90, 100, -123, 78, 118, -9, 70, -85, -46, -116, -79, -107, -8, -76, -95, 38, 87, 111, -70, -118, -96, -17, -110, 73, -15, -96, 65, 20, 81, 80, 84, 16, 81, -44, 80, 34, 104, -75, 97, 5, 14, 49, 86, 80, 84, 48, 38, -126, -84, 34, -44, 17, 122, -43, -120, -93, 102, 56, 85, 36, -8, 1, 89, -71, 34, -46, 101, -2, 21, 99, -19, -20, -16, 38, 22, 64, 57, -107, -67, 43, -91, -32, 118, 83, 88, 67, 50, -80, -60, -124, -12, -37, -27, 72, 56, 36, -122, -34, -19, 93, 84, -77, 96, -116, 1, -83, 117, 54, -9, -20, -17, -56, -15, -108, 108, 103, 4, 98, -72, 122, -119, 74, -24, -17, -23, -29, 30, 123, -108, 56, -68, 45, 113, 18, -27, 71, 120, -97, 9, -95, -61, 24, -122, 62, -19, 23, 3, -87, -3, -22, -67, 112, 121, -51, 7, -69, -14, -84, -93, 45, -88, -42, 81, -7, 106, 55, 29, 77, -100, -88, 10, -75, 16, -104, 27, 86, -71, 117, -92, -54, 15, 30, 15, -81, 90, -73, 24, -86, 74, 113, -118, -67, 110, -68, -29, 122, -50, 69, -60, 60, 122, 10, 42, -44, 85, 49, 82, -38, -77, 53, 52, 85, 114, 67, 96, -126, 122, -118, -33, 74, -39, -38, -94, 13, 0, 42, -67, -110, 83, 33, 71, -9, 84, 108, 60, 106, -83, 57, -71, -73, -114, -32, 2, 91, 12, 54, 34, -86, -120, 22, -33, 73, 19, -68, -50, -51, 90, -87, -86, 49, -108, 29, -97, 48, -14, -42, -15, 69, -27, -14, -84, -27, -14, -81, 112, -14, -20, 24, 90, -112, 21, 48, -75, 32, -96, 80, 34, 32, 81, 21, 107, 97, 104, -118, 40, 17, -118, 40, -118, 43, 21, 104, -86, -76, -60, 104, 10, 42, -83, 96, 90, 34, -83, 49, 27, 85, -93, 32, -88, -88, -94, -86, -48, 34, 74, 40, -56, -75, 5, 20, 116, 20, 18, 77, 22, -114, -119, 80, -116, 109, -91, 117, -10, 125, -101, -74, -70, -32, 113, -34, 91, -68, -83, 55, 46, -85, -47, -50, 118, -84, -78, -27, 88, -22, -53, -122, 55, 55, -15, 17, -16, -34, 27, 115, -60, 36, 41, 105, 17, -111, -108, 115, 31, 120, 12, 15, -99, 118, 92, 47, -77, 16, 90, 93, 36, -13, -49, -34, -29, 7, -69, 100, 26, 31, 58, -33, 10, -114, -42, 23, 105, -83, 99, 8, -52, -95, 78, -124, 109, -75, 93, 105, 88, -71, 53, -25, -26, -49, 57, 58, 92, 29, -8, -80, -62, 42, -33, 37, -104, -8, 55, 14, 25, 100, -76, -125, 87, 44, 73, 92, -111, -23, 87, 87, -70, 67, -92, 105, -112, 52, -64, -23, 75, -31, -99, -41, 99, -67, 100, -78, -76, 106, 92, 12, -80, -40, 87, 51, 77, -67, -39, -46, -100, 82, -39, 27, 19, 91, 69, 117, 35, -92, 28, -100, -5, -80, 24, -26, -96, -36, 93, -57, 113, 112, -116, -54, 65, -113, 60, -104, 29, 14, 55, -86, 50, -35, -103, 9, -25, 62, -15, -5, 62, 21, 4, -63, -15, -51, 90, -123, 25, 57, -115, 99, 2, 81, -111, -82, 40, -94, 61, 54, -96, -40, -57, -53, -93, 28, 18, 116, -51, 48, 72, -11, 21, 18, 116, -51, -94, -83, 21, -69, -83, 54, -95, -76, 120, -90, 13, -54, -93, -50, -76, 99, -120, -116, -79, -59, 78, -95, -23, 23, -123, 57, 26, 31, -91, 92, -73, 96, -121, 93, 42, 38, 95, -119, 84, 124, 63, 125, 12, 30, 125, 73, -94, -20, 18, -95, -110, -100, -118, -58, 56, -96, 70, -40, 81, 88, -20, 15, -115, 69, 23, 102, -35, -51, 68, 62, 40, 78, -58, -122, 88, -45, -95, 89, 111, -104, 81, 57, -44, -113, 120, 103, 21, 67, -100, -42, -60, -124, 81, 67, -77, -63, -41, -78, -100, 97, -83, 13, -46, -38, 115, 71, -116, -128, -83, -106, 35, -46, -88, -55, -62, 111, -29, -116, -56, -10, 83, 42, 40, -55, 102, 92, 1, 94, -73, -62, 120, -27, -107, -38, -14, 66, -31, 72, -45, -105, 108, -46, -66, -35, -53, 114, -4, 55, -71, -75, 28, -53, 33, -52, -124, 111, -118, -12, -29, -44, 77, -50, -102, 60, -41, -122, 58, 109, 51, -50, -72, 95, 12, 126, 33, 43, 34, -70, -58, 20, 106, -51, 86, 110, -72, 58, -37, 70, -54, -45, -85, -50, 14, -61, -62, -123, 11, 24, -78, 8, 57, -49, -114, 49, 86, -51, -52, 79, -126, -22, 73, 11, -128, -89, 99, 93, 50, -69, -40, -63, 85, 10, -28, -74, -110, 28, 119, -120, 84, 29, -119, 27, -42, -128, 25, -63, -34, -70, 20, -102, 62, 33, 8, -118, 126, 72, -93, 77, -78, 112, 69, 91, -31, -4, 11, -122, -36, 69, 38, 110, -3, -32, 14, 50, 113, 71, -71, 92, -117, 77, -16, 114, -22, -72, 25, 58, 81, 21, 115, -80, 63, 74, -23, 120, 21, -107, -110, 25, 94, 118, 66, -24, 112, 27, 124, -4, -85, -89, -105, -122, -16, -117, -69, 85, -73, 107, 120, -69, -48, -92, -85, 69, -128, 114, 125, 42, 101, -99, 39, -63, 81, -58, -38, -28, -13, 117, 95, 26, 42, -83, 49, -30, -36, 45, -84, 46, -28, -115, 68, -116, -120, 6, 93, -105, 26, -1, 0, -52, 85, 68, 94, -67, 43, 104, -55, 73, 90, 50, -110, 113, -39, -102, 85, -14, -93, 42, -47, 33, -127, -28, 96, -79, -93, 51, 19, -128, 20, 100, -102, -71, 63, 15, -71, -75, 115, 29, -51, -68, -79, 56, 25, 33, -41, 26, 81, -87, 45, -104, -110, 111, 116, 84, 85, -94, -94, -22, 41, -27, -113, 103, 37, -98, -38, 59, -121, -99, 17, 24, 100, -116, 106, -75, -87, 123, 63, 117, 28, -100, -79, 21, -112, 116, 35, 74, -113, 118, 23, 86, 63, 110, 85, 116, 84, -31, -10, -85, 60, -63, 93, -71, 80, 110, -34, 21, -24, 60, 22, 104, 34, -77, 17, 91, 114, -80, 93, 52, 53, -60, -89, 11, -65, -128, -107, -18, 28, -125, -15, 5, -89, 92, 39, -122, -15, 27, 107, -108, 43, 19, -92, 79, -71, 36, 87, 55, 80, -93, 37, -55, -45, -127, -72, 62, 14, -78, -39, 64, 113, -123, -50, 117, -55, 21, -69, -59, 73, 55, -9, 66, -11, -57, 90, -126, -5, 64, 88, -33, -105, 109, 49, -102, 52, -28, -53, 25, 82, 112, 119, 58, 87, -100, -7, 61, 5, -70, 23, -62, -20, -31, -121, 33, 1, 118, 39, -83, 17, -27, -18, -30, 119, -54, -110, -85, -79, 53, 97, -96, -26, -119, 79, 54, 0, -40, 120, -46, -114, 61, 8, 101, -17, 57, -80, -60, 0, 84, 85, -57, 118, 68, -66, 40, 92, -46, -76, -78, 23, 56, -44, -25, 74, -75, 110, -84, -20, 0, -86, 17, -18, 0, 26, 83, -98, 22, -63, 27, 44, -71, -83, -25, -78, 57, -15, -18, -58, -80, -122, 76, 22, 57, -94, 61, -55, 78, -103, -86, -73, 19, 16, -70, 109, 85, -60, -124, -99, 14, 107, -106, -84, -22, -70, 47, -5, 66, -79, -55, 6, -79, -7, -89, 66, 35, -40, 117, -51, 5, 1, -64, -56, -56, -85, 22, -84, -79, -125, -125, -116, -12, -95, -20, 82, -36, -81, 108, 102, 89, 88, -78, 28, -114, -92, 85, -120, -62, 62, 85, -68, 104, -83, 113, 24, 24, -48, -102, -87, 35, -14, 18, -54, -89, 94, -76, -71, 14, 11, -68, -70, 96, 26, -125, -87, 80, 58, -43, 104, -91, 36, -4, 85, 118, 50, 10, -21, -42, -109, -40, 107, 114, -77, 102, -74, 23, -101, 97, 69, -112, 5, -83, 25, 21, 62, 17, 64, -24, -120, -127, -79, -102, -113, 119, -115, -51, 16, 94, 70, -93, 86, -91, -9, 87, -103, 127, 116, -23, 70, -30, 109, 35, -52, -82, -82, 44, -117, -76, -112, 56, 89, 64, -9, 89, 70, 42, -117, 113, -69, -41, -124, -60, -20, -78, 47, -117, 111, 66, -18, 61, 107, 94, -49, -27, 94, -60, 99, 21, -55, -28, 60, -115, -117, -39, 11, 63, 55, 90, -48, -115, -87, -113, -77, -97, 10, -33, -77, -26, -76, -44, -120, -90, 80, -28, 39, 122, 34, 43, 3, -85, 17, 87, 61, -102, -119, 29, -93, -56, 112, -120, 88, -17, -96, -95, -76, 27, -127, -74, 10, -78, -122, 125, 71, 92, 83, 14, 29, 115, 29, -83, -46, -52, -124, -128, -89, 32, -99, 107, 35, -31, 55, -114, 50, -74, -14, 99, -7, 104, -16, 112, -103, -106, 104, -110, 104, -54, -93, 54, -67, 113, 81, 39, 23, -55, 113, -44, -72, 59, 11, 9, -31, -30, 48, -107, -103, 20, -13, 46, 10, -80, -50, -97, -107, 14, -17, -77, 28, 54, 75, 102, -114, 40, -42, 23, 119, 4, 58, -115, 71, -91, 57, -32, -10, 54, 118, -10, -54, -79, -59, -115, 48, 89, -66, 35, -13, -93, -67, -78, -13, 21, 26, -83, 121, -81, 43, -116, -66, 44, -12, 22, 52, -29, -14, 71, 57, -63, 120, 82, -16, -71, -104, 58, -58, -19, -51, -107, -108, 40, -55, 30, 21, -43, -107, 89, -19, 94, 57, -108, 72, -82, 10, -80, -15, 6, -86, 61, -86, -17, -51, -125, 67, -122, -36, 6, -28, 73, -101, 93, -13, 74, 114, -42, -19, -79, -62, 26, 21, 80, -65, -116, 114, 90, -73, 50, 42, 8, -16, 2, -86, -29, 24, -91, 23, 28, 66, -22, 120, -64, -116, 48, 7, 113, -115, -87, -19, -9, 14, 120, -26, 105, 21, -124, -118, -33, 101, -86, -76, 62, -47, 17, -18, -47, 35, 40, 79, -68, -104, -83, 97, 40, -41, -109, 25, -58, 87, -32, 47, 9, 49, -83, -84, 125, -31, 118, 56, -55, -55, -21, 87, 19, -118, -58, -110, -70, -55, -112, -67, 42, -83, -52, -42, -42, 112, 73, 51, -107, 64, -117, -52, -39, -39, 107, -50, -81, -69, 108, -105, 82, -81, -77, 97, -97, -104, 126, -55, 70, -66, -128, -11, -15, -41, 27, 15, 26, -61, 36, -30, -99, -78, -11, 56, 42, 71, -86, -89, 17, -117, -97, 42, -40, 67, -71, 38, -93, 113, 125, 27, 74, 121, 95, 74, -15, 11, -18, -45, 113, 86, -102, 104, -31, -119, -71, 99, -62, -70, -9, -127, -76, 7, 57, -56, 27, -45, 46, 25, -37, 43, -89, -99, -51, -62, -26, 36, 62, -14, -86, 96, -81, -49, 93, 63, -26, 107, 37, -105, 29, -16, 39, -106, 71, -86, -36, 92, -69, -123, -18, -37, 110, -126, -88, 92, -51, 47, 121, -5, 82, 65, 62, 52, -115, 59, 79, 105, 19, 102, 73, -107, 1, -63, 25, 56, -9, 73, -64, 56, -4, 41, -77, -15, 24, 56, -116, 8, -32, -13, 48, 26, 21, -4, 107, -94, 45, 94, -60, -71, 89, 20, 30, -9, 49, -85, -16, 74, 83, -31, 56, -91, -27, -76, -94, 68, -25, -58, -76, 123, -119, 58, 29, 91, 58, -50, 64, -112, -32, 13, -22, -55, -74, 80, -54, 80, -23, -42, -108, -119, 0, -117, 0, 124, -24, -80, -33, -14, 46, 36, 108, -118, -55, -59, -10, 55, 82, 75, -111, -116, -81, -35, -116, 19, -12, -91, 115, 93, 58, 49, -63, 56, -13, -93, -75, -60, 114, 16, -51, -95, -58, 6, 40, 114, -63, 28, -117, -107, 109, 105, 47, -28, 37, -65, 5, 101, -71, 110, 108, -28, -26, -82, -37, 75, 36, -24, -36, -52, -27, 87, -88, -86, 109, 104, -32, 103, 25, -88, -60, -46, 68, 72, 4, -116, -8, 85, 52, -97, 4, -90, -41, 35, 72, -61, 44, -64, 99, 122, -76, 111, 2, 47, -99, 46, -114, -31, -37, 82, -58, -94, -18, 95, -82, -75, 26, 75, 82, 44, -49, 127, -99, -88, 39, -120, -80, 24, -46, -85, 50, 26, 4, -120, -21, -45, 52, -44, 80, -100, -104, 87, -97, 39, 122, -41, 123, 85, -116, 111, -99, -113, -46, -74, 1, 27, -125, 84, -110, 39, 80, -116, 112, 114, -39, 60, -54, 64, -16, 6, -73, 31, 7, 14, 112, 0, 63, 60, 83, 52, 86, 7, -31, -85, -42, -14, -58, -119, -17, -90, -43, -93, -55, 36, 102, -79, -59, -120, -41, -124, 47, 123, -125, 108, 79, -95, -90, 22, -4, 41, 93, 64, 123, 111, 117, 122, 53, 49, -17, 35, 39, -99, 99, 35, -106, -120, -73, 97, 116, 109, -86, 94, 73, 50, -42, 56, -95, 87, -22, -53, 56, -92, -52, -74, -61, -23, -91, 22, 59, 27, 62, -16, -111, 25, -27, -16, 83, 76, -89, -71, -123, -93, -57, 40, 38, -105, 18, 17, -77, -49, -53, -102, 90, -92, -60, -44, 81, 117, 32, -73, -116, -13, 69, 35, 8, -49, -39, 18, 105, 89, 34, 90, 71, 63, 56, 111, 80, 105, 108, -82, 1, -54, -116, -30, -124, -18, -46, 16, 73, -90, -96, -7, -79, 57, -41, 7, 64, -73, 75, -116, 33, 24, -87, -117, -126, 54, -44, -46, 123, 8, -71, -36, -13, 57, 24, -38, -100, -64, 33, -26, 8, -111, -98, 99, -71, 53, -100, -94, -94, 105, 25, -71, 5, 73, -103, -109, 44, -128, -48, 101, -70, -58, -100, -122, -82, -86, -60, -96, -107, -48, -3, -43, 86, 112, 6, -70, 28, -44, 42, 52, 118, 82, -98, -22, 73, -74, 20, -93, -120, -15, -88, 120, 113, 94, -7, -3, -10, 58, 42, -17, -113, 26, 107, 40, -63, -45, -18, -81, 40, -3, 37, -33, -54, -100, 64, 90, -105, -120, -9, 105, -108, 104, -80, 100, 58, 12, -13, 14, -99, 113, -29, -67, 86, 73, 104, -118, -93, 6, -37, 116, 83, -19, 15, 104, -18, 47, -81, 111, 22, -42, 119, 104, -7, -71, 74, 19, -123, -57, -111, -41, 57, 0, 125, 13, 114, -9, 13, 8, 80, -4, -45, -107, 77, -103, 87, 82, 14, -6, -23, -127, 75, -46, -22, 69, -123, -33, -102, 80, 57, -71, 121, -74, 3, 115, -113, 51, -42, -81, -38, 92, 61, -73, 36, -110, -62, -56, -61, 61, -41, -69, -107, -25, -41, 1, -44, -18, 51, -53, -81, 79, -70, -72, -102, 109, -37, 52, 80, -14, 29, 110, 90, -38, -37, -35, 73, 88, 1, -54, 29, -41, 83, -52, 15, 46, 117, -45, 94, -66, 70, -118, -105, -100, 66, -38, -38, 88, -94, 6, 46, -7, 4, -92, -55, -94, -120, -63, -45, 76, 120, -20, 106, -124, -77, -13, 75, 63, -74, -36, 97, 102, 37, -53, 34, -106, 44, -53, -88, 26, 109, -82, 49, -31, -91, 18, -22, -26, 41, 5, -78, -40, 73, 51, 14, -17, -110, -32, -56, -68, -85, 44, -99, 112, 58, -25, 56, -59, 20, 61, 40, -75, 101, -58, -26, -127, 37, 55, 49, -103, 35, -109, 67, -52, 6, 80, 121, 120, 116, -81, 67, -20, -89, 29, -31, 79, 97, 21, -76, -73, 15, 13, -54, 40, 86, 51, 96, 115, -73, -105, -106, -101, -8, 98, -68, -50, 91, -39, 46, -124, 125, -30, -88, -111, 125, -50, 98, 113, -49, -96, 31, 60, 99, 115, 89, 109, 26, -37, -36, -21, 39, 54, 78, -118, 24, -112, 117, -14, -86, -57, -111, -29, 118, -116, -36, 19, 61, -26, -50, 22, -69, -120, -54, -102, -81, 49, 83, -99, 48, 70, -30, -83, -83, -117, -14, -13, 40, -64, -13, -83, -2, -113, 37, -114, 110, -56, 89, -52, 34, 16, -31, 74, 48, -58, 57, -71, 73, 94, 111, -98, 5, 55, -70, -108, 48, -28, 64, 43, -78, 57, 92, -121, -95, 37, 98, -40, -30, 96, 57, 72, -48, -44, 90, -53, -104, -28, 10, -72, -85, 68, 85, -13, -85, 109, -119, 36, 82, -118, -56, -125, -31, 86, -110, -41, 31, 17, 52, 112, 49, -10, -77, 91, -51, 70, -20, -91, 72, -113, 116, -36, -72, -26, -56, -96, 53, -66, -69, 85, -60, 36, 3, -127, -67, 96, -119, -104, -26, -107, -47, 117, 101, 37, -73, -14, -87, 123, 54, -71, -50, 42, -1, 0, 114, 85, 114, 106, 5, 105, 88, -88, -87, -36, 47, 92, -47, -95, -74, -120, 107, 47, -35, 83, -27, -83, -124, -94, -58, -111, -124, -37, 103, -35, 64, 71, -104, -88, 77, 4, 15, -126, 10, -81, -91, 23, -70, -42, -73, -56, 60, 41, 20, 38, -10, 111, -89, -115, 78, 27, 65, -110, 105, 42, 118, -53, -123, 54, -84, -110, -81, -86, -125, -3, -86, -62, 118, -61, -125, -9, 100, 43, 72, -57, -64, 46, 63, -67, 97, -11, -72, 107, -14, 51, 73, 88, -42, 88, 15, -62, 14, -108, 46, -29, 29, 53, -92, -78, -10, -62, -44, 124, 16, 22, -2, 103, 2, -86, 73, -37, 25, 0, -3, -108, 81, 47, -85, 115, 86, 111, -44, 112, 46, -10, 27, 29, 39, 118, -39, -40, 84, 90, -33, -101, 117, 21, -57, 92, 118, -65, -120, 54, 121, 39, -126, 63, -27, -117, 95, -68, -43, 23, -19, 47, 22, 115, -91, -4, -96, 31, -35, 69, 31, -123, 71, -36, -15, -10, 76, 78, -114, -5, -39, -120, -40, 98, -76, -74, 36, -100, -102, -31, -31, -29, -41, -31, 63, 105, 119, 114, -25, -50, 70, 31, -38, -123, 39, 29, -30, 76, 127, 103, 61, -62, -7, -9, -122, -95, -6, -74, -5, 68, -102, -119, -24, -80, 88, -80, 57, 31, 13, 95, -118, 17, 30, -58, -68, -91, 56, -89, 25, 118, -49, -73, 95, 127, -9, -112, 63, -67, 90, -121, -118, 113, -108, 63, -6, -37, -109, -4, -41, 77, -3, -77, 81, 47, 85, -117, -3, 127, -47, -89, 20, 122, -103, -116, 98, -94, 97, 70, -34, -68, -14, 14, 55, -58, 65, -46, -20, -6, 52, -123, -65, -67, 48, -73, -29, 124, 111, -2, -20, 109, -3, 53, 11, -43, 113, -82, 81, 126, -28, 78, -64, -38, 64, 84, -29, 35, 77, -63, -38, -66, 117, -3, 36, 89, 92, 88, 118, -126, -17, 51, -67, -44, 65, -108, 25, -28, 64, -84, 88, -82, -60, 87, -75, 67, -57, 120, -127, -1, 0, 22, 40, -113, -53, 21, -30, -65, -92, 14, 39, 117, -57, 120, -11, -19, -44, 113, -72, -73, 82, -86, 28, 70, 116, 10, -95, 78, 78, 49, -65, 74, -24, -57, -42, 99, -22, 31, -57, -80, -45, -115, -20, 114, -23, 52, 16, -37, -76, 102, 37, 45, 42, -31, -28, -50, 88, 48, 36, -114, 95, 13, -58, 71, 94, 90, -119, 110, -8, -123, 48, 20, 126, -20, -79, 37, -114, 72, -24, 112, 107, -87, -31, -99, -125, -68, -68, -31, -80, 95, 64, -62, 71, -107, -49, -20, 8, 49, -78, -128, 9, -44, -99, -74, -12, -44, 82, 110, 53, -62, 111, 120, 44, -26, -54, -12, -56, -114, -64, 50, -123, -109, 66, -65, -113, -2, 106, -29, -105, 28, -37, -118, 123, -102, 90, 22, -119, -117, 18, 7, 123, -81, -119, -49, -67, -80, -51, 110, 70, -26, 33, 4, 92, -18, 1, 3, 27, -109, -90, -92, 85, -71, -8, 79, 16, 107, 41, -81, 86, -58, 101, -75, 93, 28, -88, -8, 78, 51, -106, 4, -28, 14, -71, -86, -111, -62, -46, -25, -69, 94, 83, -114, -103, 98, -33, -97, -91, 90, -95, 108, 104, 93, 57, 85, 105, 25, -92, 24, -41, -99, -119, 39, -56, -7, 85, -21, 25, -118, -121, 46, -62, 57, 0, -36, 13, 65, -50, -122, -70, -103, -69, 15, -60, -102, -50, 43, -5, 86, 23, 44, -22, -84, 83, -108, -85, -74, 113, -65, 54, -71, 30, 122, -41, 53, -60, 98, 110, 25, 48, -114, 107, 110, 75, -128, 57, -52, 108, 6, 72, 58, 107, -41, -21, -29, -102, -54, 57, -95, -111, -44, 25, 45, -89, -79, -17, -33, -93, -34, 86, -20, -91, -118, 34, -86, -14, 2, 31, -107, -108, -28, -28, -27, -76, 39, 115, -13, -82, -119, -48, 46, -58, -68, -125, -12, 91, -60, 98, -68, -76, -69, -123, 72, -114, -31, 36, 15, -110, 73, 44, -92, 99, 63, 44, 125, -11, -34, -91, -60, -47, 109, 112, 126, 76, 107, -105, 47, -85, -82, -97, 35, -57, 40, -16, 70, -53, 99, -92, 72, -13, -74, -76, 85, -128, 117, 21, -51, 55, 18, -99, 127, -9, 108, 7, -121, 49, -95, -98, 40, -8, -55, -71, -101, -48, 49, 21, -97, -33, 96, -1, 0, 70, 53, -92, -22, -3, -100, -115, -9, -83, 119, 88, -36, -118, -29, -37, -116, -111, -2, 124, -39, -1, 0, -28, 53, 6, -29, -78, 32, -56, -72, -109, -3, 102, -102, -11, -75, -34, 12, 119, 19, -75, -115, -71, 91, 2, -89, -50, 75, 109, 92, 68, 125, -90, -71, 25, -61, 43, 15, -30, -42, -116, -99, -83, -111, 8, 18, -63, 27, 15, 34, 71, -9, -83, -31, -22, -72, 37, -7, 90, 5, 36, 118, -117, -126, 9, -56, -88, -123, 83, -26, 107, -100, -73, -19, 117, -101, 17, -34, 69, 42, 121, -24, 69, 48, -117, -76, 60, 46, 124, 98, -19, 20, -1, 0, 26, -30, -70, -95, -43, -31, -105, 18, 69, 90, 99, 22, 77, 107, 88, -83, 69, 117, 111, 63, -8, 83, -58, -28, -8, 56, -51, 17, -127, 29, 43, 117, 52, -8, 99, -40, -46, 22, -87, 21, -26, -42, -94, 42, 98, -104, -49, 21, 91, 25, 24, -32, -86, -113, -99, 25, 120, 107, -19, -128, 43, -81, -3, 77, 24, -8, 100, 111, -69, -14, -83, 14, 24, -128, -29, -99, -2, -17, -54, -66, 41, -25, 103, 61, 51, -105, 94, 21, 39, -39, 98, -65, 32, 104, -119, -63, 25, -121, -67, 35, 124, -64, 31, -38, -70, 97, -61, 99, 31, -26, 55, -35, -7, 84, -113, 15, 81, -77, -75, 79, -70, -62, -114, 122, 62, 7, 26, -22, 74, -73, -11, 26, -78, -100, 22, 35, -47, 71, -104, 38, -100, -117, 32, -65, 108, -3, 43, 94, -54, 115, -15, -100, 122, 82, 121, 101, -28, 84, 45, 94, 11, 107, -10, -105, 62, -90, -120, -68, 22, -53, -9, 7, -42, -81, -117, 76, -3, -78, 42, 94, -58, -33, 102, 81, -12, -87, 115, -105, -112, -94, -102, -16, -117, 17, -89, 116, 15, -52, -47, -109, -121, 89, 70, 125, -37, 116, -49, -103, -93, -2, -81, -108, -115, 37, 81, -11, -88, -2, -82, -70, -23, 60, 68, 121, -106, -4, -87, 106, -105, -112, -2, -115, -120, 96, 77, -96, -117, -23, 91, -62, 116, 69, 90, -48, -31, 119, 45, -15, 92, 66, -66, -103, 53, 49, -62, -104, 124, 119, -93, -6, 99, -1, 0, 122, -101, -112, -66, 94, 8, 23, -63, -9, 113, -12, 31, -107, 64, 96, 15, -123, 48, 119, -9, 6, -75, 117, 120, 125, -78, -97, -38, 77, 35, -6, -112, 40, -123, -20, 45, -64, 37, 84, 124, -63, -4, 104, 90, -5, 49, -88, -56, -94, -67, -21, 124, 17, -25, -7, 86, -125, 117, -62, 34, -65, 116, 123, -85, 24, 102, 104, -40, 50, 52, -79, -87, 42, 70, -40, -49, -87, -93, 94, -10, -105, -124, 89, -116, 60, -8, 36, 103, -107, 72, -49, -46, -111, 93, -10, -6, -43, 85, -67, -117, -121, -50, -17, -48, -54, 66, 3, -8, -42, -40, -15, 101, -69, 86, 27, 46, -29, 30, 17, -39, -72, -72, 74, -36, 45, -100, 88, -114, -26, 78, 121, 21, -36, 48, -16, -64, 30, 30, 91, 87, 27, -40, 14, -51, -40, 93, -114, 37, 114, -106, 113, -69, -37, 113, 25, 18, 41, 12, -92, 114, 5, 111, 116, 0, 8, -58, -61, 106, 37, -1, 0, 108, -72, -43, -48, 101, -74, 72, 109, 1, 24, 86, 65, -52, -61, -26, 105, 47, 102, -82, 120, -81, 103, -31, 120, 44, 103, 83, 19, -65, 59, 44, -118, 27, 39, -57, 59, -41, 124, 49, 101, 88, -90, -100, -2, 78, -127, 78, 58, 94, -25, -85, -5, 37, -57, -38, 72, -105, 58, -18, 52, -6, -26, -109, 118, -125, -78, 112, -15, -95, 3, 51, -61, 5, -60, 51, -92, -94, 112, -95, -119, -27, -24, 116, 25, -45, 77, 118, -92, -79, -10, -81, -116, 3, -17, -63, 108, -1, 0, -22, -4, -22, -28, 125, -84, -68, -9, 123, -53, 8, -113, -113, 35, -111, 92, 112, -23, -14, 98, -106, -88, 61, -55, 82, -118, -32, 117, 105, -64, 44, -84, 102, 121, -84, -32, -76, -126, 73, 70, 36, 120, -93, 85, 47, -21, -128, 60, 106, -55, -79, 99, -2, 108, 95, 64, 41, 84, 125, -88, -127, -65, -59, -78, -107, 125, 49, 86, -29, -19, 7, 12, -105, -30, 46, -98, -79, -102, -58, 120, -92, -35, -53, -112, -43, 22, 29, -72, 107, -25, 67, 19, 124, -24, 50, 112, -106, 39, 61, -38, 103, -42, -82, 71, 125, 99, 47, -8, 119, 9, -23, -100, 81, 75, -61, -116, -122, 39, -48, -44, 104, -94, -76, -57, -56, -91, -8, 75, 13, 121, 53, -14, 53, 90, 94, 13, 33, -44, 18, 62, 116, -5, -36, -36, 51, 124, -21, 68, 120, 107, -22, 106, -107, -82, 24, -100, 81, -53, -73, 4, -112, 19, -121, 57, -88, 126, -90, -67, -39, 101, 36, 121, -100, -41, 85, -54, -67, 64, -84, 33, 105, -21, -110, 21, 28, -88, -32, -105, -37, 101, 0, -11, -59, 26, 62, -49, -49, -97, 126, 100, 81, -4, 32, -109, 93, 33, -27, 29, 7, -46, -93, -52, -66, 95, 74, 107, 36, -71, 69, 10, 97, -32, -94, 45, -18, 28, -3, 7, -31, 87, 96, 19, -37, -1, 0, -123, 117, 50, -6, 72, 69, 29, -92, 81, -10, 71, -46, -96, 102, 30, 95, 74, 107, 36, -41, 14, -123, 108, -79, 31, 20, -30, 41, -89, -76, 6, -2, 101, 7, -16, -94, 14, 51, -60, 6, -26, 54, -2, -111, 84, 76, -93, -2, 10, -119, -101, -2, 98, -74, 93, 86, 117, -5, 49, -36, -68, -127, -3, 101, -90, 72, 3, -52, -102, 32, -67, 111, 3, 73, -60, -38, -24, 126, 91, 84, -124, -51, -53, -112, -52, 107, -97, 65, 90, -122, -34, -36, -33, -69, -12, -83, 11, -87, -113, 74, 84, -73, 12, 126, -41, -46, -90, 46, 24, 121, -118, 90, 71, 99, 81, 113, 33, -35, -79, -27, 82, -17, -36, 106, 90, -107, 9, -119, -41, 36, 15, 42, -112, -105, 63, 107, -21, 75, 72, -83, 13, 22, -27, -114, -20, 62, 117, 33, 40, 39, 124, 122, -46, -93, 41, -50, 65, 3, -17, -87, 9, 91, 76, -97, -83, 45, 32, -102, 27, -121, -41, 71, 31, 90, -97, 124, -61, 108, 31, -70, -108, -117, -113, 53, -2, -43, 33, 114, -64, 107, -51, -3, 58, -46, -46, 85, -95, -80, -108, -99, 115, 82, 51, 18, 49, -49, -118, 86, 39, -50, -60, -23, -67, 73, 101, 86, -44, 55, -49, 52, 49, 12, 89, 85, -74, 43, -11, -91, -105, -4, 28, -36, -99, 24, -29, -61, -104, -47, 13, -50, 14, -128, 15, 44, -47, 18, -24, 100, 97, -108, 31, 12, 80, -89, 37, -64, -102, 76, 68, -35, -112, -22, -117, 24, -12, 56, -95, -1, 0, -46, 50, -20, 81, 15, -93, -41, 74, 38, -26, 59, -21, -27, 91, -17, -120, -36, -100, 122, -102, -43, 117, 57, 23, 114, 125, -72, -100, -41, -3, 32, -25, 25, 80, 61, 26, -90, -67, -112, 24, -8, -79, 93, 50, -52, 15, -113, -52, -44, -42, 111, 23, 52, -66, -89, 39, -111, 44, 81, 57, -127, -39, 52, 27, -51, 69, 78, -51, 67, 31, -59, 114, -29, -56, 87, 73, -34, -89, 92, 26, -116, -115, 19, 125, -111, -11, -91, -11, 19, -14, 63, 110, 34, 33, -64, -83, 87, 119, -107, -65, -88, 126, 85, 49, -62, -84, -45, -20, 72, 127, -86, -101, 52, 40, 118, 113, 66, 107, 119, 43, -112, 70, 51, -71, 56, -93, -35, -109, -18, 78, -124, 80, 91, 123, 120, -2, 24, -2, -90, -117, -34, 42, -115, 35, 65, -113, 26, -109, -37, -56, 62, 37, 63, 42, 19, 68, -8, 36, 98, -115, 72, 85, 65, -106, -28, -2, -30, 125, 106, 94, -43, -90, 90, 60, 122, 26, -87, -54, -40, -23, -14, -88, -66, 122, -125, -14, -89, 104, 45, -105, 26, -23, 116, -56, 32, 121, -44, 77, -54, -8, -3, -11, 73, -80, 119, 111, -107, 64, -56, -85, -127, -111, 79, 97, 54, -53, -51, 58, -99, -100, 80, -53, -98, -123, 13, 82, 105, 65, -48, -107, -6, 80, -99, -108, 108, -96, -7, -45, 66, -44, -58, 6, 118, -40, 119, 127, 90, 27, 92, 56, -24, -108, -65, -30, 58, -115, 61, 107, 93, -56, -21, 51, 125, 106, -110, 38, -39, 120, -35, -73, -18, -3, -11, 3, 115, 47, 84, 31, -22, -86, -84, -83, -1, 0, 112, -125, -4, -43, 14, 71, 27, 75, -1, 0, -22, -102, 66, 114, 96, 26, 96, 117, 90, -59, -72, 40, 54, -46, -107, -121, 36, -25, -104, -113, -99, 109, -114, 119, 102, -5, -85, 77, 6, -74, 48, 75, -100, -99, -57, -42, -113, -52, -92, 100, -100, 31, 58, 80, 37, 69, 24, 36, 102, -120, -105, 35, 93, 6, -98, 38, -109, -128, -20, 104, -83, -125, -80, -49, -122, -11, 62, -8, -127, -98, 76, -113, 49, 74, -59, -64, 35, 77, 7, -112, -83, 53, -55, -50, 36, 76, -113, 28, 102, -89, 64, -84, 112, 38, 3, -31, 108, 120, -5, -72, -84, 91, -113, 123, 4, 28, 82, -107, -72, 1, 70, 24, 48, -24, 5, 17, 37, 36, -28, -126, 87, -46, -109, -128, -58, 126, -47, -4, 92, -89, -96, -58, 115, 90, -25, 36, 107, -87, 59, -28, 126, 53, 67, -68, 1, -14, 84, -28, -11, 11, -118, 42, -54, -97, 99, 126, -70, 10, -99, 33, 101, -27, -109, -108, -25, -98, -116, 46, 125, -34, 108, -87, 62, 34, -107, -121, 3, -4, -49, -20, 77, 25, 94, 66, -71, 50, 30, 83, -74, 64, 63, -123, 39, 18, -84, 98, -77, -31, 112, -84, -95, 79, -104, 21, 17, 41, 81, -66, 6, -25, -35, -86, 43, 33, 125, 68, -113, -97, 37, -83, 119, -59, 64, 13, -52, -6, 107, -98, -97, 33, 75, 72, 88, -60, 93, 1, -23, -29, -102, -103, -72, -24, -82, 1, -33, -107, -76, 52, -66, 55, 13, -16, -3, -30, -92, 100, 109, -70, -113, -31, 31, 118, 105, 105, 65, 99, 21, -72, 99, -15, 6, -11, -94, 36, -121, -2, 26, 82, -73, 15, -44, -82, 124, -58, 40, -117, 41, -15, 56, -13, -87, 112, 21, -114, 22, 93, 53, -4, -22, 70, 65, -29, 74, 22, -32, -125, -128, 113, -14, -94, 123, 67, 102, -95, -64, 118, 52, 14, 115, -109, -73, -99, 111, -68, -41, 83, -54, 52, 57, -13, 20, -80, 76, -33, 103, 67, -27, 68, 23, 7, 24, 39, -52, -125, -67, 45, 33, 99, 49, 112, -61, 99, -8, 84, -69, -2, 111, -119, 84, -46, -63, 63, 48, 39, 56, -11, -83, 36, -52, -121, 37, -127, 30, 32, 109, 70, -112, -79, -82, 32, 109, 74, 16, 124, -85, 66, 4, 124, -31, -122, -37, 98, -105, -117, -110, 78, 115, -111, -29, -79, -94, 11, -116, -24, 78, 7, -114, 106, 105, -114, -61, -53, 97, -43, 49, -25, -118, -85, 45, -128, 44, 50, 15, 48, -37, 76, -118, 42, 93, -98, 126, 80, 91, 3, 99, -102, 34, -35, 16, 113, -128, 71, -83, 52, -28, -121, -79, 66, 75, 39, 25, 35, -109, 35, 122, -81, 36, 69, 65, -56, 25, -89, 45, 58, 72, 64, -48, 31, 93, 106, 6, 53, 109, -50, 125, 106, -42, 70, 75, 72, 66, -47, -25, 66, 51, -118, 19, -62, 63, 116, 124, -123, 60, 107, 24, -40, 28, 29, 73, -45, 90, -83, 61, -117, -81, 64, -43, -94, -56, -119, 113, -16, 38, 60, -70, -24, 71, -123, 12, -100, 125, -80, 62, 85, 126, 88, 93, 24, -85, 68, 66, -12, 7, -3, -86, -79, -115, 67, 16, 65, 35, -57, 66, 107, 104, -76, -55, 104, -26, 81, -40, -11, -58, -99, 40, -127, -37, 56, -49, -115, 101, 101, 117, 48, 8, -70, -77, 19, -82, 54, -96, 72, -60, -54, 118, -36, 116, 21, -107, -108, -94, 53, -56, 69, -111, -61, -32, 49, 3, 30, 53, 57, 29, -71, 7, -68, 119, -4, 107, 43, 40, -112, 48, -78, 124, 123, -111, -91, 110, 57, 28, -98, 92, -23, -102, -35, 101, 64, -119, 65, 35, -107, -43, -40, -6, -102, 48, 3, 59, 117, -84, -84, -88, 99, 68, -121, -38, 52, 66, -60, 71, -90, -107, -107, -107, 33, 34, 92, -60, 38, 116, 39, -50, -94, -77, 54, 25, -41, 10, 67, 99, 65, 89, 89, 82, -122, 16, 18, -48, 9, 11, 28, -73, -98, -44, 118, 99, -18, 12, -28, 86, 86, 84, -80, 54, -57, 57, -50, -70, 86, -56, -60, 121, 26, 31, -10, -84, -84, -87, 99, 102, -41, 87, -83, -119, 24, 72, 71, 77, 43, 43, 40, 36, 41, 118, 80, 72, 39, 92, 86, -111, -55, 63, 42, -54, -54, 72, 100, -7, -113, 49, -14, -51, 77, 29, -126, 3, -109, -100, 86, 86, 84, -79, 18, 82, 91, -109, -104, -109, -100, 102, -92, 119, 35, 29, 43, 43, 42, 70, 109, -16, -40, 12, -93, 24, -94, 40, -62, 18, 52, -64, -48, 86, 86, 80, -64, -108, 100, -70, 6, 59, -42, -71, -40, 54, 1, -46, -78, -78, -89, -72, -40, 68, 99, -55, -100, -21, -118, -97, 59, 16, 50, 126, -41, -27, 89, 89, 72, 9, -32, 49, 33, -70, -43, 121, 109, -29, 4, -31, 113, -83, 106, -78, -124, -35, -115, 31, -1, -39], govIdBack=[-1, -40, -1, -32, 0, 16, 74, 70, 73, 70, 0, 1, 1, 0, 0, 1, 0, 1, 0, 0, -1, -37, 0, -124, 0, 9, 6, 7, 8, 7, 6, 9, 8, 7, 8, 10, 10, 9, 11, 13, 22, 15, 13, 12, 12, 13, 27, 20, 21, 16, 22, 32, 29, 34, 34, 32, 29, 31, 31, 36, 40, 52, 44, 36, 38, 49, 39, 31, 31, 45, 61, 45, 49, 53, 55, 58, 58, 58, 35, 43, 63, 68, 63, 56, 67, 52, 57, 58, 55, 1, 10, 10, 10, 13, 12, 13, 26, 15, 15, 26, 55, 37, 31, 37, 55, 55, 55, 55, 55, 55, 55, 55, 55, 55, 55, 55, 55, 55, 55, 55, 55, 55, 55, 55, 55, 55, 55, 55, 55, 55, 55, 55, 55, 55, 55, 55, 55, 55, 55, 55, 55, 55, 55, 55, 55, 55, 55, 55, 55, 55, 55, 55, 55, 55, -1, -64, 0, 17, 8, 0, -108, 1, 14, 3, 1, 34, 0, 2, 17, 1, 3, 17, 1, -1, -60, 0, 28, 0, 0, 2, 2, 3, 1, 1, 0, 0, 0, 0, 0, 0, 0, 0, 0, 0, 3, 5, 2, 4, 0, 1, 6, 7, 8, -1, -60, 0, 65, 16, 0, 2, 1, 3, 2, 3, 5, 5, 4, 8, 5, 3, 5, 0, 0, 0, 1, 2, 3, 0, 4, 17, 33, 49, 5, 18, 65, 6, 19, 81, 97, 113, 20, 34, 50, -127, -111, 66, -95, -63, -47, 7, 21, 35, 82, 98, 114, -126, -79, 51, 67, -110, -31, -16, 22, 83, -15, 52, 68, 115, -109, -94, -1, -60, 0, 26, 1, 0, 3, 1, 1, 1, 1, 0, 0, 0, 0, 0, 0, 0, 0, 0, 0, 0, 1, 2, 3, 4, 5, 6, -1, -60, 0, 40, 17, 0, 2, 2, 1, 3, 3, 3, 4, 3, 0, 0, 0, 0, 0, 0, 0, 0, 1, 2, 17, 3, 18, 33, 49, 4, 65, 81, 5, 19, 34, 20, 21, 50, 66, 97, -127, -95, -1, -38, 0, 12, 3, 1, 0, 2, 17, 3, 17, 0, 63, 0, -13, 108, 84, -46, 38, 109, -75, -84, 2, -92, -71, 31, 9, 34, -66, -124, -15, -84, -63, 25, 27, -125, 83, -18, -21, 57, -53, 111, 83, 86, 56, -42, -127, 89, 16, -75, 32, 42, 65, -65, -122, -120, 27, 77, -121, -46, -102, 17, -91, 20, 104, -50, 58, 100, 86, -108, -7, 15, -91, 16, 107, -48, 80, 38, 25, 38, 11, -94, -88, -59, 77, -97, -97, 29, 40, 10, 40, -118, 41, -47, 45, -122, 10, 60, 86, -120, -76, 53, 20, 100, 90, 100, -123, 78, 118, -9, 70, -85, -46, -116, -79, -107, -8, -76, -95, 38, 87, 111, -70, -118, -96, -17, -110, 73, -15, -96, 65, 20, 81, 80, 84, 16, 81, -44, 80, 34, 104, -75, 97, 5, 14, 49, 86, 80, 84, 48, 38, -126, -84, 34, -44, 17, 122, -43, -120, -93, 102, 56, 85, 36, -8, 1, 89, -71, 34, -46, 101, -2, 21, 99, -19, -20, -16, 38, 22, 64, 57, -107, -67, 43, -91, -32, 118, 83, 88, 67, 50, -80, -60, -124, -12, -37, -27, 72, 56, 36, -122, -34, -19, 93, 84, -77, 96, -116, 1, -83, 117, 54, -9, -20, -17, -56, -15, -108, 108, 103, 4, 98, -72, 122, -119, 74, -24, -17, -23, -29, 30, 123, -108, 56, -68, 45, 113, 18, -27, 71, 120, -97, 9, -95, -61, 24, -122, 62, -19, 23, 3, -87, -3, -22, -67, 112, 121, -51, 7, -69, -14, -84, -93, 45, -88, -42, 81, -7, 106, 55, 29, 77, -100, -88, 10, -75, 16, -104, 27, 86, -71, 117, -92, -54, 15, 30, 15, -81, 90, -73, 24, -86, 74, 113, -118, -67, 110, -68, -29, 122, -50, 69, -60, 60, 122, 10, 42, -44, 85, 49, 82, -38, -77, 53, 52, 85, 114, 67, 96, -126, 122, -118, -33, 74, -39, -38, -94, 13, 0, 42, -67, -110, 83, 33, 71, -9, 84, 108, 60, 106, -83, 57, -71, -73, -114, -32, 2, 91, 12, 54, 34, -86, -120, 22, -33, 73, 19, -68, -50, -51, 90, -87, -86, 49, -108, 29, -97, 48, -14, -42, -15, 69, -27, -14, -84, -27, -14, -81, 112, -14, -20, 24, 90, -112, 21, 48, -75, 32, -96, 80, 34, 32, 81, 21, 107, 97, 104, -118, 40, 17, -118, 40, -118, 43, 21, 104, -86, -76, -60, 104, 10, 42, -83, 96, 90, 34, -83, 49, 27, 85, -93, 32, -88, -88, -94, -86, -48, 34, 74, 40, -56, -75, 5, 20, 116, 20, 18, 77, 22, -114, -119, 80, -116, 109, -91, 117, -10, 125, -101, -74, -70, -32, 113, -34, 91, -68, -83, 55, 46, -85, -47, -50, 118, -84, -78, -27, 88, -22, -53, -122, 55, 55, -15, 17, -16, -34, 27, 115, -60, 36, 41, 105, 17, -111, -108, 115, 31, 120, 12, 15, -99, 118, 92, 47, -77, 16, 90, 93, 36, -13, -49, -34, -29, 7, -69, 100, 26, 31, 58, -33, 10, -114, -42, 23, 105, -83, 99, 8, -52, -95, 78, -124, 109, -75, 93, 105, 88, -71, 53, -25, -26, -49, 57, 58, 92, 29, -8, -80, -62, 42, -33, 37, -104, -8, 55, 14, 25, 100, -76, -125, 87, 44, 73, 92, -111, -23, 87, 87, -70, 67, -92, 105, -112, 52, -64, -23, 75, -31, -99, -41, 99, -67, 100, -78, -76, 106, 92, 12, -80, -40, 87, 51, 77, -67, -39, -46, -100, 82, -39, 27, 19, 91, 69, 117, 35, -92, 28, -100, -5, -80, 24, -26, -96, -36, 93, -57, 113, 112, -116, -54, 65, -113, 60, -104, 29, 14, 55, -86, 50, -35, -103, 9, -25, 62, -15, -5, 62, 21, 4, -63, -15, -51, 90, -123, 25, 57, -115, 99, 2, 81, -111, -82, 40, -94, 61, 54, -96, -40, -57, -53, -93, 28, 18, 116, -51, 48, 72, -11, 21, 18, 116, -51, -94, -83, 21, -69, -83, 54, -95, -76, 120, -90, 13, -54, -93, -50, -76, 99, -120, -116, -79, -59, 78, -95, -23, 23, -123, 57, 26, 31, -91, 92, -73, 96, -121, 93, 42, 38, 95, -119, 84, 124, 63, 125, 12, 30, 125, 73, -94, -20, 18, -95, -110, -100, -118, -58, 56, -96, 70, -40, 81, 88, -20, 15, -115, 69, 23, 102, -35, -51, 68, 62, 40, 78, -58, -122, 88, -45, -95, 89, 111, -104, 81, 57, -44, -113, 120, 103, 21, 67, -100, -42, -60, -124, 81, 67, -77, -63, -41, -78, -100, 97, -83, 13, -46, -38, 115, 71, -116, -128, -83, -106, 35, -46, -88, -55, -62, 111, -29, -116, -56, -10, 83, 42, 40, -55, 102, 92, 1, 94, -73, -62, 120, -27, -107, -38, -14, 66, -31, 72, -45, -105, 108, -46, -66, -35, -53, 114, -4, 55, -71, -75, 28, -53, 33, -52, -124, 111, -118, -12, -29, -44, 77, -50, -102, 60, -41, -122, 58, 109, 51, -50, -72, 95, 12, 126, 33, 43, 34, -70, -58, 20, 106, -51, 86, 110, -72, 58, -37, 70, -54, -45, -85, -50, 14, -61, -62, -123, 11, 24, -78, 8, 57, -49, -114, 49, 86, -51, -52, 79, -126, -22, 73, 11, -128, -89, 99, 93, 50, -69, -40, -63, 85, 10, -28, -74, -110, 28, 119, -120, 84, 29, -119, 27, -42, -128, 25, -63, -34, -70, 20, -102, 62, 33, 8, -118, 126, 72, -93, 77, -78, 112, 69, 91, -31, -4, 11, -122, -36, 69, 38, 110, -3, -32, 14, 50, 113, 71, -71, 92, -117, 77, -16, 114, -22, -72, 25, 58, 81, 21, 115, -80, 63, 74, -23, 120, 21, -107, -110, 25, 94, 118, 66, -24, 112, 27, 124, -4, -85, -89, -105, -122, -16, -117, -69, 85, -73, 107, 120, -69, -48, -92, -85, 69, -128, 114, 125, 42, 101, -99, 39, -63, 81, -58, -38, -28, -13, 117, 95, 26, 42, -83, 49, -30, -36, 45, -84, 46, -28, -115, 68, -116, -120, 6, 93, -105, 26, -1, 0, -52, 85, 68, 94, -67, 43, 104, -55, 73, 90, 50, -110, 113, -39, -102, 85, -14, -93, 42, -47, 33, -127, -28, 96, -79, -93, 51, 19, -128, 20, 100, -102, -71, 63, 15, -71, -75, 115, 29, -51, -68, -79, 56, 25, 33, -41, 26, 81, -87, 45, -104, -110, 111, 116, 84, 85, -94, -94, -22, 41, -27, -113, 103, 37, -98, -38, 59, -121, -99, 17, 24, 100, -116, 106, -75, -87, 123, 63, 117, 28, -100, -79, 21, -112, 116, 35, 74, -113, 118, 23, 86, 63, 110, 85, 116, 84, -31, -10, -85, 60, -63, 93, -71, 80, 110, -34, 21, -24, 60, 22, 104, 34, -77, 17, 91, 114, -80, 93, 52, 53, -60, -89, 11, -65, -128, -107, -18, 28, -125, -15, 5, -89, 92, 39, -122, -15, 27, 107, -108, 43, 19, -92, 79, -71, 36, 87, 55, 80, -93, 37, -55, -45, -127, -72, 62, 14, -78, -39, 64, 113, -123, -50, 117, -55, 21, -69, -59, 73, 55, -9, 66, -11, -57, 90, -126, -5, 64, 88, -33, -105, 109, 49, -102, 52, -28, -53, 25, 82, 112, 119, 58, 87, -100, -7, 61, 5, -70, 23, -62, -20, -31, -121, 33, 1, 118, 39, -83, 17, -27, -18, -30, 119, -54, -110, -85, -79, 53, 97, -96, -26, -119, 79, 54, 0, -40, 120, -46, -114, 61, 8, 101, -17, 57, -80, -60, 0, 84, 85, -57, 118, 68, -66, 40, 92, -46, -76, -78, 23, 56, -44, -25, 74, -75, 110, -84, -20, 0, -86, 17, -18, 0, 26, 83, -98, 22, -63, 27, 44, -71, -83, -25, -78, 57, -15, -18, -58, -80, -122, 76, 22, 57, -94, 61, -55, 78, -103, -86, -73, 19, 16, -70, 109, 85, -60, -124, -99, 14, 107, -106, -84, -22, -70, 47, -5, 66, -79, -55, 6, -79, -7, -89, 66, 35, -40, 117, -51, 5, 1, -64, -56, -56, -85, 22, -84, -79, -125, -125, -116, -12, -95, -20, 82, -36, -81, 108, 102, 89, 88, -78, 28, -114, -92, 85, -120, -62, 62, 85, -68, 104, -83, 113, 24, 24, -48, -102, -87, 35, -14, 18, -54, -89, 94, -76, -71, 14, 11, -68, -70, 96, 26, -125, -87, 80, 58, -43, 104, -91, 36, -4, 85, 118, 50, 10, -21, -42, -109, -40, 107, 114, -77, 102, -74, 23, -101, 97, 69, -112, 5, -83, 25, 21, 62, 17, 64, -24, -120, -127, -79, -102, -113, 119, -115, -51, 16, 94, 70, -93, 86, -91, -9, 87, -103, 127, 116, -23, 70, -30, 109, 35, -52, -82, -82, 44, -117, -76, -112, 56, 89, 64, -9, 89, 70, 42, -117, 113, -69, -41, -124, -60, -20, -78, 47, -117, 111, 66, -18, 61, 107, 94, -49, -27, 94, -60, 99, 21, -55, -28, 60, -115, -117, -39, 11, 63, 55, 90, -48, -115, -87, -113, -77, -97, 10, -33, -77, -26, -76, -44, -120, -90, 80, -28, 39, 122, 34, 43, 3, -85, 17, 87, 61, -102, -119, 29, -93, -56, 112, -120, 88, -17, -96, -95, -76, 27, -127, -74, 10, -78, -122, 125, 71, 92, 83, 14, 29, 115, 29, -83, -46, -52, -124, -128, -89, 32, -99, 107, 35, -31, 55, -114, 50, -74, -14, 99, -7, 104, -16, 112, -103, -106, 104, -110, 104, -54, -93, 54, -67, 113, 81, 39, 23, -55, 113, -44, -72, 59, 11, 9, -31, -30, 48, -107, -103, 20, -13, 46, 10, -80, -50, -97, -107, 14, -17, -77, 28, 54, 75, 102, -114, 40, -42, 23, 119, 4, 58, -115, 71, -91, 57, -32, -10, 54, 118, -10, -54, -79, -59, -115, 48, 89, -66, 35, -13, -93, -67, -78, -13, 21, 26, -83, 121, -81, 43, -116, -66, 44, -12, 22, 52, -29, -14, 71, 57, -63, 120, 82, -16, -71, -104, 58, -58, -19, -51, -107, -108, 40, -55, 30, 21, -43, -107, 89, -19, 94, 57, -108, 72, -82, 10, -80, -15, 6, -86, 61, -86, -17, -51, -125, 67, -122, -36, 6, -28, 73, -101, 93, -13, 74, 114, -42, -19, -79, -62, 26, 21, 80, -65, -116, 114, 90, -73, 50, 42, 8, -16, 2, -86, -29, 24, -91, 23, 28, 66, -22, 120, -64, -116, 48, 7, 113, -115, -87, -19, -9, 14, 120, -26, 105, 21, -124, -118, -33, 101, -86, -76, 62, -47, 17, -18, -47, 35, 40, 79, -68, -104, -83, 97, 40, -41, -109, 25, -58, 87, -32, 47, 9, 49, -83, -84, 125, -31, 118, 56, -55, -55, -21, 87, 19, -118, -58, -110, -70, -55, -112, -67, 42, -83, -52, -42, -42, 112, 73, 51, -107, 64, -117, -52, -39, -39, 107, -50, -81, -69, 108, -105, 82, -81, -77, 97, -97, -104, 126, -55, 70, -66, -128, -11, -15, -41, 27, 15, 26, -61, 36, -30, -99, -78, -11, 56, 42, 71, -86, -89, 17, -117, -97, 42, -40, 67, -71, 38, -93, 113, 125, 27, 74, 121, 95, 74, -15, 11, -18, -45, 113, 86, -102, 104, -31, -119, -71, 99, -62, -70, -9, -127, -76, 7, 57, -56, 27, -45, 46, 25, -37, 43, -89, -99, -51, -62, -26, 36, 62, -14, -86, 96, -81, -49, 93, 63, -26, 107, 37, -105, 29, -16, 39, -106, 71, -86, -36, 92, -69, -123, -18, -37, 110, -126, -88, 92, -51, 47, 121, -5, 82, 65, 62, 52, -115, 59, 79, 105, 19, 102, 73, -107, 1, -63, 25, 56, -9, 73, -64, 56, -4, 41, -77, -15, 24, 56, -116, 8, -32, -13, 48, 26, 21, -4, 107, -94, 45, 94, -60, -71, 89, 20, 30, -9, 49, -85, -16, 74, 83, -31, 56, -91, -27, -76, -94, 68, -25, -58, -76, 123, -119, 58, 29, 91, 58, -50, 64, -112, -32, 13, -22, -55, -74, 80, -54, 80, -23, -42, -108, -119, 0, -117, 0, 124, -24, -80, -33, -14, 46, 36, 108, -118, -55, -59, -10, 55, 82, 75, -111, -116, -81, -35, -116, 19, -12, -91, 115, 93, 58, 49, -63, 56, -13, -93, -75, -60, 114, 16, -51, -95, -58, 6, 40, 114, -63, 28, -117, -107, 109, 105, 47, -28, 37, -65, 5, 101, -71, 110, 108, -28, -26, -82, -37, 75, 36, -24, -36, -52, -27, 87, -88, -86, 109, 104, -32, 103, 25, -88, -60, -46, 68, 72, 4, -116, -8, 85, 52, -97, 4, -90, -41, 35, 72, -61, 44, -64, 99, 122, -76, 111, 2, 47, -99, 46, -114, -31, -37, 82, -58, -94, -18, 95, -82, -75, 26, 75, 82, 44, -49, 127, -99, -88, 39, -120, -80, 24, -46, -85, 50, 26, 4, -120, -21, -45, 52, -44, 80, -100, -104, 87, -97, 39, 122, -41, 123, 85, -116, 111, -99, -113, -46, -74, 1, 27, -125, 84, -110, 39, 80, -116, 112, 114, -39, 60, -54, 64, -16, 6, -73, 31, 7, 14, 112, 0, 63, 60, 83, 52, 86, 7, -31, -85, -42, -14, -58, -119, -17, -90, -43, -93, -55, 36, 102, -79, -59, -120, -41, -124, 47, 123, -125, 108, 79, -95, -90, 22, -4, 41, 93, 64, 123, 111, 117, 122, 53, 49, -17, 35, 39, -99, 99, 35, -106, -120, -73, 97, 116, 109, -86, 94, 73, 50, -42, 56, -95, 87, -22, -53, 56, -92, -52, -74, -61, -23, -91, 22, 59, 27, 62, -16, -111, 25, -27, -16, 83, 76, -89, -71, -123, -93, -57, 40, 38, -105, 18, 17, -77, -49, -53, -102, 90, -92, -60, -44, 81, 117, 32, -73, -116, -13, 69, 35, 8, -49, -39, 18, 105, 89, 34, 90, 71, 63, 56, 111, 80, 105, 108, -82, 1, -54, -116, -30, -124, -18, -46, 16, 73, -90, -96, -7, -79, 57, -41, 7, 64, -73, 75, -116, 33, 24, -87, -117, -126, 54, -44, -46, 123, 8, -71, -36, -13, 57, 24, -38, -100, -64, 33, -26, 8, -111, -98, 99, -71, 53, -100, -94, -94, 105, 25, -71, 5, 73, -103, -109, 44, -128, -48, 101, -70, -58, -100, -122, -82, -86, -60, -96, -107, -48, -3, -43, 86, 112, 6, -70, 28, -44, 42, 52, 118, 82, -98, -22, 73, -74, 20, -93, -120, -15, -88, 120, 113, 94, -7, -3, -10, 58, 42, -17, -113, 26, 107, 40, -63, -45, -18, -81, 40, -3, 37, -33, -54, -100, 64, 90, -105, -120, -9, 105, -108, 104, -80, 100, 58, 12, -13, 14, -99, 113, -29, -67, 86, 73, 104, -118, -93, 6, -37, 116, 83, -19, 15, 104, -18, 47, -81, 111, 22, -42, 119, 104, -7, -71, 74, 19, -123, -57, -111, -41, 57, 0, 125, 13, 114, -9, 13, 8, 80, -4, -45, -107, 77, -103, 87, 82, 14, -6, -23, -127, 75, -46, -22, 69, -123, -33, -102, 80, 57, -71, 121, -74, 3, 115, -113, 51, -42, -81, -38, 92, 61, -73, 36, -110, -62, -56, -61, 61, -41, -69, -107, -25, -41, 1, -44, -18, 51, -53, -81, 79, -70, -72, -102, 109, -37, 52, 80, -14, 29, 110, 90, -38, -37, -35, 73, 88, 1, -54, 29, -41, 83, -52, 15, 46, 117, -45, 94, -66, 70, -118, -105, -100, 66, -38, -38, 88, -94, 6, 46, -7, 4, -92, -55, -94, -120, -63, -45, 76, 120, -20, 106, -124, -77, -13, 75, 63, -74, -36, 97, 102, 37, -53, 34, -106, 44, -53, -88, 26, 109, -82, 49, -31, -91, 18, -22, -26, 41, 5, -78, -40, 73, 51, 14, -17, -110, -32, -56, -68, -85, 44, -99, 112, 58, -25, 56, -59, 20, 61, 40, -75, 101, -58, -26, -127, 37, 55, 49, -103, 35, -109, 67, -52, 6, 80, 121, 120, 116, -81, 67, -20, -89, 29, -31, 79, 97, 21, -76, -73, 15, 13, -54, 40, 86, 51, 96, 115, -73, -105, -106, -101, -8, 98, -68, -50, 91, -39, 46, -124, 125, -30, -88, -111, 125, -50, 98, 113, -49, -96, 31, 60, 99, 115, 89, 109, 26, -37, -36, -21, 39, 54, 78, -118, 24, -112, 117, -14, -86, -57, -111, -29, 118, -116, -36, 19, 61, -26, -50, 22, -69, -120, -54, -102, -81, 49, 83, -99, 48, 70, -30, -83, -83, -117, -14, -13, 40, -64, -13, -83, -2, -113, 37, -114, 110, -56, 89, -52, 34, 16, -31, 74, 48, -58, 57, -71, 73, 94, 111, -98, 5, 55, -70, -108, 48, -28, 64, 43, -78, 57, 92, -121, -95, 37, 98, -40, -30, 96, 57, 72, -48, -44, 90, -53, -104, -28, 10, -72, -85, 68, 85, -13, -85, 109, -119, 36, 82, -118, -56, -125, -31, 86, -110, -41, 31, 17, 52, 112, 49, -10, -77, 91, -51, 70, -20, -91, 72, -113, 116, -36, -72, -26, -56, -96, 53, -66, -69, 85, -60, 36, 3, -127, -67, 96, -119, -104, -26, -107, -47, 117, 101, 37, -73, -14, -87, 123, 54, -71, -50, 42, -1, 0, 114, 85, 114, 106, 5, 105, 88, -88, -87, -36, 47, 92, -47, -95, -74, -120, 107, 47, -35, 83, -27, -83, -124, -94, -58, -111, -124, -37, 103, -35, 64, 71, -104, -88, 77, 4, 15, -126, 10, -81, -91, 23, -70, -42, -73, -56, 60, 41, 20, 38, -10, 111, -89, -115, 78, 27, 65, -110, 105, 42, 118, -53, -123, 54, -84, -110, -81, -86, -125, -3, -86, -62, 118, -61, -125, -9, 100, 43, 72, -57, -64, 46, 63, -67, 97, -11, -72, 107, -14, 51, 73, 88, -42, 88, 15, -62, 14, -108, 46, -29, 29, 53, -92, -78, -10, -62, -44, 124, 16, 22, -2, 103, 2, -86, 73, -37, 25, 0, -3, -108, 81, 47, -85, 115, 86, 111, -44, 112, 46, -10, 27, 29, 39, 118, -39, -40, 84, 90, -33, -101, 117, 21, -57, 92, 118, -65, -120, 54, 121, 39, -126, 63, -27, -117, 95, -68, -43, 23, -19, 47, 22, 115, -91, -4, -96, 31, -35, 69, 31, -123, 71, -36, -15, -10, 76, 78, -114, -5, -39, -120, -40, 98, -76, -74, 36, -100, -102, -31, -31, -29, -41, -31, 63, 105, 119, 114, -25, -50, 70, 31, -38, -123, 39, 29, -30, 76, 127, 103, 61, -62, -7, -9, -122, -95, -6, -74, -5, 68, -102, -119, -24, -80, 88, -80, 57, 31, 13, 95, -118, 17, 30, -58, -68, -91, 56, -89, 25, 118, -49, -73, 95, 127, -9, -112, 63, -67, 90, -121, -118, 113, -108, 63, -6, -37, -109, -4, -41, 77, -3, -77, 81, 47, 85, -117, -3, 127, -47, -89, 20, 122, -103, -116, 98, -94, 97, 70, -34, -68, -14, 14, 55, -58, 65, -46, -20, -6, 52, -123, -65, -67, 48, -73, -29, 124, 111, -2, -20, 109, -3, 53, 11, -43, 113, -82, 81, 126, -28, 78, -64, -38, 64, 84, -29, 35, 77, -63, -38, -66, 117, -3, 36, 89, 92, 88, 118, -126, -17, 51, -67, -44, 65, -108, 25, -28, 64, -84, 88, -82, -60, 87, -75, 67, -57, 120, -127, -1, 0, 22, 40, -113, -53, 21, -30, -65, -92, 14, 39, 117, -57, 120, -11, -19, -44, 113, -72, -73, 82, -86, 28, 70, 116, 10, -95, 78, 78, 49, -65, 74, -24, -57, -42, 99, -22, 31, -57, -80, -45, -115, -20, 114, -23, 52, 16, -37, -76, 102, 37, 45, 42, -31, -28, -50, 88, 48, 36, -114, 95, 13, -58, 71, 94, 90, -119, 110, -8, -123, 48, 20, 126, -20, -79, 37, -114, 72, -24, 112, 107, -87, -31, -99, -125, -68, -68, -31, -80, 95, 64, -62, 71, -107, -49, -20, 8, 49, -78, -128, 9, -44, -99, -74, -12, -44, 82, 110, 53, -62, 111, 120, 44, -26, -54, -12, -56, -114, -64, 50, -123, -109, 66, -65, -113, -2, 106, -29, -105, 28, -37, -118, 123, -102, 90, 22, -119, -117, 18, 7, 123, -81, -119, -49, -67, -80, -51, 110, 70, -26, 33, 4, 92, -18, 1, 3, 27, -109, -90, -92, 85, -71, -8, 79, 16, 107, 41, -81, 86, -58, 101, -75, 93, 28, -88, -8, 78, 51, -106, 4, -28, 14, -71, -86, -111, -62, -46, -25, -69, 94, 83, -114, -103, 98, -33, -97, -91, 90, -95, 108, 104, 93, 57, 85, 105, 25, -92, 24, -41, -99, -119, 39, -56, -7, 85, -21, 25, -118, -121, 46, -62, 57, 0, -36, 13, 65, -50, -122, -70, -103, -69, 15, -60, -102, -50, 43, -5, 86, 23, 44, -22, -84, 83, -108, -85, -74, 113, -65, 54, -71, 30, 122, -41, 53, -60, 98, 110, 25, 48, -114, 107, 110, 75, -128, 57, -52, 108, 6, 72, 58, 107, -41, -21, -29, -102, -54, 57, -95, -111, -44, 25, 45, -89, -79, -17, -33, -93, -34, 86, -20, -91, -118, 34, -86, -14, 2, 31, -107, -108, -28, -28, -27, -76, 39, 115, -13, -82, -119, -48, 46, -58, -68, -125, -12, 91, -60, 98, -68, -76, -69, -123, 72, -114, -31, 36, 15, -110, 73, 44, -92, 99, 63, 44, 125, -11, -34, -91, -60, -47, 109, 112, 126, 76, 107, -105, 47, -85, -82, -97, 35, -57, 40, -16, 70, -53, 99, -92, 72, -13, -74, -76, 85, -128, 117, 21, -51, 55, 18, -99, 127, -9, 108, 7, -121, 49, -95, -98, 40, -8, -55, -71, -101, -48, 49, 21, -97, -33, 96, -1, 0, 70, 53, -92, -22, -3, -100, -115, -9, -83, 119, 88, -36, -118, -29, -37, -116, -111, -2, 124, -39, -1, 0, -28, 53, 6, -29, -78, 32, -56, -72, -109, -3, 102, -102, -11, -75, -34, 12, 119, 19, -75, -115, -71, 91, 2, -89, -50, 75, 109, 92, 68, 125, -90, -71, 25, -61, 43, 15, -30, -42, -116, -99, -83, -111, 8, 18, -63, 27, 15, 34, 71, -9, -83, -31, -22, -72, 37, -7, 90, 5, 36, 118, -117, -126, 9, -56, -88, -123, 83, -26, 107, -100, -73, -19, 117, -101, 17, -34, 69, 42, 121, -24, 69, 48, -117, -76, 60, 46, 124, 98, -19, 20, -1, 0, 26, -30, -70, -95, -43, -31, -105, 18, 69, 90, 99, 22, 77, 107, 88, -83, 69, 117, 111, 63, -8, 83, -58, -28, -8, 56, -51, 17, -127, 29, 43, 117, 52, -8, 99, -40, -46, 22, -87, 21, -26, -42, -94, 42, 98, -104, -49, 21, 91, 25, 24, -32, -86, -113, -99, 25, 120, 107, -19, -128, 43, -81, -3, 77, 24, -8, 100, 111, -69, -14, -83, 14, 24, -128, -29, -99, -2, -17, -54, -66, 41, -25, 103, 61, 51, -105, 94, 21, 39, -39, 98, -65, 32, 104, -119, -63, 25, -121, -67, 35, 124, -64, 31, -38, -70, 97, -61, 99, 31, -26, 55, -35, -7, 84, -113, 15, 81, -77, -75, 79, -70, -62, -114, 122, 62, 7, 26, -22, 74, -73, -11, 26, -78, -100, 22, 35, -47, 71, -104, 38, -100, -117, 32, -65, 108, -3, 43, 94, -54, 115, -15, -100, 122, 82, 121, 101, -28, 84, 45, 94, 11, 107, -10, -105, 62, -90, -120, -68, 22, -53, -9, 7, -42, -81, -117, 76, -3, -78, 42, 94, -58, -33, 102, 81, -12, -87, 115, -105, -112, -94, -102, -16, -117, 17, -89, 116, 15, -52, -47, -109, -121, 89, 70, 125, -37, 116, -49, -103, -93, -2, -81, -108, -115, 37, 81, -11, -88, -2, -82, -70, -23, 60, 68, 121, -106, -4, -87, 106, -105, -112, -2, -115, -120, 96, 77, -96, -117, -23, 91, -62, 116, 69, 90, -48, -31, 119, 45, -15, 92, 66, -66, -103, 53, 49, -62, -104, 124, 119, -93, -6, 99, -1, 0, 122, -101, -112, -66, 94, 8, 23, -63, -9, 113, -12, 31, -107, 64, 96, 15, -123, 48, 119, -9, 6, -75, 117, 120, 125, -78, -97, -38, 77, 35, -6, -112, 40, -123, -20, 45, -64, 37, 84, 124, -63, -4, 104, 90, -5, 49, -88, -56, -94, -67, -21, 124, 17, -25, -7, 86, -125, 117, -62, 34, -65, 116, 123, -85, 24, 102, 104, -40, 50, 52, -79, -87, 42, 70, -40, -49, -87, -93, 94, -10, -105, -124, 89, -116, 60, -8, 36, 103, -107, 72, -49, -46, -111, 93, -10, -6, -43, 85, -67, -117, -121, -50, -17, -48, -54, 66, 3, -8, -42, -40, -15, 101, -69, 86, 27, 46, -29, 30, 17, -39, -72, -72, 74, -36, 45, -100, 88, -114, -26, 78, 121, 21, -36, 48, -16, -64, 30, 30, 91, 87, 27, -40, 14, -51, -40, 93, -114, 37, 114, -106, 113, -69, -37, 113, 25, 18, 41, 12, -92, 114, 5, 111, 116, 0, 8, -58, -61, 106, 37, -1, 0, 108, -72, -43, -48, 101, -74, 72, 109, 1, 24, 86, 65, -52, -61, -26, 105, 47, 102, -82, 120, -81, 103, -31, 120, 44, 103, 83, 19, -65, 59, 44, -118, 27, 39, -57, 59, -41, 124, 49, 101, 88, -90, -100, -2, 78, -127, 78, 58, 94, -25, -85, -5, 37, -57, -38, 72, -105, 58, -18, 52, -6, -26, -109, 118, -125, -78, 112, -15, -95, 3, 51, -61, 5, -60, 51, -92, -94, 112, -95, -119, -27, -24, 116, 25, -45, 77, 118, -92, -79, -10, -81, -116, 3, -17, -63, 108, -1, 0, -22, -4, -22, -28, 125, -84, -68, -9, 123, -53, 8, -113, -113, 35, -111, 92, 112, -23, -14, 98, -106, -88, 61, -55, 82, -118, -32, 117, 105, -64, 44, -84, 102, 121, -84, -32, -76, -126, 73, 70, 36, 120, -93, 85, 47, -21, -128, 60, 106, -55, -79, 99, -2, 108, 95, 64, 41, 84, 125, -88, -127, -65, -59, -78, -107, 125, 49, 86, -29, -19, 7, 12, -105, -30, 46, -98, -79, -102, -58, 120, -92, -35, -53, -112, -43, 22, 29, -72, 107, -25, 67, 19, 124, -24, 50, 112, -106, 39, 61, -38, 103, -42, -82, 71, 125, 99, 47, -8, 119, 9, -23, -100, 81, 75, -61, -116, -122, 39, -48, -44, 104, -94, -76, -57, -56, -91, -8, 75, 13, 121, 53, -14, 53, 90, 94, 13, 33, -44, 18, 62, 116, -5, -36, -36, 51, 124, -21, 68, 120, 107, -22, 106, -107, -82, 24, -100, 81, -53, -73, 4, -112, 19, -121, 57, -88, 126, -90, -67, -39, 101, 36, 121, -100, -41, 85, -54, -67, 64, -84, 33, 105, -21, -110, 21, 28, -88, -32, -105, -37, 101, 0, -11, -59, 26, 62, -49, -49, -97, 126, 100, 81, -4, 32, -109, 93, 33, -27, 29, 7, -46, -93, -52, -66, 95, 74, 107, 36, -71, 69, 10, 97, -32, -94, 45, -18, 28, -3, 7, -31, 87, 96, 19, -37, -1, 0, -123, 117, 50, -6, 72, 69, 29, -92, 81, -10, 71, -46, -96, 102, 30, 95, 74, 107, 36, -41, 14, -123, 108, -79, 31, 20, -30, 41, -89, -76, 6, -2, 101, 7, -16, -94, 14, 51, -60, 6, -26, 54, -2, -111, 84, 76, -93, -2, 10, -119, -101, -2, 98, -74, 93, 86, 117, -5, 49, -36, -68, -127, -3, 101, -90, 72, 3, -52, -102, 32, -67, 111, 3, 73, -60, -38, -24, 126, 91, 84, -124, -51, -53, -112, -52, 107, -97, 65, 90, -122, -34, -36, -33, -69, -12, -83, 11, -87, -113, 74, 84, -73, 12, 126, -41, -46, -90, 46, 24, 121, -118, 90, 71, 99, 81, 113, 33, -35, -79, -27, 82, -17, -36, 106, 90, -107, 9, -119, -41, 36, 15, 42, -112, -105, 63, 107, -21, 75, 72, -83, 13, 22, -27, -114, -20, 62, 117, 33, 40, 39, 124, 122, -46, -93, 41, -50, 65, 3, -17, -87, 9, 91, 76, -97, -83, 45, 32, -102, 27, -121, -41, 71, 31, 90, -97, 124, -61, 108, 31, -70, -108, -117, -113, 53, -2, -43, 33, 114, -64, 107, -51, -3, 58, -46, -46, 85, -95, -80, -108, -99, 115, 82, 51, 18, 49, -49, -118, 86, 39, -50, -60, -23, -67, 73, 101, 86, -44, 55, -49, 52, 49, 12, 89, 85, -74, 43, -11, -91, -105, -4, 28, -36, -99, 24, -29, -61, -104, -47, 13, -50, 14, -128, 15, 44, -47, 18, -24, 100, 97, -108, 31, 12, 80, -89, 37, -64, -102, 76, 68, -35, -112, -22, -117, 24, -12, 56, -95, -1, 0, -46, 50, -20, 81, 15, -93, -41, 74, 38, -26, 59, -21, -27, 91, -17, -120, -36, -100, 122, -102, -43, 117, 57, 23, 114, 125, -72, -100, -41, -3, 32, -25, 25, 80, 61, 26, -90, -67, -112, 24, -8, -79, 93, 50, -52, 15, -113, -52, -44, -42, 111, 23, 52, -66, -89, 39, -111, 44, 81, 57, -127, -39, 52, 27, -51, 69, 78, -51, 67, 31, -59, 114, -29, -56, 87, 73, -34, -89, 92, 26, -116, -115, 19, 125, -111, -11, -91, -11, 19, -14, 63, 110, 34, 33, -64, -83, 87, 119, -107, -65, -88, 126, 85, 49, -62, -84, -45, -20, 72, 127, -86, -101, 52, 40, 118, 113, 66, 107, 119, 43, -112, 70, 51, -71, 56, -93, -35, -109, -18, 78, -124, 80, 91, 123, 120, -2, 24, -2, -90, -117, -34, 42, -115, 35, 65, -113, 26, -109, -37, -56, 62, 37, 63, 42, 19, 68, -8, 36, 98, -115, 72, 85, 65, -106, -28, -2, -30, 125, 106, 94, -43, -90, 90, 60, 122, 26, -87, -54, -40, -23, -14, -88, -66, 122, -125, -14, -89, 104, 45, -105, 26, -23, 116, -56, 32, 121, -44, 77, -54, -8, -3, -11, 73, -80, 119, 111, -107, 64, -56, -85, -127, -111, 79, 97, 54, -53, -51, 58, -99, -100, 80, -53, -98, -123, 13, 82, 105, 65, -48, -107, -6, 80, -99, -108, 108, -96, -7, -45, 66, -44, -58, 6, 118, -40, 119, 127, 90, 27, 92, 56, -24, -108, -65, -30, 58, -115, 61, 107, 93, -56, -21, 51, 125, 106, -110, 38, -39, 120, -35, -73, -18, -3, -11, 3, 115, 47, 84, 31, -22, -86, -84, -83, -1, 0, 112, -125, -4, -43, 14, 71, 27, 75, -1, 0, -22, -102, 66, 114, 96, 26, 96, 117, 90, -59, -72, 40, 54, -46, -107, -121, 36, -25, -104, -113, -99, 109, -114, 119, 102, -5, -85, 77, 6, -74, 48, 75, -100, -99, -57, -42, -113, -52, -92, 100, -100, 31, 58, 80, 37, 69, 24, 36, 102, -120, -105, 35, 93, 6, -98, 38, -109, -128, -20, 104, -83, -125, -80, -49, -122, -11, 62, -8, -127, -98, 76, -113, 49, 74, -59, -64, 35, 77, 7, -112, -83, 53, -55, -50, 36, 76, -113, 28, 102, -89, 64, -84, 112, 38, 3, -31, 108, 120, -5, -72, -84, 91, -113, 123, 4, 28, 82, -107, -72, 1, 70, 24, 48, -24, 5, 17, 37, 36, -28, -126, 87, -46, -109, -128, -58, 126, -47, -4, 92, -89, -96, -58, 115, 90, -25, 36, 107, -87, 59, -28, 126, 53, 67, -68, 1, -14, 84, -28, -11, 11, -118, 42, -54, -97, 99, 126, -70, 10, -99, 33, 101, -27, -109, -108, -25, -98, -116, 46, 125, -34, 108, -87, 62, 34, -107, -121, 3, -4, -49, -20, 77, 25, 94, 66, -71, 50, 30, 83, -74, 64, 63, -123, 39, 18, -84, 98, -77, -31, 112, -84, -95, 79, -104, 21, 17, 41, 81, -66, 6, -25, -35, -86, 43, 33, 125, 68, -113, -97, 37, -83, 119, -59, 64, 13, -52, -6, 107, -98, -97, 33, 75, 72, 88, -60, 93, 1, -23, -29, -102, -103, -72, -24, -82, 1, -33, -107, -76, 52, -66, 55, 13, -16, -3, -30, -92, 100, 109, -70, -113, -31, 31, 118, 105, 105, 65, 99, 21, -72, 99, -15, 6, -11, -94, 36, -121, -2, 26, 82, -73, 15, -44, -82, 124, -58, 40, -117, 41, -15, 56, -13, -87, 112, 21, -114, 22, 93, 53, -4, -22, 70, 65, -29, 74, 22, -32, -125, -128, 113, -14, -94, 123, 67, 102, -95, -64, 118, 52, 14, 115, -109, -73, -99, 111, -68, -41, 83, -54, 52, 57, -13, 20, -80, 76, -33, 103, 67, -27, 68, 23, 7, 24, 39, -52, -125, -67, 45, 33, 99, 49, 112, -61, 99, -8, 84, -69, -2, 111, -119, 84, -46, -63, 63, 48, 39, 56, -11, -83, 36, -52, -121, 37, -127, 30, 32, 109, 70, -112, -79, -82, 32, 109, 74, 16, 124, -85, 66, 4, 124, -31, -122, -37, 98, -105, -117, -110, 78, 115, -111, -29, -79, -94, 11, -116, -24, 78, 7, -114, 106, 105, -114, -61, -53, 97, -43, 49, -25, -118, -85, 45, -128, 44, 50, 15, 48, -37, 76, -118, 42, 93, -98, 126, 80, 91, 3, 99, -102, 34, -35, 16, 113, -128, 71, -83, 52, -28, -121, -79, 66, 75, 39, 25, 35, -109, 35, 122, -81, 36, 69, 65, -56, 25, -89, 45, 58, 72, 64, -48, 31, 93, 106, 6, 53, 109, -50, 125, 106, -42, 70, 75, 72, 66, -47, -25, 66, 51, -118, 19, -62, 63, 116, 124, -123, 60, 107, 24, -40, 28, 29, 73, -45, 90, -83, 61, -117, -81, 64, -43, -94, -56, -119, 113, -16, 38, 60, -70, -24, 71, -123, 12, -100, 125, -80, 62, 85, 126, 88, 93, 24, -85, 68, 66, -12, 7, -3, -86, -79, -115, 67, 16, 65, 35, -57, 66, 107, 104, -76, -55, 104, -26, 81, -40, -11, -58, -99, 40, -127, -37, 56, -49, -115, 101, 101, 117, 48, 8, -70, -77, 19, -82, 54, -96, 72, -60, -54, 118, -36, 116, 21, -107, -108, -94, 53, -56, 69, -111, -61, -32, 49, 3, 30, 53, 57, 29, -71, 7, -68, 119, -4, 107, 43, 40, -112, 48, -78, 124, 123, -111, -91, 110, 57, 28, -98, 92, -23, -102, -35, 101, 64, -119, 65, 35, -107, -43, -40, -6, -102, 48, 3, 59, 117, -84, -84, -88, 99, 68, -121, -38, 52, 66, -60, 71, -90, -107, -107, -107, 33, 34, 92, -60, 38, 116, 39, -50, -94, -77, 54, 25, -41, 10, 67, 99, 65, 89, 89, 82, -122, 16, 18, -48, 9, 11, 28, -73, -98, -44, 118, 99, -18, 12, -28, 86, 86, 84, -80, 54, -57, 57, -50, -70, 86, -56, -60, 121, 26, 31, -10, -84, -84, -87, 99, 102, -41, 87, -83, -119, 24, 72, 71, 77, 43, 43, 40, 36, 41, 118, 80, 72, 39, 92, 86, -111, -55, 63, 42, -54, -54, 72, 100, -7, -113, 49, -14, -51, 77, 29, -126, 3, -109, -100, 86, 86, 84, -79, 18, 82, 91, -109, -104, -109, -100, 102, -92, 119, 35, 29, 43, 43, 42, 70, 109, -16, -40, 12, -93, 24, -94, 40, -62, 18, 52, -64, -48, 86, 86, 80, -64, -108, 100, -70, 6, 59, -42, -71, -40, 54, 1, -46, -78, -78, -89, -72, -40, 68, 99, -55, -100, -21, -118, -97, 59, 16, 50, 126, -41, -27, 89, 89, 72, 9, -32, 49, 33, -70, -43, 121, 109, -29, 4, -31, 113, -83, 106, -78, -124, -35, -115, 31, -1, -39]]
2026-05-30 15:59:28:307 | [BookPort] | INFO  | com.example.BookPort.auth.controller.v1.RegistrController | RegistrController--> Sending call to AuthRegisterService.
2026-05-30 15:59:28:324 | [BookPort] | INFO  | com.example.BookPort.auth.service.AuthRegisterService | AuthRegisterService--> Inside register method.
2026-05-30 15:59:28:324 | [BookPort] | INFO  | com.example.BookPort.auth.service.AuthRegisterService | AuthRegisterService--> Checking abhogal7 already exist in staging table or not.
2026-05-30 15:59:29:761 | [BookPort] | WARN  | org.springframework.web.servlet.mvc.method.annotation.ExceptionHandlerExceptionResolver | Resolved [org.springframework.dao.IncorrectResultSizeDataAccessException: Query did not return a unique result: 2 results were returned]
2026-05-30 16:00:20:143 | [BookPort] | INFO  | org.springframework.boot.devtools.autoconfigure.LocalDevToolsAutoConfiguration$RestartingClassPathChangeChangedEventListener | Restarting due to 1 class path change (0 additions, 0 deletions, 1 modification)
2026-05-30 16:00:20:154 | [BookPort] | INFO  | org.springframework.boot.tomcat.GracefulShutdown | Commencing graceful shutdown. Waiting for active requests to complete
2026-05-30 16:00:20:158 | [BookPort] | INFO  | org.apache.coyote.http11.Http11NioProtocol | Pausing ProtocolHandler ["http-nio-8081"]
2026-05-30 16:00:20:186 | [BookPort] | INFO  | org.springframework.boot.tomcat.GracefulShutdown | Graceful shutdown complete
2026-05-30 16:00:20:188 | [BookPort] | INFO  | org.apache.coyote.http11.Http11NioProtocol | Stopping ProtocolHandler ["http-nio-8081"]
2026-05-30 16:00:20:200 | [BookPort] | INFO  | org.springframework.orm.jpa.LocalContainerEntityManagerFactoryBean | Closing JPA EntityManagerFactory for persistence unit 'default'
2026-05-30 16:00:20:204 | [BookPort] | INFO  | com.zaxxer.hikari.HikariDataSource | HikariPool-2 - Shutdown initiated...
2026-05-30 16:00:20:239 | [BookPort] | INFO  | com.zaxxer.hikari.HikariDataSource | HikariPool-2 - Shutdown completed.
2026-05-30 16:00:20:468 | [BookPort] | INFO  | com.example.BookPort.BookPortApplication | Starting BookPortApplication using Java 21.0.8 with PID 25684 (D:\Project\BookPort\bin\main started by lenovo in D:\Project\BookPort)
2026-05-30 16:00:20:470 | [BookPort] | INFO  | com.example.BookPort.BookPortApplication | No active profile set, falling back to 1 default profile: "default"
2026-05-30 16:00:20:784 | [BookPort] | INFO  | org.springframework.data.repository.config.RepositoryConfigurationDelegate | Bootstrapping Spring Data JPA repositories in DEFAULT mode.
2026-05-30 16:00:20:820 | [BookPort] | INFO  | org.springframework.data.repository.config.RepositoryConfigurationDelegate | Finished Spring Data repository scanning in 33 ms. Found 2 JPA repository interfaces.
2026-05-30 16:00:21:008 | [BookPort] | INFO  | org.springframework.boot.tomcat.TomcatWebServer | Tomcat initialized with port 8081 (http)
2026-05-30 16:00:21:010 | [BookPort] | INFO  | org.apache.coyote.http11.Http11NioProtocol | Initializing ProtocolHandler ["http-nio-8081"]
2026-05-30 16:00:21:011 | [BookPort] | INFO  | org.apache.catalina.core.StandardService | Starting service [Tomcat]
2026-05-30 16:00:21:012 | [BookPort] | INFO  | org.apache.catalina.core.StandardEngine | Starting Servlet engine: [Apache Tomcat/11.0.21]
2026-05-30 16:00:21:058 | [BookPort] | INFO  | org.springframework.boot.web.context.servlet.WebApplicationContextInitializer | Root WebApplicationContext: initialization completed in 580 ms
2026-05-30 16:00:21:128 | [BookPort] | INFO  | org.hibernate.orm.jpa | HHH008540: Processing PersistenceUnitInfo [name: default]
2026-05-30 16:00:21:188 | [BookPort] | INFO  | org.springframework.orm.jpa.persistenceunit.SpringPersistenceUnitInfo | No LoadTimeWeaver setup: ignoring JPA class transformer
2026-05-30 16:00:21:190 | [BookPort] | INFO  | com.zaxxer.hikari.HikariDataSource | HikariPool-3 - Starting...
2026-05-30 16:00:21:225 | [BookPort] | INFO  | com.zaxxer.hikari.pool.HikariPool | HikariPool-3 - Added connection com.mysql.cj.jdbc.ConnectionImpl@6bea7a53
2026-05-30 16:00:21:226 | [BookPort] | INFO  | com.zaxxer.hikari.HikariDataSource | HikariPool-3 - Start completed.
2026-05-30 16:00:21:230 | [BookPort] | INFO  | org.hibernate.orm.connections.pooling | HHH10001005: Database info:
	Database JDBC URL [jdbc:mysql://localhost:3306/library_management]
	Database driver: MySQL Connector/J
	Database dialect: MySQLDialect
	Database version: 8.0.39
	Default catalog/schema: library_management/undefined
	Autocommit mode: undefined/unknown
	Isolation level: REPEATABLE_READ [default REPEATABLE_READ]
	JDBC fetch size: none
	Pool: DataSourceConnectionProvider
	Minimum pool size: undefined/unknown
	Maximum pool size: undefined/unknown
2026-05-30 16:00:21:407 | [BookPort] | INFO  | org.hibernate.orm.core | HHH000489: No JTA platform available (set 'hibernate.transaction.jta.platform' to enable JTA platform integration)
2026-05-30 16:00:21:408 | [BookPort] | INFO  | org.springframework.orm.jpa.LocalContainerEntityManagerFactoryBean | Initialized JPA EntityManagerFactory for persistence unit 'default'
2026-05-30 16:00:21:573 | [BookPort] | WARN  | org.springframework.boot.jpa.autoconfigure.JpaBaseConfiguration$JpaWebConfiguration | spring.jpa.open-in-view is enabled by default. Therefore, database queries may be performed during view rendering. Explicitly configure spring.jpa.open-in-view to disable this warning
2026-05-30 16:00:21:718 | [BookPort] | INFO  | org.apache.coyote.http11.Http11NioProtocol | Starting ProtocolHandler ["http-nio-8081"]
2026-05-30 16:00:21:725 | [BookPort] | INFO  | org.springframework.boot.tomcat.TomcatWebServer | Tomcat started on port 8081 (http) with context path '/'
2026-05-30 16:00:21:731 | [BookPort] | INFO  | com.example.BookPort.BookPortApplication | Started BookPortApplication in 1.329 seconds (process running for 105.999)
2026-05-30 16:00:21:733 | [BookPort] | INFO  | org.springframework.boot.devtools.autoconfigure.ConditionEvaluationDeltaLoggingListener | Condition evaluation unchanged
2026-05-30 16:02:30:105 | [BookPort] | INFO  | org.springframework.boot.devtools.autoconfigure.LocalDevToolsAutoConfiguration$RestartingClassPathChangeChangedEventListener | Restarting due to 1 class path change (0 additions, 0 deletions, 1 modification)
2026-05-30 16:02:30:110 | [BookPort] | INFO  | org.springframework.boot.tomcat.GracefulShutdown | Commencing graceful shutdown. Waiting for active requests to complete
2026-05-30 16:02:30:112 | [BookPort] | INFO  | org.apache.coyote.http11.Http11NioProtocol | Pausing ProtocolHandler ["http-nio-8081"]
2026-05-30 16:02:30:124 | [BookPort] | INFO  | org.springframework.boot.tomcat.GracefulShutdown | Graceful shutdown complete
2026-05-30 16:02:30:125 | [BookPort] | INFO  | org.apache.coyote.http11.Http11NioProtocol | Stopping ProtocolHandler ["http-nio-8081"]
2026-05-30 16:02:30:130 | [BookPort] | INFO  | org.springframework.orm.jpa.LocalContainerEntityManagerFactoryBean | Closing JPA EntityManagerFactory for persistence unit 'default'
2026-05-30 16:02:30:132 | [BookPort] | INFO  | com.zaxxer.hikari.HikariDataSource | HikariPool-3 - Shutdown initiated...
2026-05-30 16:02:30:142 | [BookPort] | INFO  | com.zaxxer.hikari.HikariDataSource | HikariPool-3 - Shutdown completed.
2026-05-30 16:02:30:289 | [BookPort] | INFO  | com.example.BookPort.BookPortApplication | Starting BookPortApplication using Java 21.0.8 with PID 25684 (D:\Project\BookPort\bin\main started by lenovo in D:\Project\BookPort)
2026-05-30 16:02:30:292 | [BookPort] | INFO  | com.example.BookPort.BookPortApplication | No active profile set, falling back to 1 default profile: "default"
2026-05-30 16:02:30:589 | [BookPort] | INFO  | org.springframework.data.repository.config.RepositoryConfigurationDelegate | Bootstrapping Spring Data JPA repositories in DEFAULT mode.
2026-05-30 16:02:30:615 | [BookPort] | INFO  | org.springframework.data.repository.config.RepositoryConfigurationDelegate | Finished Spring Data repository scanning in 23 ms. Found 2 JPA repository interfaces.
2026-05-30 16:02:30:761 | [BookPort] | INFO  | org.springframework.boot.tomcat.TomcatWebServer | Tomcat initialized with port 8081 (http)
2026-05-30 16:02:30:763 | [BookPort] | INFO  | org.apache.coyote.http11.Http11NioProtocol | Initializing ProtocolHandler ["http-nio-8081"]
2026-05-30 16:02:30:764 | [BookPort] | INFO  | org.apache.catalina.core.StandardService | Starting service [Tomcat]
2026-05-30 16:02:30:764 | [BookPort] | INFO  | org.apache.catalina.core.StandardEngine | Starting Servlet engine: [Apache Tomcat/11.0.21]
2026-05-30 16:02:30:803 | [BookPort] | INFO  | org.springframework.boot.web.context.servlet.WebApplicationContextInitializer | Root WebApplicationContext: initialization completed in 503 ms
2026-05-30 16:02:30:876 | [BookPort] | INFO  | org.hibernate.orm.jpa | HHH008540: Processing PersistenceUnitInfo [name: default]
2026-05-30 16:02:30:945 | [BookPort] | INFO  | org.springframework.orm.jpa.persistenceunit.SpringPersistenceUnitInfo | No LoadTimeWeaver setup: ignoring JPA class transformer
2026-05-30 16:02:30:947 | [BookPort] | INFO  | com.zaxxer.hikari.HikariDataSource | HikariPool-4 - Starting...
2026-05-30 16:02:30:980 | [BookPort] | INFO  | com.zaxxer.hikari.pool.HikariPool | HikariPool-4 - Added connection com.mysql.cj.jdbc.ConnectionImpl@70c387c2
2026-05-30 16:02:30:981 | [BookPort] | INFO  | com.zaxxer.hikari.HikariDataSource | HikariPool-4 - Start completed.
2026-05-30 16:02:30:985 | [BookPort] | INFO  | org.hibernate.orm.connections.pooling | HHH10001005: Database info:
	Database JDBC URL [jdbc:mysql://localhost:3306/library_management]
	Database driver: MySQL Connector/J
	Database dialect: MySQLDialect
	Database version: 8.0.39
	Default catalog/schema: library_management/undefined
	Autocommit mode: undefined/unknown
	Isolation level: REPEATABLE_READ [default REPEATABLE_READ]
	JDBC fetch size: none
	Pool: DataSourceConnectionProvider
	Minimum pool size: undefined/unknown
	Maximum pool size: undefined/unknown
2026-05-30 16:02:31:137 | [BookPort] | INFO  | org.hibernate.orm.core | HHH000489: No JTA platform available (set 'hibernate.transaction.jta.platform' to enable JTA platform integration)
2026-05-30 16:02:31:138 | [BookPort] | INFO  | org.springframework.orm.jpa.LocalContainerEntityManagerFactoryBean | Initialized JPA EntityManagerFactory for persistence unit 'default'
2026-05-30 16:02:31:263 | [BookPort] | WARN  | org.springframework.boot.jpa.autoconfigure.JpaBaseConfiguration$JpaWebConfiguration | spring.jpa.open-in-view is enabled by default. Therefore, database queries may be performed during view rendering. Explicitly configure spring.jpa.open-in-view to disable this warning
2026-05-30 16:02:31:414 | [BookPort] | INFO  | org.apache.coyote.http11.Http11NioProtocol | Starting ProtocolHandler ["http-nio-8081"]
2026-05-30 16:02:31:422 | [BookPort] | INFO  | org.springframework.boot.tomcat.TomcatWebServer | Tomcat started on port 8081 (http) with context path '/'
2026-05-30 16:02:31:430 | [BookPort] | INFO  | com.example.BookPort.BookPortApplication | Started BookPortApplication in 1.2 seconds (process running for 235.698)
2026-05-30 16:02:31:432 | [BookPort] | INFO  | org.springframework.boot.devtools.autoconfigure.ConditionEvaluationDeltaLoggingListener | Condition evaluation unchanged
2026-05-30 16:03:09:941 | [BookPort] | INFO  | org.springframework.boot.devtools.autoconfigure.LocalDevToolsAutoConfiguration$RestartingClassPathChangeChangedEventListener | Restarting due to 1 class path change (0 additions, 0 deletions, 1 modification)
2026-05-30 16:03:09:952 | [BookPort] | INFO  | org.springframework.boot.tomcat.GracefulShutdown | Commencing graceful shutdown. Waiting for active requests to complete
2026-05-30 16:03:09:955 | [BookPort] | INFO  | org.apache.coyote.http11.Http11NioProtocol | Pausing ProtocolHandler ["http-nio-8081"]
2026-05-30 16:03:09:985 | [BookPort] | INFO  | org.springframework.boot.tomcat.GracefulShutdown | Graceful shutdown complete
2026-05-30 16:03:09:988 | [BookPort] | INFO  | org.apache.coyote.http11.Http11NioProtocol | Stopping ProtocolHandler ["http-nio-8081"]
2026-05-30 16:03:09:995 | [BookPort] | INFO  | org.springframework.orm.jpa.LocalContainerEntityManagerFactoryBean | Closing JPA EntityManagerFactory for persistence unit 'default'
2026-05-30 16:03:09:998 | [BookPort] | INFO  | com.zaxxer.hikari.HikariDataSource | HikariPool-4 - Shutdown initiated...
2026-05-30 16:03:10:023 | [BookPort] | INFO  | com.zaxxer.hikari.HikariDataSource | HikariPool-4 - Shutdown completed.
2026-05-30 16:03:10:373 | [BookPort] | INFO  | com.example.BookPort.BookPortApplication | Starting BookPortApplication using Java 21.0.8 with PID 25684 (D:\Project\BookPort\bin\main started by lenovo in D:\Project\BookPort)
2026-05-30 16:03:10:378 | [BookPort] | INFO  | com.example.BookPort.BookPortApplication | No active profile set, falling back to 1 default profile: "default"
2026-05-30 16:03:10:662 | [BookPort] | INFO  | org.springframework.data.repository.config.RepositoryConfigurationDelegate | Bootstrapping Spring Data JPA repositories in DEFAULT mode.
2026-05-30 16:03:10:694 | [BookPort] | INFO  | org.springframework.data.repository.config.RepositoryConfigurationDelegate | Finished Spring Data repository scanning in 30 ms. Found 2 JPA repository interfaces.
2026-05-30 16:03:10:830 | [BookPort] | INFO  | org.springframework.boot.tomcat.TomcatWebServer | Tomcat initialized with port 8081 (http)
2026-05-30 16:03:10:832 | [BookPort] | INFO  | org.apache.coyote.http11.Http11NioProtocol | Initializing ProtocolHandler ["http-nio-8081"]
2026-05-30 16:03:10:834 | [BookPort] | INFO  | org.apache.catalina.core.StandardService | Starting service [Tomcat]
2026-05-30 16:03:10:835 | [BookPort] | INFO  | org.apache.catalina.core.StandardEngine | Starting Servlet engine: [Apache Tomcat/11.0.21]
2026-05-30 16:03:10:935 | [BookPort] | INFO  | org.springframework.boot.web.context.servlet.WebApplicationContextInitializer | Root WebApplicationContext: initialization completed in 540 ms
2026-05-30 16:03:11:374 | [BookPort] | INFO  | org.hibernate.orm.jpa | HHH008540: Processing PersistenceUnitInfo [name: default]
2026-05-30 16:03:11:490 | [BookPort] | INFO  | org.springframework.orm.jpa.persistenceunit.SpringPersistenceUnitInfo | No LoadTimeWeaver setup: ignoring JPA class transformer
2026-05-30 16:03:11:492 | [BookPort] | INFO  | com.zaxxer.hikari.HikariDataSource | HikariPool-5 - Starting...
2026-05-30 16:03:11:521 | [BookPort] | INFO  | com.zaxxer.hikari.pool.HikariPool | HikariPool-5 - Added connection com.mysql.cj.jdbc.ConnectionImpl@574e6759
2026-05-30 16:03:11:521 | [BookPort] | INFO  | com.zaxxer.hikari.HikariDataSource | HikariPool-5 - Start completed.
2026-05-30 16:03:11:526 | [BookPort] | INFO  | org.hibernate.orm.connections.pooling | HHH10001005: Database info:
	Database JDBC URL [jdbc:mysql://localhost:3306/library_management]
	Database driver: MySQL Connector/J
	Database dialect: MySQLDialect
	Database version: 8.0.39
	Default catalog/schema: library_management/undefined
	Autocommit mode: undefined/unknown
	Isolation level: REPEATABLE_READ [default REPEATABLE_READ]
	JDBC fetch size: none
	Pool: DataSourceConnectionProvider
	Minimum pool size: undefined/unknown
	Maximum pool size: undefined/unknown
2026-05-30 16:03:11:757 | [BookPort] | INFO  | org.hibernate.orm.core | HHH000489: No JTA platform available (set 'hibernate.transaction.jta.platform' to enable JTA platform integration)
2026-05-30 16:03:11:758 | [BookPort] | INFO  | org.springframework.orm.jpa.LocalContainerEntityManagerFactoryBean | Initialized JPA EntityManagerFactory for persistence unit 'default'
2026-05-30 16:03:11:943 | [BookPort] | WARN  | org.springframework.boot.jpa.autoconfigure.JpaBaseConfiguration$JpaWebConfiguration | spring.jpa.open-in-view is enabled by default. Therefore, database queries may be performed during view rendering. Explicitly configure spring.jpa.open-in-view to disable this warning
2026-05-30 16:03:12:114 | [BookPort] | INFO  | org.apache.coyote.http11.Http11NioProtocol | Starting ProtocolHandler ["http-nio-8081"]
2026-05-30 16:03:12:124 | [BookPort] | INFO  | org.springframework.boot.tomcat.TomcatWebServer | Tomcat started on port 8081 (http) with context path '/'
2026-05-30 16:03:12:124 | [BookPort] | INFO  | com.example.BookPort.BookPortApplication | Started BookPortApplication in 1.897 seconds (process running for 276.398)
2026-05-30 16:03:12:132 | [BookPort] | INFO  | org.springframework.boot.devtools.autoconfigure.ConditionEvaluationDeltaLoggingListener | Condition evaluation unchanged
2026-05-30 16:03:12:984 | [BookPort] | INFO  | org.apache.catalina.core.ContainerBase.[Tomcat].[localhost].[/] | Initializing Spring DispatcherServlet 'dispatcherServlet'
2026-05-30 16:03:12:984 | [BookPort] | INFO  | org.springframework.web.servlet.DispatcherServlet | Initializing Servlet 'dispatcherServlet'
2026-05-30 16:03:12:988 | [BookPort] | INFO  | org.springframework.web.servlet.DispatcherServlet | Completed initialization in 4 ms
2026-05-30 16:03:13:036 | [BookPort] | INFO  | com.example.BookPort.auth.controller.v1.RegistrController | RegistrController--> Inside register method.
2026-05-30 16:03:13:042 | [BookPort] | INFO  | com.example.BookPort.common.util.IdGenerator | IdGenerator--> IdGenerator bean created for module 1
2026-05-30 16:03:13:044 | [BookPort] | INFO  | com.example.BookPort.common.util.IdGenerator | IdGenerator--> Inside generateId for module 1
2026-05-30 16:03:13:045 | [BookPort] | INFO  | com.example.BookPort.common.util.IdGenerator | IdGenerator--> current MilliSecond 1780137193044
2026-05-30 16:03:13:045 | [BookPort] | INFO  | com.example.BookPort.common.util.IdGenerator | IdGenerator--> lastTimestamp -1
2026-05-30 16:03:13:045 | [BookPort] | INFO  | com.example.BookPort.common.util.IdGenerator | IdGenerator--> counter: 0
2026-05-30 16:03:13:045 | [BookPort] | INFO  | com.example.BookPort.common.util.IdGenerator | IdGenerator--> counter post millisecond check: 0
2026-05-30 16:03:13:045 | [BookPort] | INFO  | com.example.BookPort.common.util.IdGenerator | IdGenerator--> RETURNING ID : 2615001057793044000
2026-05-30 16:03:13:045 | [BookPort] | INFO  | com.example.BookPort.auth.controller.v1.RegistrController | RegistrController--> Registration ID generated: 2615001057793044000
2026-05-30 16:03:13:045 | [BookPort] | INFO  | com.example.BookPort.common.util.IdGenerator | IdGenerator--> Inside generateId for module 1
2026-05-30 16:03:13:045 | [BookPort] | INFO  | com.example.BookPort.common.util.IdGenerator | IdGenerator--> current MilliSecond 1780137193045
2026-05-30 16:03:13:045 | [BookPort] | INFO  | com.example.BookPort.common.util.IdGenerator | IdGenerator--> lastTimestamp 1780137193044
2026-05-30 16:03:13:045 | [BookPort] | INFO  | com.example.BookPort.common.util.IdGenerator | IdGenerator--> counter: 0
2026-05-30 16:03:13:045 | [BookPort] | INFO  | com.example.BookPort.common.util.IdGenerator | IdGenerator--> counter post millisecond check: 0
2026-05-30 16:03:13:045 | [BookPort] | INFO  | com.example.BookPort.common.util.IdGenerator | IdGenerator--> RETURNING ID : 2615001057793045000
2026-05-30 16:03:13:060 | [BookPort] | INFO  | com.example.BookPort.auth.controller.v1.RegistrController | RegistrController--> Incoming request: AuthRegisterRequestDto [registrationId=2615001057793045000, username=abhogal7, name=Aman Singh Bhogal, email=aman5@example.com, mobNumber=9427461183, gender=null, dob=Sun Sep 22 00:00:00 IST 2002, status=null, createdAt=null, updatedAt=null, password=Password@123, govIdFront=[-1, -40, -1, -32, 0, 16, 74, 70, 73, 70, 0, 1, 1, 0, 0, 1, 0, 1, 0, 0, -1, -37, 0, -124, 0, 9, 6, 7, 8, 7, 6, 9, 8, 7, 8, 10, 10, 9, 11, 13, 22, 15, 13, 12, 12, 13, 27, 20, 21, 16, 22, 32, 29, 34, 34, 32, 29, 31, 31, 36, 40, 52, 44, 36, 38, 49, 39, 31, 31, 45, 61, 45, 49, 53, 55, 58, 58, 58, 35, 43, 63, 68, 63, 56, 67, 52, 57, 58, 55, 1, 10, 10, 10, 13, 12, 13, 26, 15, 15, 26, 55, 37, 31, 37, 55, 55, 55, 55, 55, 55, 55, 55, 55, 55, 55, 55, 55, 55, 55, 55, 55, 55, 55, 55, 55, 55, 55, 55, 55, 55, 55, 55, 55, 55, 55, 55, 55, 55, 55, 55, 55, 55, 55, 55, 55, 55, 55, 55, 55, 55, 55, 55, 55, 55, -1, -64, 0, 17, 8, 0, -108, 1, 14, 3, 1, 34, 0, 2, 17, 1, 3, 17, 1, -1, -60, 0, 28, 0, 0, 2, 2, 3, 1, 1, 0, 0, 0, 0, 0, 0, 0, 0, 0, 0, 3, 5, 2, 4, 0, 1, 6, 7, 8, -1, -60, 0, 65, 16, 0, 2, 1, 3, 2, 3, 5, 5, 4, 8, 5, 3, 5, 0, 0, 0, 1, 2, 3, 0, 4, 17, 33, 49, 5, 18, 65, 6, 19, 81, 97, 113, 20, 34, 50, -127, -111, 66, -95, -63, -47, 7, 21, 35, 82, 98, 114, -126, -79, 51, 67, -110, -31, -16, 22, 83, -15, 52, 68, 115, -109, -94, -1, -60, 0, 26, 1, 0, 3, 1, 1, 1, 1, 0, 0, 0, 0, 0, 0, 0, 0, 0, 0, 0, 1, 2, 3, 4, 5, 6, -1, -60, 0, 40, 17, 0, 2, 2, 1, 3, 3, 3, 4, 3, 0, 0, 0, 0, 0, 0, 0, 0, 1, 2, 17, 3, 18, 33, 49, 4, 65, 81, 5, 19, 34, 20, 21, 50, 66, 97, -127, -95, -1, -38, 0, 12, 3, 1, 0, 2, 17, 3, 17, 0, 63, 0, -13, 108, 84, -46, 38, 109, -75, -84, 2, -92, -71, 31, 9, 34, -66, -124, -15, -84, -63, 25, 27, -125, 83, -18, -21, 57, -53, 111, 83, 86, 56, -42, -127, 89, 16, -75, 32, 42, 65, -65, -122, -120, 27, 77, -121, -46, -102, 17, -91, 20, 104, -50, 58, 100, 86, -108, -7, 15, -91, 16, 107, -48, 80, 38, 25, 38, 11, -94, -88, -59, 77, -97, -97, 29, 40, 10, 40, -118, 41, -47, 45, -122, 10, 60, 86, -120, -76, 53, 20, 100, 90, 100, -123, 78, 118, -9, 70, -85, -46, -116, -79, -107, -8, -76, -95, 38, 87, 111, -70, -118, -96, -17, -110, 73, -15, -96, 65, 20, 81, 80, 84, 16, 81, -44, 80, 34, 104, -75, 97, 5, 14, 49, 86, 80, 84, 48, 38, -126, -84, 34, -44, 17, 122, -43, -120, -93, 102, 56, 85, 36, -8, 1, 89, -71, 34, -46, 101, -2, 21, 99, -19, -20, -16, 38, 22, 64, 57, -107, -67, 43, -91, -32, 118, 83, 88, 67, 50, -80, -60, -124, -12, -37, -27, 72, 56, 36, -122, -34, -19, 93, 84, -77, 96, -116, 1, -83, 117, 54, -9, -20, -17, -56, -15, -108, 108, 103, 4, 98, -72, 122, -119, 74, -24, -17, -23, -29, 30, 123, -108, 56, -68, 45, 113, 18, -27, 71, 120, -97, 9, -95, -61, 24, -122, 62, -19, 23, 3, -87, -3, -22, -67, 112, 121, -51, 7, -69, -14, -84, -93, 45, -88, -42, 81, -7, 106, 55, 29, 77, -100, -88, 10, -75, 16, -104, 27, 86, -71, 117, -92, -54, 15, 30, 15, -81, 90, -73, 24, -86, 74, 113, -118, -67, 110, -68, -29, 122, -50, 69, -60, 60, 122, 10, 42, -44, 85, 49, 82, -38, -77, 53, 52, 85, 114, 67, 96, -126, 122, -118, -33, 74, -39, -38, -94, 13, 0, 42, -67, -110, 83, 33, 71, -9, 84, 108, 60, 106, -83, 57, -71, -73, -114, -32, 2, 91, 12, 54, 34, -86, -120, 22, -33, 73, 19, -68, -50, -51, 90, -87, -86, 49, -108, 29, -97, 48, -14, -42, -15, 69, -27, -14, -84, -27, -14, -81, 112, -14, -20, 24, 90, -112, 21, 48, -75, 32, -96, 80, 34, 32, 81, 21, 107, 97, 104, -118, 40, 17, -118, 40, -118, 43, 21, 104, -86, -76, -60, 104, 10, 42, -83, 96, 90, 34, -83, 49, 27, 85, -93, 32, -88, -88, -94, -86, -48, 34, 74, 40, -56, -75, 5, 20, 116, 20, 18, 77, 22, -114, -119, 80, -116, 109, -91, 117, -10, 125, -101, -74, -70, -32, 113, -34, 91, -68, -83, 55, 46, -85, -47, -50, 118, -84, -78, -27, 88, -22, -53, -122, 55, 55, -15, 17, -16, -34, 27, 115, -60, 36, 41, 105, 17, -111, -108, 115, 31, 120, 12, 15, -99, 118, 92, 47, -77, 16, 90, 93, 36, -13, -49, -34, -29, 7, -69, 100, 26, 31, 58, -33, 10, -114, -42, 23, 105, -83, 99, 8, -52, -95, 78, -124, 109, -75, 93, 105, 88, -71, 53, -25, -26, -49, 57, 58, 92, 29, -8, -80, -62, 42, -33, 37, -104, -8, 55, 14, 25, 100, -76, -125, 87, 44, 73, 92, -111, -23, 87, 87, -70, 67, -92, 105, -112, 52, -64, -23, 75, -31, -99, -41, 99, -67, 100, -78, -76, 106, 92, 12, -80, -40, 87, 51, 77, -67, -39, -46, -100, 82, -39, 27, 19, 91, 69, 117, 35, -92, 28, -100, -5, -80, 24, -26, -96, -36, 93, -57, 113, 112, -116, -54, 65, -113, 60, -104, 29, 14, 55, -86, 50, -35, -103, 9, -25, 62, -15, -5, 62, 21, 4, -63, -15, -51, 90, -123, 25, 57, -115, 99, 2, 81, -111, -82, 40, -94, 61, 54, -96, -40, -57, -53, -93, 28, 18, 116, -51, 48, 72, -11, 21, 18, 116, -51, -94, -83, 21, -69, -83, 54, -95, -76, 120, -90, 13, -54, -93, -50, -76, 99, -120, -116, -79, -59, 78, -95, -23, 23, -123, 57, 26, 31, -91, 92, -73, 96, -121, 93, 42, 38, 95, -119, 84, 124, 63, 125, 12, 30, 125, 73, -94, -20, 18, -95, -110, -100, -118, -58, 56, -96, 70, -40, 81, 88, -20, 15, -115, 69, 23, 102, -35, -51, 68, 62, 40, 78, -58, -122, 88, -45, -95, 89, 111, -104, 81, 57, -44, -113, 120, 103, 21, 67, -100, -42, -60, -124, 81, 67, -77, -63, -41, -78, -100, 97, -83, 13, -46, -38, 115, 71, -116, -128, -83, -106, 35, -46, -88, -55, -62, 111, -29, -116, -56, -10, 83, 42, 40, -55, 102, 92, 1, 94, -73, -62, 120, -27, -107, -38, -14, 66, -31, 72, -45, -105, 108, -46, -66, -35, -53, 114, -4, 55, -71, -75, 28, -53, 33, -52, -124, 111, -118, -12, -29, -44, 77, -50, -102, 60, -41, -122, 58, 109, 51, -50, -72, 95, 12, 126, 33, 43, 34, -70, -58, 20, 106, -51, 86, 110, -72, 58, -37, 70, -54, -45, -85, -50, 14, -61, -62, -123, 11, 24, -78, 8, 57, -49, -114, 49, 86, -51, -52, 79, -126, -22, 73, 11, -128, -89, 99, 93, 50, -69, -40, -63, 85, 10, -28, -74, -110, 28, 119, -120, 84, 29, -119, 27, -42, -128, 25, -63, -34, -70, 20, -102, 62, 33, 8, -118, 126, 72, -93, 77, -78, 112, 69, 91, -31, -4, 11, -122, -36, 69, 38, 110, -3, -32, 14, 50, 113, 71, -71, 92, -117, 77, -16, 114, -22, -72, 25, 58, 81, 21, 115, -80, 63, 74, -23, 120, 21, -107, -110, 25, 94, 118, 66, -24, 112, 27, 124, -4, -85, -89, -105, -122, -16, -117, -69, 85, -73, 107, 120, -69, -48, -92, -85, 69, -128, 114, 125, 42, 101, -99, 39, -63, 81, -58, -38, -28, -13, 117, 95, 26, 42, -83, 49, -30, -36, 45, -84, 46, -28, -115, 68, -116, -120, 6, 93, -105, 26, -1, 0, -52, 85, 68, 94, -67, 43, 104, -55, 73, 90, 50, -110, 113, -39, -102, 85, -14, -93, 42, -47, 33, -127, -28, 96, -79, -93, 51, 19, -128, 20, 100, -102, -71, 63, 15, -71, -75, 115, 29, -51, -68, -79, 56, 25, 33, -41, 26, 81, -87, 45, -104, -110, 111, 116, 84, 85, -94, -94, -22, 41, -27, -113, 103, 37, -98, -38, 59, -121, -99, 17, 24, 100, -116, 106, -75, -87, 123, 63, 117, 28, -100, -79, 21, -112, 116, 35, 74, -113, 118, 23, 86, 63, 110, 85, 116, 84, -31, -10, -85, 60, -63, 93, -71, 80, 110, -34, 21, -24, 60, 22, 104, 34, -77, 17, 91, 114, -80, 93, 52, 53, -60, -89, 11, -65, -128, -107, -18, 28, -125, -15, 5, -89, 92, 39, -122, -15, 27, 107, -108, 43, 19, -92, 79, -71, 36, 87, 55, 80, -93, 37, -55, -45, -127, -72, 62, 14, -78, -39, 64, 113, -123, -50, 117, -55, 21, -69, -59, 73, 55, -9, 66, -11, -57, 90, -126, -5, 64, 88, -33, -105, 109, 49, -102, 52, -28, -53, 25, 82, 112, 119, 58, 87, -100, -7, 61, 5, -70, 23, -62, -20, -31, -121, 33, 1, 118, 39, -83, 17, -27, -18, -30, 119, -54, -110, -85, -79, 53, 97, -96, -26, -119, 79, 54, 0, -40, 120, -46, -114, 61, 8, 101, -17, 57, -80, -60, 0, 84, 85, -57, 118, 68, -66, 40, 92, -46, -76, -78, 23, 56, -44, -25, 74, -75, 110, -84, -20, 0, -86, 17, -18, 0, 26, 83, -98, 22, -63, 27, 44, -71, -83, -25, -78, 57, -15, -18, -58, -80, -122, 76, 22, 57, -94, 61, -55, 78, -103, -86, -73, 19, 16, -70, 109, 85, -60, -124, -99, 14, 107, -106, -84, -22, -70, 47, -5, 66, -79, -55, 6, -79, -7, -89, 66, 35, -40, 117, -51, 5, 1, -64, -56, -56, -85, 22, -84, -79, -125, -125, -116, -12, -95, -20, 82, -36, -81, 108, 102, 89, 88, -78, 28, -114, -92, 85, -120, -62, 62, 85, -68, 104, -83, 113, 24, 24, -48, -102, -87, 35, -14, 18, -54, -89, 94, -76, -71, 14, 11, -68, -70, 96, 26, -125, -87, 80, 58, -43, 104, -91, 36, -4, 85, 118, 50, 10, -21, -42, -109, -40, 107, 114, -77, 102, -74, 23, -101, 97, 69, -112, 5, -83, 25, 21, 62, 17, 64, -24, -120, -127, -79, -102, -113, 119, -115, -51, 16, 94, 70, -93, 86, -91, -9, 87, -103, 127, 116, -23, 70, -30, 109, 35, -52, -82, -82, 44, -117, -76, -112, 56, 89, 64, -9, 89, 70, 42, -117, 113, -69, -41, -124, -60, -20, -78, 47, -117, 111, 66, -18, 61, 107, 94, -49, -27, 94, -60, 99, 21, -55, -28, 60, -115, -117, -39, 11, 63, 55, 90, -48, -115, -87, -113, -77, -97, 10, -33, -77, -26, -76, -44, -120, -90, 80, -28, 39, 122, 34, 43, 3, -85, 17, 87, 61, -102, -119, 29, -93, -56, 112, -120, 88, -17, -96, -95, -76, 27, -127, -74, 10, -78, -122, 125, 71, 92, 83, 14, 29, 115, 29, -83, -46, -52, -124, -128, -89, 32, -99, 107, 35, -31, 55, -114, 50, -74, -14, 99, -7, 104, -16, 112, -103, -106, 104, -110, 104, -54, -93, 54, -67, 113, 81, 39, 23, -55, 113, -44, -72, 59, 11, 9, -31, -30, 48, -107, -103, 20, -13, 46, 10, -80, -50, -97, -107, 14, -17, -77, 28, 54, 75, 102, -114, 40, -42, 23, 119, 4, 58, -115, 71, -91, 57, -32, -10, 54, 118, -10, -54, -79, -59, -115, 48, 89, -66, 35, -13, -93, -67, -78, -13, 21, 26, -83, 121, -81, 43, -116, -66, 44, -12, 22, 52, -29, -14, 71, 57, -63, 120, 82, -16, -71, -104, 58, -58, -19, -51, -107, -108, 40, -55, 30, 21, -43, -107, 89, -19, 94, 57, -108, 72, -82, 10, -80, -15, 6, -86, 61, -86, -17, -51, -125, 67, -122, -36, 6, -28, 73, -101, 93, -13, 74, 114, -42, -19, -79, -62, 26, 21, 80, -65, -116, 114, 90, -73, 50, 42, 8, -16, 2, -86, -29, 24, -91, 23, 28, 66, -22, 120, -64, -116, 48, 7, 113, -115, -87, -19, -9, 14, 120, -26, 105, 21, -124, -118, -33, 101, -86, -76, 62, -47, 17, -18, -47, 35, 40, 79, -68, -104, -83, 97, 40, -41, -109, 25, -58, 87, -32, 47, 9, 49, -83, -84, 125, -31, 118, 56, -55, -55, -21, 87, 19, -118, -58, -110, -70, -55, -112, -67, 42, -83, -52, -42, -42, 112, 73, 51, -107, 64, -117, -52, -39, -39, 107, -50, -81, -69, 108, -105, 82, -81, -77, 97, -97, -104, 126, -55, 70, -66, -128, -11, -15, -41, 27, 15, 26, -61, 36, -30, -99, -78, -11, 56, 42, 71, -86, -89, 17, -117, -97, 42, -40, 67, -71, 38, -93, 113, 125, 27, 74, 121, 95, 74, -15, 11, -18, -45, 113, 86, -102, 104, -31, -119, -71, 99, -62, -70, -9, -127, -76, 7, 57, -56, 27, -45, 46, 25, -37, 43, -89, -99, -51, -62, -26, 36, 62, -14, -86, 96, -81, -49, 93, 63, -26, 107, 37, -105, 29, -16, 39, -106, 71, -86, -36, 92, -69, -123, -18, -37, 110, -126, -88, 92, -51, 47, 121, -5, 82, 65, 62, 52, -115, 59, 79, 105, 19, 102, 73, -107, 1, -63, 25, 56, -9, 73, -64, 56, -4, 41, -77, -15, 24, 56, -116, 8, -32, -13, 48, 26, 21, -4, 107, -94, 45, 94, -60, -71, 89, 20, 30, -9, 49, -85, -16, 74, 83, -31, 56, -91, -27, -76, -94, 68, -25, -58, -76, 123, -119, 58, 29, 91, 58, -50, 64, -112, -32, 13, -22, -55, -74, 80, -54, 80, -23, -42, -108, -119, 0, -117, 0, 124, -24, -80, -33, -14, 46, 36, 108, -118, -55, -59, -10, 55, 82, 75, -111, -116, -81, -35, -116, 19, -12, -91, 115, 93, 58, 49, -63, 56, -13, -93, -75, -60, 114, 16, -51, -95, -58, 6, 40, 114, -63, 28, -117, -107, 109, 105, 47, -28, 37, -65, 5, 101, -71, 110, 108, -28, -26, -82, -37, 75, 36, -24, -36, -52, -27, 87, -88, -86, 109, 104, -32, 103, 25, -88, -60, -46, 68, 72, 4, -116, -8, 85, 52, -97, 4, -90, -41, 35, 72, -61, 44, -64, 99, 122, -76, 111, 2, 47, -99, 46, -114, -31, -37, 82, -58, -94, -18, 95, -82, -75, 26, 75, 82, 44, -49, 127, -99, -88, 39, -120, -80, 24, -46, -85, 50, 26, 4, -120, -21, -45, 52, -44, 80, -100, -104, 87, -97, 39, 122, -41, 123, 85, -116, 111, -99, -113, -46, -74, 1, 27, -125, 84, -110, 39, 80, -116, 112, 114, -39, 60, -54, 64, -16, 6, -73, 31, 7, 14, 112, 0, 63, 60, 83, 52, 86, 7, -31, -85, -42, -14, -58, -119, -17, -90, -43, -93, -55, 36, 102, -79, -59, -120, -41, -124, 47, 123, -125, 108, 79, -95, -90, 22, -4, 41, 93, 64, 123, 111, 117, 122, 53, 49, -17, 35, 39, -99, 99, 35, -106, -120, -73, 97, 116, 109, -86, 94, 73, 50, -42, 56, -95, 87, -22, -53, 56, -92, -52, -74, -61, -23, -91, 22, 59, 27, 62, -16, -111, 25, -27, -16, 83, 76, -89, -71, -123, -93, -57, 40, 38, -105, 18, 17, -77, -49, -53, -102, 90, -92, -60, -44, 81, 117, 32, -73, -116, -13, 69, 35, 8, -49, -39, 18, 105, 89, 34, 90, 71, 63, 56, 111, 80, 105, 108, -82, 1, -54, -116, -30, -124, -18, -46, 16, 73, -90, -96, -7, -79, 57, -41, 7, 64, -73, 75, -116, 33, 24, -87, -117, -126, 54, -44, -46, 123, 8, -71, -36, -13, 57, 24, -38, -100, -64, 33, -26, 8, -111, -98, 99, -71, 53, -100, -94, -94, 105, 25, -71, 5, 73, -103, -109, 44, -128, -48, 101, -70, -58, -100, -122, -82, -86, -60, -96, -107, -48, -3, -43, 86, 112, 6, -70, 28, -44, 42, 52, 118, 82, -98, -22, 73, -74, 20, -93, -120, -15, -88, 120, 113, 94, -7, -3, -10, 58, 42, -17, -113, 26, 107, 40, -63, -45, -18, -81, 40, -3, 37, -33, -54, -100, 64, 90, -105, -120, -9, 105, -108, 104, -80, 100, 58, 12, -13, 14, -99, 113, -29, -67, 86, 73, 104, -118, -93, 6, -37, 116, 83, -19, 15, 104, -18, 47, -81, 111, 22, -42, 119, 104, -7, -71, 74, 19, -123, -57, -111, -41, 57, 0, 125, 13, 114, -9, 13, 8, 80, -4, -45, -107, 77, -103, 87, 82, 14, -6, -23, -127, 75, -46, -22, 69, -123, -33, -102, 80, 57, -71, 121, -74, 3, 115, -113, 51, -42, -81, -38, 92, 61, -73, 36, -110, -62, -56, -61, 61, -41, -69, -107, -25, -41, 1, -44, -18, 51, -53, -81, 79, -70, -72, -102, 109, -37, 52, 80, -14, 29, 110, 90, -38, -37, -35, 73, 88, 1, -54, 29, -41, 83, -52, 15, 46, 117, -45, 94, -66, 70, -118, -105, -100, 66, -38, -38, 88, -94, 6, 46, -7, 4, -92, -55, -94, -120, -63, -45, 76, 120, -20, 106, -124, -77, -13, 75, 63, -74, -36, 97, 102, 37, -53, 34, -106, 44, -53, -88, 26, 109, -82, 49, -31, -91, 18, -22, -26, 41, 5, -78, -40, 73, 51, 14, -17, -110, -32, -56, -68, -85, 44, -99, 112, 58, -25, 56, -59, 20, 61, 40, -75, 101, -58, -26, -127, 37, 55, 49, -103, 35, -109, 67, -52, 6, 80, 121, 120, 116, -81, 67, -20, -89, 29, -31, 79, 97, 21, -76, -73, 15, 13, -54, 40, 86, 51, 96, 115, -73, -105, -106, -101, -8, 98, -68, -50, 91, -39, 46, -124, 125, -30, -88, -111, 125, -50, 98, 113, -49, -96, 31, 60, 99, 115, 89, 109, 26, -37, -36, -21, 39, 54, 78, -118, 24, -112, 117, -14, -86, -57, -111, -29, 118, -116, -36, 19, 61, -26, -50, 22, -69, -120, -54, -102, -81, 49, 83, -99, 48, 70, -30, -83, -83, -117, -14, -13, 40, -64, -13, -83, -2, -113, 37, -114, 110, -56, 89, -52, 34, 16, -31, 74, 48, -58, 57, -71, 73, 94, 111, -98, 5, 55, -70, -108, 48, -28, 64, 43, -78, 57, 92, -121, -95, 37, 98, -40, -30, 96, 57, 72, -48, -44, 90, -53, -104, -28, 10, -72, -85, 68, 85, -13, -85, 109, -119, 36, 82, -118, -56, -125, -31, 86, -110, -41, 31, 17, 52, 112, 49, -10, -77, 91, -51, 70, -20, -91, 72, -113, 116, -36, -72, -26, -56, -96, 53, -66, -69, 85, -60, 36, 3, -127, -67, 96, -119, -104, -26, -107, -47, 117, 101, 37, -73, -14, -87, 123, 54, -71, -50, 42, -1, 0, 114, 85, 114, 106, 5, 105, 88, -88, -87, -36, 47, 92, -47, -95, -74, -120, 107, 47, -35, 83, -27, -83, -124, -94, -58, -111, -124, -37, 103, -35, 64, 71, -104, -88, 77, 4, 15, -126, 10, -81, -91, 23, -70, -42, -73, -56, 60, 41, 20, 38, -10, 111, -89, -115, 78, 27, 65, -110, 105, 42, 118, -53, -123, 54, -84, -110, -81, -86, -125, -3, -86, -62, 118, -61, -125, -9, 100, 43, 72, -57, -64, 46, 63, -67, 97, -11, -72, 107, -14, 51, 73, 88, -42, 88, 15, -62, 14, -108, 46, -29, 29, 53, -92, -78, -10, -62, -44, 124, 16, 22, -2, 103, 2, -86, 73, -37, 25, 0, -3, -108, 81, 47, -85, 115, 86, 111, -44, 112, 46, -10, 27, 29, 39, 118, -39, -40, 84, 90, -33, -101, 117, 21, -57, 92, 118, -65, -120, 54, 121, 39, -126, 63, -27, -117, 95, -68, -43, 23, -19, 47, 22, 115, -91, -4, -96, 31, -35, 69, 31, -123, 71, -36, -15, -10, 76, 78, -114, -5, -39, -120, -40, 98, -76, -74, 36, -100, -102, -31, -31, -29, -41, -31, 63, 105, 119, 114, -25, -50, 70, 31, -38, -123, 39, 29, -30, 76, 127, 103, 61, -62, -7, -9, -122, -95, -6, -74, -5, 68, -102, -119, -24, -80, 88, -80, 57, 31, 13, 95, -118, 17, 30, -58, -68, -91, 56, -89, 25, 118, -49, -73, 95, 127, -9, -112, 63, -67, 90, -121, -118, 113, -108, 63, -6, -37, -109, -4, -41, 77, -3, -77, 81, 47, 85, -117, -3, 127, -47, -89, 20, 122, -103, -116, 98, -94, 97, 70, -34, -68, -14, 14, 55, -58, 65, -46, -20, -6, 52, -123, -65, -67, 48, -73, -29, 124, 111, -2, -20, 109, -3, 53, 11, -43, 113, -82, 81, 126, -28, 78, -64, -38, 64, 84, -29, 35, 77, -63, -38, -66, 117, -3, 36, 89, 92, 88, 118, -126, -17, 51, -67, -44, 65, -108, 25, -28, 64, -84, 88, -82, -60, 87, -75, 67, -57, 120, -127, -1, 0, 22, 40, -113, -53, 21, -30, -65, -92, 14, 39, 117, -57, 120, -11, -19, -44, 113, -72, -73, 82, -86, 28, 70, 116, 10, -95, 78, 78, 49, -65, 74, -24, -57, -42, 99, -22, 31, -57, -80, -45, -115, -20, 114, -23, 52, 16, -37, -76, 102, 37, 45, 42, -31, -28, -50, 88, 48, 36, -114, 95, 13, -58, 71, 94, 90, -119, 110, -8, -123, 48, 20, 126, -20, -79, 37, -114, 72, -24, 112, 107, -87, -31, -99, -125, -68, -68, -31, -80, 95, 64, -62, 71, -107, -49, -20, 8, 49, -78, -128, 9, -44, -99, -74, -12, -44, 82, 110, 53, -62, 111, 120, 44, -26, -54, -12, -56, -114, -64, 50, -123, -109, 66, -65, -113, -2, 106, -29, -105, 28, -37, -118, 123, -102, 90, 22, -119, -117, 18, 7, 123, -81, -119, -49, -67, -80, -51, 110, 70, -26, 33, 4, 92, -18, 1, 3, 27, -109, -90, -92, 85, -71, -8, 79, 16, 107, 41, -81, 86, -58, 101, -75, 93, 28, -88, -8, 78, 51, -106, 4, -28, 14, -71, -86, -111, -62, -46, -25, -69, 94, 83, -114, -103, 98, -33, -97, -91, 90, -95, 108, 104, 93, 57, 85, 105, 25, -92, 24, -41, -99, -119, 39, -56, -7, 85, -21, 25, -118, -121, 46, -62, 57, 0, -36, 13, 65, -50, -122, -70, -103, -69, 15, -60, -102, -50, 43, -5, 86, 23, 44, -22, -84, 83, -108, -85, -74, 113, -65, 54, -71, 30, 122, -41, 53, -60, 98, 110, 25, 48, -114, 107, 110, 75, -128, 57, -52, 108, 6, 72, 58, 107, -41, -21, -29, -102, -54, 57, -95, -111, -44, 25, 45, -89, -79, -17, -33, -93, -34, 86, -20, -91, -118, 34, -86, -14, 2, 31, -107, -108, -28, -28, -27, -76, 39, 115, -13, -82, -119, -48, 46, -58, -68, -125, -12, 91, -60, 98, -68, -76, -69, -123, 72, -114, -31, 36, 15, -110, 73, 44, -92, 99, 63, 44, 125, -11, -34, -91, -60, -47, 109, 112, 126, 76, 107, -105, 47, -85, -82, -97, 35, -57, 40, -16, 70, -53, 99, -92, 72, -13, -74, -76, 85, -128, 117, 21, -51, 55, 18, -99, 127, -9, 108, 7, -121, 49, -95, -98, 40, -8, -55, -71, -101, -48, 49, 21, -97, -33, 96, -1, 0, 70, 53, -92, -22, -3, -100, -115, -9, -83, 119, 88, -36, -118, -29, -37, -116, -111, -2, 124, -39, -1, 0, -28, 53, 6, -29, -78, 32, -56, -72, -109, -3, 102, -102, -11, -75, -34, 12, 119, 19, -75, -115, -71, 91, 2, -89, -50, 75, 109, 92, 68, 125, -90, -71, 25, -61, 43, 15, -30, -42, -116, -99, -83, -111, 8, 18, -63, 27, 15, 34, 71, -9, -83, -31, -22, -72, 37, -7, 90, 5, 36, 118, -117, -126, 9, -56, -88, -123, 83, -26, 107, -100, -73, -19, 117, -101, 17, -34, 69, 42, 121, -24, 69, 48, -117, -76, 60, 46, 124, 98, -19, 20, -1, 0, 26, -30, -70, -95, -43, -31, -105, 18, 69, 90, 99, 22, 77, 107, 88, -83, 69, 117, 111, 63, -8, 83, -58, -28, -8, 56, -51, 17, -127, 29, 43, 117, 52, -8, 99, -40, -46, 22, -87, 21, -26, -42, -94, 42, 98, -104, -49, 21, 91, 25, 24, -32, -86, -113, -99, 25, 120, 107, -19, -128, 43, -81, -3, 77, 24, -8, 100, 111, -69, -14, -83, 14, 24, -128, -29, -99, -2, -17, -54, -66, 41, -25, 103, 61, 51, -105, 94, 21, 39, -39, 98, -65, 32, 104, -119, -63, 25, -121, -67, 35, 124, -64, 31, -38, -70, 97, -61, 99, 31, -26, 55, -35, -7, 84, -113, 15, 81, -77, -75, 79, -70, -62, -114, 122, 62, 7, 26, -22, 74, -73, -11, 26, -78, -100, 22, 35, -47, 71, -104, 38, -100, -117, 32, -65, 108, -3, 43, 94, -54, 115, -15, -100, 122, 82, 121, 101, -28, 84, 45, 94, 11, 107, -10, -105, 62, -90, -120, -68, 22, -53, -9, 7, -42, -81, -117, 76, -3, -78, 42, 94, -58, -33, 102, 81, -12, -87, 115, -105, -112, -94, -102, -16, -117, 17, -89, 116, 15, -52, -47, -109, -121, 89, 70, 125, -37, 116, -49, -103, -93, -2, -81, -108, -115, 37, 81, -11, -88, -2, -82, -70, -23, 60, 68, 121, -106, -4, -87, 106, -105, -112, -2, -115, -120, 96, 77, -96, -117, -23, 91, -62, 116, 69, 90, -48, -31, 119, 45, -15, 92, 66, -66, -103, 53, 49, -62, -104, 124, 119, -93, -6, 99, -1, 0, 122, -101, -112, -66, 94, 8, 23, -63, -9, 113, -12, 31, -107, 64, 96, 15, -123, 48, 119, -9, 6, -75, 117, 120, 125, -78, -97, -38, 77, 35, -6, -112, 40, -123, -20, 45, -64, 37, 84, 124, -63, -4, 104, 90, -5, 49, -88, -56, -94, -67, -21, 124, 17, -25, -7, 86, -125, 117, -62, 34, -65, 116, 123, -85, 24, 102, 104, -40, 50, 52, -79, -87, 42, 70, -40, -49, -87, -93, 94, -10, -105, -124, 89, -116, 60, -8, 36, 103, -107, 72, -49, -46, -111, 93, -10, -6, -43, 85, -67, -117, -121, -50, -17, -48, -54, 66, 3, -8, -42, -40, -15, 101, -69, 86, 27, 46, -29, 30, 17, -39, -72, -72, 74, -36, 45, -100, 88, -114, -26, 78, 121, 21, -36, 48, -16, -64, 30, 30, 91, 87, 27, -40, 14, -51, -40, 93, -114, 37, 114, -106, 113, -69, -37, 113, 25, 18, 41, 12, -92, 114, 5, 111, 116, 0, 8, -58, -61, 106, 37, -1, 0, 108, -72, -43, -48, 101, -74, 72, 109, 1, 24, 86, 65, -52, -61, -26, 105, 47, 102, -82, 120, -81, 103, -31, 120, 44, 103, 83, 19, -65, 59, 44, -118, 27, 39, -57, 59, -41, 124, 49, 101, 88, -90, -100, -2, 78, -127, 78, 58, 94, -25, -85, -5, 37, -57, -38, 72, -105, 58, -18, 52, -6, -26, -109, 118, -125, -78, 112, -15, -95, 3, 51, -61, 5, -60, 51, -92, -94, 112, -95, -119, -27, -24, 116, 25, -45, 77, 118, -92, -79, -10, -81, -116, 3, -17, -63, 108, -1, 0, -22, -4, -22, -28, 125, -84, -68, -9, 123, -53, 8, -113, -113, 35, -111, 92, 112, -23, -14, 98, -106, -88, 61, -55, 82, -118, -32, 117, 105, -64, 44, -84, 102, 121, -84, -32, -76, -126, 73, 70, 36, 120, -93, 85, 47, -21, -128, 60, 106, -55, -79, 99, -2, 108, 95, 64, 41, 84, 125, -88, -127, -65, -59, -78, -107, 125, 49, 86, -29, -19, 7, 12, -105, -30, 46, -98, -79, -102, -58, 120, -92, -35, -53, -112, -43, 22, 29, -72, 107, -25, 67, 19, 124, -24, 50, 112, -106, 39, 61, -38, 103, -42, -82, 71, 125, 99, 47, -8, 119, 9, -23, -100, 81, 75, -61, -116, -122, 39, -48, -44, 104, -94, -76, -57, -56, -91, -8, 75, 13, 121, 53, -14, 53, 90, 94, 13, 33, -44, 18, 62, 116, -5, -36, -36, 51, 124, -21, 68, 120, 107, -22, 106, -107, -82, 24, -100, 81, -53, -73, 4, -112, 19, -121, 57, -88, 126, -90, -67, -39, 101, 36, 121, -100, -41, 85, -54, -67, 64, -84, 33, 105, -21, -110, 21, 28, -88, -32, -105, -37, 101, 0, -11, -59, 26, 62, -49, -49, -97, 126, 100, 81, -4, 32, -109, 93, 33, -27, 29, 7, -46, -93, -52, -66, 95, 74, 107, 36, -71, 69, 10, 97, -32, -94, 45, -18, 28, -3, 7, -31, 87, 96, 19, -37, -1, 0, -123, 117, 50, -6, 72, 69, 29, -92, 81, -10, 71, -46, -96, 102, 30, 95, 74, 107, 36, -41, 14, -123, 108, -79, 31, 20, -30, 41, -89, -76, 6, -2, 101, 7, -16, -94, 14, 51, -60, 6, -26, 54, -2, -111, 84, 76, -93, -2, 10, -119, -101, -2, 98, -74, 93, 86, 117, -5, 49, -36, -68, -127, -3, 101, -90, 72, 3, -52, -102, 32, -67, 111, 3, 73, -60, -38, -24, 126, 91, 84, -124, -51, -53, -112, -52, 107, -97, 65, 90, -122, -34, -36, -33, -69, -12, -83, 11, -87, -113, 74, 84, -73, 12, 126, -41, -46, -90, 46, 24, 121, -118, 90, 71, 99, 81, 113, 33, -35, -79, -27, 82, -17, -36, 106, 90, -107, 9, -119, -41, 36, 15, 42, -112, -105, 63, 107, -21, 75, 72, -83, 13, 22, -27, -114, -20, 62, 117, 33, 40, 39, 124, 122, -46, -93, 41, -50, 65, 3, -17, -87, 9, 91, 76, -97, -83, 45, 32, -102, 27, -121, -41, 71, 31, 90, -97, 124, -61, 108, 31, -70, -108, -117, -113, 53, -2, -43, 33, 114, -64, 107, -51, -3, 58, -46, -46, 85, -95, -80, -108, -99, 115, 82, 51, 18, 49, -49, -118, 86, 39, -50, -60, -23, -67, 73, 101, 86, -44, 55, -49, 52, 49, 12, 89, 85, -74, 43, -11, -91, -105, -4, 28, -36, -99, 24, -29, -61, -104, -47, 13, -50, 14, -128, 15, 44, -47, 18, -24, 100, 97, -108, 31, 12, 80, -89, 37, -64, -102, 76, 68, -35, -112, -22, -117, 24, -12, 56, -95, -1, 0, -46, 50, -20, 81, 15, -93, -41, 74, 38, -26, 59, -21, -27, 91, -17, -120, -36, -100, 122, -102, -43, 117, 57, 23, 114, 125, -72, -100, -41, -3, 32, -25, 25, 80, 61, 26, -90, -67, -112, 24, -8, -79, 93, 50, -52, 15, -113, -52, -44, -42, 111, 23, 52, -66, -89, 39, -111, 44, 81, 57, -127, -39, 52, 27, -51, 69, 78, -51, 67, 31, -59, 114, -29, -56, 87, 73, -34, -89, 92, 26, -116, -115, 19, 125, -111, -11, -91, -11, 19, -14, 63, 110, 34, 33, -64, -83, 87, 119, -107, -65, -88, 126, 85, 49, -62, -84, -45, -20, 72, 127, -86, -101, 52, 40, 118, 113, 66, 107, 119, 43, -112, 70, 51, -71, 56, -93, -35, -109, -18, 78, -124, 80, 91, 123, 120, -2, 24, -2, -90, -117, -34, 42, -115, 35, 65, -113, 26, -109, -37, -56, 62, 37, 63, 42, 19, 68, -8, 36, 98, -115, 72, 85, 65, -106, -28, -2, -30, 125, 106, 94, -43, -90, 90, 60, 122, 26, -87, -54, -40, -23, -14, -88, -66, 122, -125, -14, -89, 104, 45, -105, 26, -23, 116, -56, 32, 121, -44, 77, -54, -8, -3, -11, 73, -80, 119, 111, -107, 64, -56, -85, -127, -111, 79, 97, 54, -53, -51, 58, -99, -100, 80, -53, -98, -123, 13, 82, 105, 65, -48, -107, -6, 80, -99, -108, 108, -96, -7, -45, 66, -44, -58, 6, 118, -40, 119, 127, 90, 27, 92, 56, -24, -108, -65, -30, 58, -115, 61, 107, 93, -56, -21, 51, 125, 106, -110, 38, -39, 120, -35, -73, -18, -3, -11, 3, 115, 47, 84, 31, -22, -86, -84, -83, -1, 0, 112, -125, -4, -43, 14, 71, 27, 75, -1, 0, -22, -102, 66, 114, 96, 26, 96, 117, 90, -59, -72, 40, 54, -46, -107, -121, 36, -25, -104, -113, -99, 109, -114, 119, 102, -5, -85, 77, 6, -74, 48, 75, -100, -99, -57, -42, -113, -52, -92, 100, -100, 31, 58, 80, 37, 69, 24, 36, 102, -120, -105, 35, 93, 6, -98, 38, -109, -128, -20, 104, -83, -125, -80, -49, -122, -11, 62, -8, -127, -98, 76, -113, 49, 74, -59, -64, 35, 77, 7, -112, -83, 53, -55, -50, 36, 76, -113, 28, 102, -89, 64, -84, 112, 38, 3, -31, 108, 120, -5, -72, -84, 91, -113, 123, 4, 28, 82, -107, -72, 1, 70, 24, 48, -24, 5, 17, 37, 36, -28, -126, 87, -46, -109, -128, -58, 126, -47, -4, 92, -89, -96, -58, 115, 90, -25, 36, 107, -87, 59, -28, 126, 53, 67, -68, 1, -14, 84, -28, -11, 11, -118, 42, -54, -97, 99, 126, -70, 10, -99, 33, 101, -27, -109, -108, -25, -98, -116, 46, 125, -34, 108, -87, 62, 34, -107, -121, 3, -4, -49, -20, 77, 25, 94, 66, -71, 50, 30, 83, -74, 64, 63, -123, 39, 18, -84, 98, -77, -31, 112, -84, -95, 79, -104, 21, 17, 41, 81, -66, 6, -25, -35, -86, 43, 33, 125, 68, -113, -97, 37, -83, 119, -59, 64, 13, -52, -6, 107, -98, -97, 33, 75, 72, 88, -60, 93, 1, -23, -29, -102, -103, -72, -24, -82, 1, -33, -107, -76, 52, -66, 55, 13, -16, -3, -30, -92, 100, 109, -70, -113, -31, 31, 118, 105, 105, 65, 99, 21, -72, 99, -15, 6, -11, -94, 36, -121, -2, 26, 82, -73, 15, -44, -82, 124, -58, 40, -117, 41, -15, 56, -13, -87, 112, 21, -114, 22, 93, 53, -4, -22, 70, 65, -29, 74, 22, -32, -125, -128, 113, -14, -94, 123, 67, 102, -95, -64, 118, 52, 14, 115, -109, -73, -99, 111, -68, -41, 83, -54, 52, 57, -13, 20, -80, 76, -33, 103, 67, -27, 68, 23, 7, 24, 39, -52, -125, -67, 45, 33, 99, 49, 112, -61, 99, -8, 84, -69, -2, 111, -119, 84, -46, -63, 63, 48, 39, 56, -11, -83, 36, -52, -121, 37, -127, 30, 32, 109, 70, -112, -79, -82, 32, 109, 74, 16, 124, -85, 66, 4, 124, -31, -122, -37, 98, -105, -117, -110, 78, 115, -111, -29, -79, -94, 11, -116, -24, 78, 7, -114, 106, 105, -114, -61, -53, 97, -43, 49, -25, -118, -85, 45, -128, 44, 50, 15, 48, -37, 76, -118, 42, 93, -98, 126, 80, 91, 3, 99, -102, 34, -35, 16, 113, -128, 71, -83, 52, -28, -121, -79, 66, 75, 39, 25, 35, -109, 35, 122, -81, 36, 69, 65, -56, 25, -89, 45, 58, 72, 64, -48, 31, 93, 106, 6, 53, 109, -50, 125, 106, -42, 70, 75, 72, 66, -47, -25, 66, 51, -118, 19, -62, 63, 116, 124, -123, 60, 107, 24, -40, 28, 29, 73, -45, 90, -83, 61, -117, -81, 64, -43, -94, -56, -119, 113, -16, 38, 60, -70, -24, 71, -123, 12, -100, 125, -80, 62, 85, 126, 88, 93, 24, -85, 68, 66, -12, 7, -3, -86, -79, -115, 67, 16, 65, 35, -57, 66, 107, 104, -76, -55, 104, -26, 81, -40, -11, -58, -99, 40, -127, -37, 56, -49, -115, 101, 101, 117, 48, 8, -70, -77, 19, -82, 54, -96, 72, -60, -54, 118, -36, 116, 21, -107, -108, -94, 53, -56, 69, -111, -61, -32, 49, 3, 30, 53, 57, 29, -71, 7, -68, 119, -4, 107, 43, 40, -112, 48, -78, 124, 123, -111, -91, 110, 57, 28, -98, 92, -23, -102, -35, 101, 64, -119, 65, 35, -107, -43, -40, -6, -102, 48, 3, 59, 117, -84, -84, -88, 99, 68, -121, -38, 52, 66, -60, 71, -90, -107, -107, -107, 33, 34, 92, -60, 38, 116, 39, -50, -94, -77, 54, 25, -41, 10, 67, 99, 65, 89, 89, 82, -122, 16, 18, -48, 9, 11, 28, -73, -98, -44, 118, 99, -18, 12, -28, 86, 86, 84, -80, 54, -57, 57, -50, -70, 86, -56, -60, 121, 26, 31, -10, -84, -84, -87, 99, 102, -41, 87, -83, -119, 24, 72, 71, 77, 43, 43, 40, 36, 41, 118, 80, 72, 39, 92, 86, -111, -55, 63, 42, -54, -54, 72, 100, -7, -113, 49, -14, -51, 77, 29, -126, 3, -109, -100, 86, 86, 84, -79, 18, 82, 91, -109, -104, -109, -100, 102, -92, 119, 35, 29, 43, 43, 42, 70, 109, -16, -40, 12, -93, 24, -94, 40, -62, 18, 52, -64, -48, 86, 86, 80, -64, -108, 100, -70, 6, 59, -42, -71, -40, 54, 1, -46, -78, -78, -89, -72, -40, 68, 99, -55, -100, -21, -118, -97, 59, 16, 50, 126, -41, -27, 89, 89, 72, 9, -32, 49, 33, -70, -43, 121, 109, -29, 4, -31, 113, -83, 106, -78, -124, -35, -115, 31, -1, -39], govIdBack=[-1, -40, -1, -32, 0, 16, 74, 70, 73, 70, 0, 1, 1, 0, 0, 1, 0, 1, 0, 0, -1, -37, 0, -124, 0, 9, 6, 7, 8, 7, 6, 9, 8, 7, 8, 10, 10, 9, 11, 13, 22, 15, 13, 12, 12, 13, 27, 20, 21, 16, 22, 32, 29, 34, 34, 32, 29, 31, 31, 36, 40, 52, 44, 36, 38, 49, 39, 31, 31, 45, 61, 45, 49, 53, 55, 58, 58, 58, 35, 43, 63, 68, 63, 56, 67, 52, 57, 58, 55, 1, 10, 10, 10, 13, 12, 13, 26, 15, 15, 26, 55, 37, 31, 37, 55, 55, 55, 55, 55, 55, 55, 55, 55, 55, 55, 55, 55, 55, 55, 55, 55, 55, 55, 55, 55, 55, 55, 55, 55, 55, 55, 55, 55, 55, 55, 55, 55, 55, 55, 55, 55, 55, 55, 55, 55, 55, 55, 55, 55, 55, 55, 55, 55, 55, -1, -64, 0, 17, 8, 0, -108, 1, 14, 3, 1, 34, 0, 2, 17, 1, 3, 17, 1, -1, -60, 0, 28, 0, 0, 2, 2, 3, 1, 1, 0, 0, 0, 0, 0, 0, 0, 0, 0, 0, 3, 5, 2, 4, 0, 1, 6, 7, 8, -1, -60, 0, 65, 16, 0, 2, 1, 3, 2, 3, 5, 5, 4, 8, 5, 3, 5, 0, 0, 0, 1, 2, 3, 0, 4, 17, 33, 49, 5, 18, 65, 6, 19, 81, 97, 113, 20, 34, 50, -127, -111, 66, -95, -63, -47, 7, 21, 35, 82, 98, 114, -126, -79, 51, 67, -110, -31, -16, 22, 83, -15, 52, 68, 115, -109, -94, -1, -60, 0, 26, 1, 0, 3, 1, 1, 1, 1, 0, 0, 0, 0, 0, 0, 0, 0, 0, 0, 0, 1, 2, 3, 4, 5, 6, -1, -60, 0, 40, 17, 0, 2, 2, 1, 3, 3, 3, 4, 3, 0, 0, 0, 0, 0, 0, 0, 0, 1, 2, 17, 3, 18, 33, 49, 4, 65, 81, 5, 19, 34, 20, 21, 50, 66, 97, -127, -95, -1, -38, 0, 12, 3, 1, 0, 2, 17, 3, 17, 0, 63, 0, -13, 108, 84, -46, 38, 109, -75, -84, 2, -92, -71, 31, 9, 34, -66, -124, -15, -84, -63, 25, 27, -125, 83, -18, -21, 57, -53, 111, 83, 86, 56, -42, -127, 89, 16, -75, 32, 42, 65, -65, -122, -120, 27, 77, -121, -46, -102, 17, -91, 20, 104, -50, 58, 100, 86, -108, -7, 15, -91, 16, 107, -48, 80, 38, 25, 38, 11, -94, -88, -59, 77, -97, -97, 29, 40, 10, 40, -118, 41, -47, 45, -122, 10, 60, 86, -120, -76, 53, 20, 100, 90, 100, -123, 78, 118, -9, 70, -85, -46, -116, -79, -107, -8, -76, -95, 38, 87, 111, -70, -118, -96, -17, -110, 73, -15, -96, 65, 20, 81, 80, 84, 16, 81, -44, 80, 34, 104, -75, 97, 5, 14, 49, 86, 80, 84, 48, 38, -126, -84, 34, -44, 17, 122, -43, -120, -93, 102, 56, 85, 36, -8, 1, 89, -71, 34, -46, 101, -2, 21, 99, -19, -20, -16, 38, 22, 64, 57, -107, -67, 43, -91, -32, 118, 83, 88, 67, 50, -80, -60, -124, -12, -37, -27, 72, 56, 36, -122, -34, -19, 93, 84, -77, 96, -116, 1, -83, 117, 54, -9, -20, -17, -56, -15, -108, 108, 103, 4, 98, -72, 122, -119, 74, -24, -17, -23, -29, 30, 123, -108, 56, -68, 45, 113, 18, -27, 71, 120, -97, 9, -95, -61, 24, -122, 62, -19, 23, 3, -87, -3, -22, -67, 112, 121, -51, 7, -69, -14, -84, -93, 45, -88, -42, 81, -7, 106, 55, 29, 77, -100, -88, 10, -75, 16, -104, 27, 86, -71, 117, -92, -54, 15, 30, 15, -81, 90, -73, 24, -86, 74, 113, -118, -67, 110, -68, -29, 122, -50, 69, -60, 60, 122, 10, 42, -44, 85, 49, 82, -38, -77, 53, 52, 85, 114, 67, 96, -126, 122, -118, -33, 74, -39, -38, -94, 13, 0, 42, -67, -110, 83, 33, 71, -9, 84, 108, 60, 106, -83, 57, -71, -73, -114, -32, 2, 91, 12, 54, 34, -86, -120, 22, -33, 73, 19, -68, -50, -51, 90, -87, -86, 49, -108, 29, -97, 48, -14, -42, -15, 69, -27, -14, -84, -27, -14, -81, 112, -14, -20, 24, 90, -112, 21, 48, -75, 32, -96, 80, 34, 32, 81, 21, 107, 97, 104, -118, 40, 17, -118, 40, -118, 43, 21, 104, -86, -76, -60, 104, 10, 42, -83, 96, 90, 34, -83, 49, 27, 85, -93, 32, -88, -88, -94, -86, -48, 34, 74, 40, -56, -75, 5, 20, 116, 20, 18, 77, 22, -114, -119, 80, -116, 109, -91, 117, -10, 125, -101, -74, -70, -32, 113, -34, 91, -68, -83, 55, 46, -85, -47, -50, 118, -84, -78, -27, 88, -22, -53, -122, 55, 55, -15, 17, -16, -34, 27, 115, -60, 36, 41, 105, 17, -111, -108, 115, 31, 120, 12, 15, -99, 118, 92, 47, -77, 16, 90, 93, 36, -13, -49, -34, -29, 7, -69, 100, 26, 31, 58, -33, 10, -114, -42, 23, 105, -83, 99, 8, -52, -95, 78, -124, 109, -75, 93, 105, 88, -71, 53, -25, -26, -49, 57, 58, 92, 29, -8, -80, -62, 42, -33, 37, -104, -8, 55, 14, 25, 100, -76, -125, 87, 44, 73, 92, -111, -23, 87, 87, -70, 67, -92, 105, -112, 52, -64, -23, 75, -31, -99, -41, 99, -67, 100, -78, -76, 106, 92, 12, -80, -40, 87, 51, 77, -67, -39, -46, -100, 82, -39, 27, 19, 91, 69, 117, 35, -92, 28, -100, -5, -80, 24, -26, -96, -36, 93, -57, 113, 112, -116, -54, 65, -113, 60, -104, 29, 14, 55, -86, 50, -35, -103, 9, -25, 62, -15, -5, 62, 21, 4, -63, -15, -51, 90, -123, 25, 57, -115, 99, 2, 81, -111, -82, 40, -94, 61, 54, -96, -40, -57, -53, -93, 28, 18, 116, -51, 48, 72, -11, 21, 18, 116, -51, -94, -83, 21, -69, -83, 54, -95, -76, 120, -90, 13, -54, -93, -50, -76, 99, -120, -116, -79, -59, 78, -95, -23, 23, -123, 57, 26, 31, -91, 92, -73, 96, -121, 93, 42, 38, 95, -119, 84, 124, 63, 125, 12, 30, 125, 73, -94, -20, 18, -95, -110, -100, -118, -58, 56, -96, 70, -40, 81, 88, -20, 15, -115, 69, 23, 102, -35, -51, 68, 62, 40, 78, -58, -122, 88, -45, -95, 89, 111, -104, 81, 57, -44, -113, 120, 103, 21, 67, -100, -42, -60, -124, 81, 67, -77, -63, -41, -78, -100, 97, -83, 13, -46, -38, 115, 71, -116, -128, -83, -106, 35, -46, -88, -55, -62, 111, -29, -116, -56, -10, 83, 42, 40, -55, 102, 92, 1, 94, -73, -62, 120, -27, -107, -38, -14, 66, -31, 72, -45, -105, 108, -46, -66, -35, -53, 114, -4, 55, -71, -75, 28, -53, 33, -52, -124, 111, -118, -12, -29, -44, 77, -50, -102, 60, -41, -122, 58, 109, 51, -50, -72, 95, 12, 126, 33, 43, 34, -70, -58, 20, 106, -51, 86, 110, -72, 58, -37, 70, -54, -45, -85, -50, 14, -61, -62, -123, 11, 24, -78, 8, 57, -49, -114, 49, 86, -51, -52, 79, -126, -22, 73, 11, -128, -89, 99, 93, 50, -69, -40, -63, 85, 10, -28, -74, -110, 28, 119, -120, 84, 29, -119, 27, -42, -128, 25, -63, -34, -70, 20, -102, 62, 33, 8, -118, 126, 72, -93, 77, -78, 112, 69, 91, -31, -4, 11, -122, -36, 69, 38, 110, -3, -32, 14, 50, 113, 71, -71, 92, -117, 77, -16, 114, -22, -72, 25, 58, 81, 21, 115, -80, 63, 74, -23, 120, 21, -107, -110, 25, 94, 118, 66, -24, 112, 27, 124, -4, -85, -89, -105, -122, -16, -117, -69, 85, -73, 107, 120, -69, -48, -92, -85, 69, -128, 114, 125, 42, 101, -99, 39, -63, 81, -58, -38, -28, -13, 117, 95, 26, 42, -83, 49, -30, -36, 45, -84, 46, -28, -115, 68, -116, -120, 6, 93, -105, 26, -1, 0, -52, 85, 68, 94, -67, 43, 104, -55, 73, 90, 50, -110, 113, -39, -102, 85, -14, -93, 42, -47, 33, -127, -28, 96, -79, -93, 51, 19, -128, 20, 100, -102, -71, 63, 15, -71, -75, 115, 29, -51, -68, -79, 56, 25, 33, -41, 26, 81, -87, 45, -104, -110, 111, 116, 84, 85, -94, -94, -22, 41, -27, -113, 103, 37, -98, -38, 59, -121, -99, 17, 24, 100, -116, 106, -75, -87, 123, 63, 117, 28, -100, -79, 21, -112, 116, 35, 74, -113, 118, 23, 86, 63, 110, 85, 116, 84, -31, -10, -85, 60, -63, 93, -71, 80, 110, -34, 21, -24, 60, 22, 104, 34, -77, 17, 91, 114, -80, 93, 52, 53, -60, -89, 11, -65, -128, -107, -18, 28, -125, -15, 5, -89, 92, 39, -122, -15, 27, 107, -108, 43, 19, -92, 79, -71, 36, 87, 55, 80, -93, 37, -55, -45, -127, -72, 62, 14, -78, -39, 64, 113, -123, -50, 117, -55, 21, -69, -59, 73, 55, -9, 66, -11, -57, 90, -126, -5, 64, 88, -33, -105, 109, 49, -102, 52, -28, -53, 25, 82, 112, 119, 58, 87, -100, -7, 61, 5, -70, 23, -62, -20, -31, -121, 33, 1, 118, 39, -83, 17, -27, -18, -30, 119, -54, -110, -85, -79, 53, 97, -96, -26, -119, 79, 54, 0, -40, 120, -46, -114, 61, 8, 101, -17, 57, -80, -60, 0, 84, 85, -57, 118, 68, -66, 40, 92, -46, -76, -78, 23, 56, -44, -25, 74, -75, 110, -84, -20, 0, -86, 17, -18, 0, 26, 83, -98, 22, -63, 27, 44, -71, -83, -25, -78, 57, -15, -18, -58, -80, -122, 76, 22, 57, -94, 61, -55, 78, -103, -86, -73, 19, 16, -70, 109, 85, -60, -124, -99, 14, 107, -106, -84, -22, -70, 47, -5, 66, -79, -55, 6, -79, -7, -89, 66, 35, -40, 117, -51, 5, 1, -64, -56, -56, -85, 22, -84, -79, -125, -125, -116, -12, -95, -20, 82, -36, -81, 108, 102, 89, 88, -78, 28, -114, -92, 85, -120, -62, 62, 85, -68, 104, -83, 113, 24, 24, -48, -102, -87, 35, -14, 18, -54, -89, 94, -76, -71, 14, 11, -68, -70, 96, 26, -125, -87, 80, 58, -43, 104, -91, 36, -4, 85, 118, 50, 10, -21, -42, -109, -40, 107, 114, -77, 102, -74, 23, -101, 97, 69, -112, 5, -83, 25, 21, 62, 17, 64, -24, -120, -127, -79, -102, -113, 119, -115, -51, 16, 94, 70, -93, 86, -91, -9, 87, -103, 127, 116, -23, 70, -30, 109, 35, -52, -82, -82, 44, -117, -76, -112, 56, 89, 64, -9, 89, 70, 42, -117, 113, -69, -41, -124, -60, -20, -78, 47, -117, 111, 66, -18, 61, 107, 94, -49, -27, 94, -60, 99, 21, -55, -28, 60, -115, -117, -39, 11, 63, 55, 90, -48, -115, -87, -113, -77, -97, 10, -33, -77, -26, -76, -44, -120, -90, 80, -28, 39, 122, 34, 43, 3, -85, 17, 87, 61, -102, -119, 29, -93, -56, 112, -120, 88, -17, -96, -95, -76, 27, -127, -74, 10, -78, -122, 125, 71, 92, 83, 14, 29, 115, 29, -83, -46, -52, -124, -128, -89, 32, -99, 107, 35, -31, 55, -114, 50, -74, -14, 99, -7, 104, -16, 112, -103, -106, 104, -110, 104, -54, -93, 54, -67, 113, 81, 39, 23, -55, 113, -44, -72, 59, 11, 9, -31, -30, 48, -107, -103, 20, -13, 46, 10, -80, -50, -97, -107, 14, -17, -77, 28, 54, 75, 102, -114, 40, -42, 23, 119, 4, 58, -115, 71, -91, 57, -32, -10, 54, 118, -10, -54, -79, -59, -115, 48, 89, -66, 35, -13, -93, -67, -78, -13, 21, 26, -83, 121, -81, 43, -116, -66, 44, -12, 22, 52, -29, -14, 71, 57, -63, 120, 82, -16, -71, -104, 58, -58, -19, -51, -107, -108, 40, -55, 30, 21, -43, -107, 89, -19, 94, 57, -108, 72, -82, 10, -80, -15, 6, -86, 61, -86, -17, -51, -125, 67, -122, -36, 6, -28, 73, -101, 93, -13, 74, 114, -42, -19, -79, -62, 26, 21, 80, -65, -116, 114, 90, -73, 50, 42, 8, -16, 2, -86, -29, 24, -91, 23, 28, 66, -22, 120, -64, -116, 48, 7, 113, -115, -87, -19, -9, 14, 120, -26, 105, 21, -124, -118, -33, 101, -86, -76, 62, -47, 17, -18, -47, 35, 40, 79, -68, -104, -83, 97, 40, -41, -109, 25, -58, 87, -32, 47, 9, 49, -83, -84, 125, -31, 118, 56, -55, -55, -21, 87, 19, -118, -58, -110, -70, -55, -112, -67, 42, -83, -52, -42, -42, 112, 73, 51, -107, 64, -117, -52, -39, -39, 107, -50, -81, -69, 108, -105, 82, -81, -77, 97, -97, -104, 126, -55, 70, -66, -128, -11, -15, -41, 27, 15, 26, -61, 36, -30, -99, -78, -11, 56, 42, 71, -86, -89, 17, -117, -97, 42, -40, 67, -71, 38, -93, 113, 125, 27, 74, 121, 95, 74, -15, 11, -18, -45, 113, 86, -102, 104, -31, -119, -71, 99, -62, -70, -9, -127, -76, 7, 57, -56, 27, -45, 46, 25, -37, 43, -89, -99, -51, -62, -26, 36, 62, -14, -86, 96, -81, -49, 93, 63, -26, 107, 37, -105, 29, -16, 39, -106, 71, -86, -36, 92, -69, -123, -18, -37, 110, -126, -88, 92, -51, 47, 121, -5, 82, 65, 62, 52, -115, 59, 79, 105, 19, 102, 73, -107, 1, -63, 25, 56, -9, 73, -64, 56, -4, 41, -77, -15, 24, 56, -116, 8, -32, -13, 48, 26, 21, -4, 107, -94, 45, 94, -60, -71, 89, 20, 30, -9, 49, -85, -16, 74, 83, -31, 56, -91, -27, -76, -94, 68, -25, -58, -76, 123, -119, 58, 29, 91, 58, -50, 64, -112, -32, 13, -22, -55, -74, 80, -54, 80, -23, -42, -108, -119, 0, -117, 0, 124, -24, -80, -33, -14, 46, 36, 108, -118, -55, -59, -10, 55, 82, 75, -111, -116, -81, -35, -116, 19, -12, -91, 115, 93, 58, 49, -63, 56, -13, -93, -75, -60, 114, 16, -51, -95, -58, 6, 40, 114, -63, 28, -117, -107, 109, 105, 47, -28, 37, -65, 5, 101, -71, 110, 108, -28, -26, -82, -37, 75, 36, -24, -36, -52, -27, 87, -88, -86, 109, 104, -32, 103, 25, -88, -60, -46, 68, 72, 4, -116, -8, 85, 52, -97, 4, -90, -41, 35, 72, -61, 44, -64, 99, 122, -76, 111, 2, 47, -99, 46, -114, -31, -37, 82, -58, -94, -18, 95, -82, -75, 26, 75, 82, 44, -49, 127, -99, -88, 39, -120, -80, 24, -46, -85, 50, 26, 4, -120, -21, -45, 52, -44, 80, -100, -104, 87, -97, 39, 122, -41, 123, 85, -116, 111, -99, -113, -46, -74, 1, 27, -125, 84, -110, 39, 80, -116, 112, 114, -39, 60, -54, 64, -16, 6, -73, 31, 7, 14, 112, 0, 63, 60, 83, 52, 86, 7, -31, -85, -42, -14, -58, -119, -17, -90, -43, -93, -55, 36, 102, -79, -59, -120, -41, -124, 47, 123, -125, 108, 79, -95, -90, 22, -4, 41, 93, 64, 123, 111, 117, 122, 53, 49, -17, 35, 39, -99, 99, 35, -106, -120, -73, 97, 116, 109, -86, 94, 73, 50, -42, 56, -95, 87, -22, -53, 56, -92, -52, -74, -61, -23, -91, 22, 59, 27, 62, -16, -111, 25, -27, -16, 83, 76, -89, -71, -123, -93, -57, 40, 38, -105, 18, 17, -77, -49, -53, -102, 90, -92, -60, -44, 81, 117, 32, -73, -116, -13, 69, 35, 8, -49, -39, 18, 105, 89, 34, 90, 71, 63, 56, 111, 80, 105, 108, -82, 1, -54, -116, -30, -124, -18, -46, 16, 73, -90, -96, -7, -79, 57, -41, 7, 64, -73, 75, -116, 33, 24, -87, -117, -126, 54, -44, -46, 123, 8, -71, -36, -13, 57, 24, -38, -100, -64, 33, -26, 8, -111, -98, 99, -71, 53, -100, -94, -94, 105, 25, -71, 5, 73, -103, -109, 44, -128, -48, 101, -70, -58, -100, -122, -82, -86, -60, -96, -107, -48, -3, -43, 86, 112, 6, -70, 28, -44, 42, 52, 118, 82, -98, -22, 73, -74, 20, -93, -120, -15, -88, 120, 113, 94, -7, -3, -10, 58, 42, -17, -113, 26, 107, 40, -63, -45, -18, -81, 40, -3, 37, -33, -54, -100, 64, 90, -105, -120, -9, 105, -108, 104, -80, 100, 58, 12, -13, 14, -99, 113, -29, -67, 86, 73, 104, -118, -93, 6, -37, 116, 83, -19, 15, 104, -18, 47, -81, 111, 22, -42, 119, 104, -7, -71, 74, 19, -123, -57, -111, -41, 57, 0, 125, 13, 114, -9, 13, 8, 80, -4, -45, -107, 77, -103, 87, 82, 14, -6, -23, -127, 75, -46, -22, 69, -123, -33, -102, 80, 57, -71, 121, -74, 3, 115, -113, 51, -42, -81, -38, 92, 61, -73, 36, -110, -62, -56, -61, 61, -41, -69, -107, -25, -41, 1, -44, -18, 51, -53, -81, 79, -70, -72, -102, 109, -37, 52, 80, -14, 29, 110, 90, -38, -37, -35, 73, 88, 1, -54, 29, -41, 83, -52, 15, 46, 117, -45, 94, -66, 70, -118, -105, -100, 66, -38, -38, 88, -94, 6, 46, -7, 4, -92, -55, -94, -120, -63, -45, 76, 120, -20, 106, -124, -77, -13, 75, 63, -74, -36, 97, 102, 37, -53, 34, -106, 44, -53, -88, 26, 109, -82, 49, -31, -91, 18, -22, -26, 41, 5, -78, -40, 73, 51, 14, -17, -110, -32, -56, -68, -85, 44, -99, 112, 58, -25, 56, -59, 20, 61, 40, -75, 101, -58, -26, -127, 37, 55, 49, -103, 35, -109, 67, -52, 6, 80, 121, 120, 116, -81, 67, -20, -89, 29, -31, 79, 97, 21, -76, -73, 15, 13, -54, 40, 86, 51, 96, 115, -73, -105, -106, -101, -8, 98, -68, -50, 91, -39, 46, -124, 125, -30, -88, -111, 125, -50, 98, 113, -49, -96, 31, 60, 99, 115, 89, 109, 26, -37, -36, -21, 39, 54, 78, -118, 24, -112, 117, -14, -86, -57, -111, -29, 118, -116, -36, 19, 61, -26, -50, 22, -69, -120, -54, -102, -81, 49, 83, -99, 48, 70, -30, -83, -83, -117, -14, -13, 40, -64, -13, -83, -2, -113, 37, -114, 110, -56, 89, -52, 34, 16, -31, 74, 48, -58, 57, -71, 73, 94, 111, -98, 5, 55, -70, -108, 48, -28, 64, 43, -78, 57, 92, -121, -95, 37, 98, -40, -30, 96, 57, 72, -48, -44, 90, -53, -104, -28, 10, -72, -85, 68, 85, -13, -85, 109, -119, 36, 82, -118, -56, -125, -31, 86, -110, -41, 31, 17, 52, 112, 49, -10, -77, 91, -51, 70, -20, -91, 72, -113, 116, -36, -72, -26, -56, -96, 53, -66, -69, 85, -60, 36, 3, -127, -67, 96, -119, -104, -26, -107, -47, 117, 101, 37, -73, -14, -87, 123, 54, -71, -50, 42, -1, 0, 114, 85, 114, 106, 5, 105, 88, -88, -87, -36, 47, 92, -47, -95, -74, -120, 107, 47, -35, 83, -27, -83, -124, -94, -58, -111, -124, -37, 103, -35, 64, 71, -104, -88, 77, 4, 15, -126, 10, -81, -91, 23, -70, -42, -73, -56, 60, 41, 20, 38, -10, 111, -89, -115, 78, 27, 65, -110, 105, 42, 118, -53, -123, 54, -84, -110, -81, -86, -125, -3, -86, -62, 118, -61, -125, -9, 100, 43, 72, -57, -64, 46, 63, -67, 97, -11, -72, 107, -14, 51, 73, 88, -42, 88, 15, -62, 14, -108, 46, -29, 29, 53, -92, -78, -10, -62, -44, 124, 16, 22, -2, 103, 2, -86, 73, -37, 25, 0, -3, -108, 81, 47, -85, 115, 86, 111, -44, 112, 46, -10, 27, 29, 39, 118, -39, -40, 84, 90, -33, -101, 117, 21, -57, 92, 118, -65, -120, 54, 121, 39, -126, 63, -27, -117, 95, -68, -43, 23, -19, 47, 22, 115, -91, -4, -96, 31, -35, 69, 31, -123, 71, -36, -15, -10, 76, 78, -114, -5, -39, -120, -40, 98, -76, -74, 36, -100, -102, -31, -31, -29, -41, -31, 63, 105, 119, 114, -25, -50, 70, 31, -38, -123, 39, 29, -30, 76, 127, 103, 61, -62, -7, -9, -122, -95, -6, -74, -5, 68, -102, -119, -24, -80, 88, -80, 57, 31, 13, 95, -118, 17, 30, -58, -68, -91, 56, -89, 25, 118, -49, -73, 95, 127, -9, -112, 63, -67, 90, -121, -118, 113, -108, 63, -6, -37, -109, -4, -41, 77, -3, -77, 81, 47, 85, -117, -3, 127, -47, -89, 20, 122, -103, -116, 98, -94, 97, 70, -34, -68, -14, 14, 55, -58, 65, -46, -20, -6, 52, -123, -65, -67, 48, -73, -29, 124, 111, -2, -20, 109, -3, 53, 11, -43, 113, -82, 81, 126, -28, 78, -64, -38, 64, 84, -29, 35, 77, -63, -38, -66, 117, -3, 36, 89, 92, 88, 118, -126, -17, 51, -67, -44, 65, -108, 25, -28, 64, -84, 88, -82, -60, 87, -75, 67, -57, 120, -127, -1, 0, 22, 40, -113, -53, 21, -30, -65, -92, 14, 39, 117, -57, 120, -11, -19, -44, 113, -72, -73, 82, -86, 28, 70, 116, 10, -95, 78, 78, 49, -65, 74, -24, -57, -42, 99, -22, 31, -57, -80, -45, -115, -20, 114, -23, 52, 16, -37, -76, 102, 37, 45, 42, -31, -28, -50, 88, 48, 36, -114, 95, 13, -58, 71, 94, 90, -119, 110, -8, -123, 48, 20, 126, -20, -79, 37, -114, 72, -24, 112, 107, -87, -31, -99, -125, -68, -68, -31, -80, 95, 64, -62, 71, -107, -49, -20, 8, 49, -78, -128, 9, -44, -99, -74, -12, -44, 82, 110, 53, -62, 111, 120, 44, -26, -54, -12, -56, -114, -64, 50, -123, -109, 66, -65, -113, -2, 106, -29, -105, 28, -37, -118, 123, -102, 90, 22, -119, -117, 18, 7, 123, -81, -119, -49, -67, -80, -51, 110, 70, -26, 33, 4, 92, -18, 1, 3, 27, -109, -90, -92, 85, -71, -8, 79, 16, 107, 41, -81, 86, -58, 101, -75, 93, 28, -88, -8, 78, 51, -106, 4, -28, 14, -71, -86, -111, -62, -46, -25, -69, 94, 83, -114, -103, 98, -33, -97, -91, 90, -95, 108, 104, 93, 57, 85, 105, 25, -92, 24, -41, -99, -119, 39, -56, -7, 85, -21, 25, -118, -121, 46, -62, 57, 0, -36, 13, 65, -50, -122, -70, -103, -69, 15, -60, -102, -50, 43, -5, 86, 23, 44, -22, -84, 83, -108, -85, -74, 113, -65, 54, -71, 30, 122, -41, 53, -60, 98, 110, 25, 48, -114, 107, 110, 75, -128, 57, -52, 108, 6, 72, 58, 107, -41, -21, -29, -102, -54, 57, -95, -111, -44, 25, 45, -89, -79, -17, -33, -93, -34, 86, -20, -91, -118, 34, -86, -14, 2, 31, -107, -108, -28, -28, -27, -76, 39, 115, -13, -82, -119, -48, 46, -58, -68, -125, -12, 91, -60, 98, -68, -76, -69, -123, 72, -114, -31, 36, 15, -110, 73, 44, -92, 99, 63, 44, 125, -11, -34, -91, -60, -47, 109, 112, 126, 76, 107, -105, 47, -85, -82, -97, 35, -57, 40, -16, 70, -53, 99, -92, 72, -13, -74, -76, 85, -128, 117, 21, -51, 55, 18, -99, 127, -9, 108, 7, -121, 49, -95, -98, 40, -8, -55, -71, -101, -48, 49, 21, -97, -33, 96, -1, 0, 70, 53, -92, -22, -3, -100, -115, -9, -83, 119, 88, -36, -118, -29, -37, -116, -111, -2, 124, -39, -1, 0, -28, 53, 6, -29, -78, 32, -56, -72, -109, -3, 102, -102, -11, -75, -34, 12, 119, 19, -75, -115, -71, 91, 2, -89, -50, 75, 109, 92, 68, 125, -90, -71, 25, -61, 43, 15, -30, -42, -116, -99, -83, -111, 8, 18, -63, 27, 15, 34, 71, -9, -83, -31, -22, -72, 37, -7, 90, 5, 36, 118, -117, -126, 9, -56, -88, -123, 83, -26, 107, -100, -73, -19, 117, -101, 17, -34, 69, 42, 121, -24, 69, 48, -117, -76, 60, 46, 124, 98, -19, 20, -1, 0, 26, -30, -70, -95, -43, -31, -105, 18, 69, 90, 99, 22, 77, 107, 88, -83, 69, 117, 111, 63, -8, 83, -58, -28, -8, 56, -51, 17, -127, 29, 43, 117, 52, -8, 99, -40, -46, 22, -87, 21, -26, -42, -94, 42, 98, -104, -49, 21, 91, 25, 24, -32, -86, -113, -99, 25, 120, 107, -19, -128, 43, -81, -3, 77, 24, -8, 100, 111, -69, -14, -83, 14, 24, -128, -29, -99, -2, -17, -54, -66, 41, -25, 103, 61, 51, -105, 94, 21, 39, -39, 98, -65, 32, 104, -119, -63, 25, -121, -67, 35, 124, -64, 31, -38, -70, 97, -61, 99, 31, -26, 55, -35, -7, 84, -113, 15, 81, -77, -75, 79, -70, -62, -114, 122, 62, 7, 26, -22, 74, -73, -11, 26, -78, -100, 22, 35, -47, 71, -104, 38, -100, -117, 32, -65, 108, -3, 43, 94, -54, 115, -15, -100, 122, 82, 121, 101, -28, 84, 45, 94, 11, 107, -10, -105, 62, -90, -120, -68, 22, -53, -9, 7, -42, -81, -117, 76, -3, -78, 42, 94, -58, -33, 102, 81, -12, -87, 115, -105, -112, -94, -102, -16, -117, 17, -89, 116, 15, -52, -47, -109, -121, 89, 70, 125, -37, 116, -49, -103, -93, -2, -81, -108, -115, 37, 81, -11, -88, -2, -82, -70, -23, 60, 68, 121, -106, -4, -87, 106, -105, -112, -2, -115, -120, 96, 77, -96, -117, -23, 91, -62, 116, 69, 90, -48, -31, 119, 45, -15, 92, 66, -66, -103, 53, 49, -62, -104, 124, 119, -93, -6, 99, -1, 0, 122, -101, -112, -66, 94, 8, 23, -63, -9, 113, -12, 31, -107, 64, 96, 15, -123, 48, 119, -9, 6, -75, 117, 120, 125, -78, -97, -38, 77, 35, -6, -112, 40, -123, -20, 45, -64, 37, 84, 124, -63, -4, 104, 90, -5, 49, -88, -56, -94, -67, -21, 124, 17, -25, -7, 86, -125, 117, -62, 34, -65, 116, 123, -85, 24, 102, 104, -40, 50, 52, -79, -87, 42, 70, -40, -49, -87, -93, 94, -10, -105, -124, 89, -116, 60, -8, 36, 103, -107, 72, -49, -46, -111, 93, -10, -6, -43, 85, -67, -117, -121, -50, -17, -48, -54, 66, 3, -8, -42, -40, -15, 101, -69, 86, 27, 46, -29, 30, 17, -39, -72, -72, 74, -36, 45, -100, 88, -114, -26, 78, 121, 21, -36, 48, -16, -64, 30, 30, 91, 87, 27, -40, 14, -51, -40, 93, -114, 37, 114, -106, 113, -69, -37, 113, 25, 18, 41, 12, -92, 114, 5, 111, 116, 0, 8, -58, -61, 106, 37, -1, 0, 108, -72, -43, -48, 101, -74, 72, 109, 1, 24, 86, 65, -52, -61, -26, 105, 47, 102, -82, 120, -81, 103, -31, 120, 44, 103, 83, 19, -65, 59, 44, -118, 27, 39, -57, 59, -41, 124, 49, 101, 88, -90, -100, -2, 78, -127, 78, 58, 94, -25, -85, -5, 37, -57, -38, 72, -105, 58, -18, 52, -6, -26, -109, 118, -125, -78, 112, -15, -95, 3, 51, -61, 5, -60, 51, -92, -94, 112, -95, -119, -27, -24, 116, 25, -45, 77, 118, -92, -79, -10, -81, -116, 3, -17, -63, 108, -1, 0, -22, -4, -22, -28, 125, -84, -68, -9, 123, -53, 8, -113, -113, 35, -111, 92, 112, -23, -14, 98, -106, -88, 61, -55, 82, -118, -32, 117, 105, -64, 44, -84, 102, 121, -84, -32, -76, -126, 73, 70, 36, 120, -93, 85, 47, -21, -128, 60, 106, -55, -79, 99, -2, 108, 95, 64, 41, 84, 125, -88, -127, -65, -59, -78, -107, 125, 49, 86, -29, -19, 7, 12, -105, -30, 46, -98, -79, -102, -58, 120, -92, -35, -53, -112, -43, 22, 29, -72, 107, -25, 67, 19, 124, -24, 50, 112, -106, 39, 61, -38, 103, -42, -82, 71, 125, 99, 47, -8, 119, 9, -23, -100, 81, 75, -61, -116, -122, 39, -48, -44, 104, -94, -76, -57, -56, -91, -8, 75, 13, 121, 53, -14, 53, 90, 94, 13, 33, -44, 18, 62, 116, -5, -36, -36, 51, 124, -21, 68, 120, 107, -22, 106, -107, -82, 24, -100, 81, -53, -73, 4, -112, 19, -121, 57, -88, 126, -90, -67, -39, 101, 36, 121, -100, -41, 85, -54, -67, 64, -84, 33, 105, -21, -110, 21, 28, -88, -32, -105, -37, 101, 0, -11, -59, 26, 62, -49, -49, -97, 126, 100, 81, -4, 32, -109, 93, 33, -27, 29, 7, -46, -93, -52, -66, 95, 74, 107, 36, -71, 69, 10, 97, -32, -94, 45, -18, 28, -3, 7, -31, 87, 96, 19, -37, -1, 0, -123, 117, 50, -6, 72, 69, 29, -92, 81, -10, 71, -46, -96, 102, 30, 95, 74, 107, 36, -41, 14, -123, 108, -79, 31, 20, -30, 41, -89, -76, 6, -2, 101, 7, -16, -94, 14, 51, -60, 6, -26, 54, -2, -111, 84, 76, -93, -2, 10, -119, -101, -2, 98, -74, 93, 86, 117, -5, 49, -36, -68, -127, -3, 101, -90, 72, 3, -52, -102, 32, -67, 111, 3, 73, -60, -38, -24, 126, 91, 84, -124, -51, -53, -112, -52, 107, -97, 65, 90, -122, -34, -36, -33, -69, -12, -83, 11, -87, -113, 74, 84, -73, 12, 126, -41, -46, -90, 46, 24, 121, -118, 90, 71, 99, 81, 113, 33, -35, -79, -27, 82, -17, -36, 106, 90, -107, 9, -119, -41, 36, 15, 42, -112, -105, 63, 107, -21, 75, 72, -83, 13, 22, -27, -114, -20, 62, 117, 33, 40, 39, 124, 122, -46, -93, 41, -50, 65, 3, -17, -87, 9, 91, 76, -97, -83, 45, 32, -102, 27, -121, -41, 71, 31, 90, -97, 124, -61, 108, 31, -70, -108, -117, -113, 53, -2, -43, 33, 114, -64, 107, -51, -3, 58, -46, -46, 85, -95, -80, -108, -99, 115, 82, 51, 18, 49, -49, -118, 86, 39, -50, -60, -23, -67, 73, 101, 86, -44, 55, -49, 52, 49, 12, 89, 85, -74, 43, -11, -91, -105, -4, 28, -36, -99, 24, -29, -61, -104, -47, 13, -50, 14, -128, 15, 44, -47, 18, -24, 100, 97, -108, 31, 12, 80, -89, 37, -64, -102, 76, 68, -35, -112, -22, -117, 24, -12, 56, -95, -1, 0, -46, 50, -20, 81, 15, -93, -41, 74, 38, -26, 59, -21, -27, 91, -17, -120, -36, -100, 122, -102, -43, 117, 57, 23, 114, 125, -72, -100, -41, -3, 32, -25, 25, 80, 61, 26, -90, -67, -112, 24, -8, -79, 93, 50, -52, 15, -113, -52, -44, -42, 111, 23, 52, -66, -89, 39, -111, 44, 81, 57, -127, -39, 52, 27, -51, 69, 78, -51, 67, 31, -59, 114, -29, -56, 87, 73, -34, -89, 92, 26, -116, -115, 19, 125, -111, -11, -91, -11, 19, -14, 63, 110, 34, 33, -64, -83, 87, 119, -107, -65, -88, 126, 85, 49, -62, -84, -45, -20, 72, 127, -86, -101, 52, 40, 118, 113, 66, 107, 119, 43, -112, 70, 51, -71, 56, -93, -35, -109, -18, 78, -124, 80, 91, 123, 120, -2, 24, -2, -90, -117, -34, 42, -115, 35, 65, -113, 26, -109, -37, -56, 62, 37, 63, 42, 19, 68, -8, 36, 98, -115, 72, 85, 65, -106, -28, -2, -30, 125, 106, 94, -43, -90, 90, 60, 122, 26, -87, -54, -40, -23, -14, -88, -66, 122, -125, -14, -89, 104, 45, -105, 26, -23, 116, -56, 32, 121, -44, 77, -54, -8, -3, -11, 73, -80, 119, 111, -107, 64, -56, -85, -127, -111, 79, 97, 54, -53, -51, 58, -99, -100, 80, -53, -98, -123, 13, 82, 105, 65, -48, -107, -6, 80, -99, -108, 108, -96, -7, -45, 66, -44, -58, 6, 118, -40, 119, 127, 90, 27, 92, 56, -24, -108, -65, -30, 58, -115, 61, 107, 93, -56, -21, 51, 125, 106, -110, 38, -39, 120, -35, -73, -18, -3, -11, 3, 115, 47, 84, 31, -22, -86, -84, -83, -1, 0, 112, -125, -4, -43, 14, 71, 27, 75, -1, 0, -22, -102, 66, 114, 96, 26, 96, 117, 90, -59, -72, 40, 54, -46, -107, -121, 36, -25, -104, -113, -99, 109, -114, 119, 102, -5, -85, 77, 6, -74, 48, 75, -100, -99, -57, -42, -113, -52, -92, 100, -100, 31, 58, 80, 37, 69, 24, 36, 102, -120, -105, 35, 93, 6, -98, 38, -109, -128, -20, 104, -83, -125, -80, -49, -122, -11, 62, -8, -127, -98, 76, -113, 49, 74, -59, -64, 35, 77, 7, -112, -83, 53, -55, -50, 36, 76, -113, 28, 102, -89, 64, -84, 112, 38, 3, -31, 108, 120, -5, -72, -84, 91, -113, 123, 4, 28, 82, -107, -72, 1, 70, 24, 48, -24, 5, 17, 37, 36, -28, -126, 87, -46, -109, -128, -58, 126, -47, -4, 92, -89, -96, -58, 115, 90, -25, 36, 107, -87, 59, -28, 126, 53, 67, -68, 1, -14, 84, -28, -11, 11, -118, 42, -54, -97, 99, 126, -70, 10, -99, 33, 101, -27, -109, -108, -25, -98, -116, 46, 125, -34, 108, -87, 62, 34, -107, -121, 3, -4, -49, -20, 77, 25, 94, 66, -71, 50, 30, 83, -74, 64, 63, -123, 39, 18, -84, 98, -77, -31, 112, -84, -95, 79, -104, 21, 17, 41, 81, -66, 6, -25, -35, -86, 43, 33, 125, 68, -113, -97, 37, -83, 119, -59, 64, 13, -52, -6, 107, -98, -97, 33, 75, 72, 88, -60, 93, 1, -23, -29, -102, -103, -72, -24, -82, 1, -33, -107, -76, 52, -66, 55, 13, -16, -3, -30, -92, 100, 109, -70, -113, -31, 31, 118, 105, 105, 65, 99, 21, -72, 99, -15, 6, -11, -94, 36, -121, -2, 26, 82, -73, 15, -44, -82, 124, -58, 40, -117, 41, -15, 56, -13, -87, 112, 21, -114, 22, 93, 53, -4, -22, 70, 65, -29, 74, 22, -32, -125, -128, 113, -14, -94, 123, 67, 102, -95, -64, 118, 52, 14, 115, -109, -73, -99, 111, -68, -41, 83, -54, 52, 57, -13, 20, -80, 76, -33, 103, 67, -27, 68, 23, 7, 24, 39, -52, -125, -67, 45, 33, 99, 49, 112, -61, 99, -8, 84, -69, -2, 111, -119, 84, -46, -63, 63, 48, 39, 56, -11, -83, 36, -52, -121, 37, -127, 30, 32, 109, 70, -112, -79, -82, 32, 109, 74, 16, 124, -85, 66, 4, 124, -31, -122, -37, 98, -105, -117, -110, 78, 115, -111, -29, -79, -94, 11, -116, -24, 78, 7, -114, 106, 105, -114, -61, -53, 97, -43, 49, -25, -118, -85, 45, -128, 44, 50, 15, 48, -37, 76, -118, 42, 93, -98, 126, 80, 91, 3, 99, -102, 34, -35, 16, 113, -128, 71, -83, 52, -28, -121, -79, 66, 75, 39, 25, 35, -109, 35, 122, -81, 36, 69, 65, -56, 25, -89, 45, 58, 72, 64, -48, 31, 93, 106, 6, 53, 109, -50, 125, 106, -42, 70, 75, 72, 66, -47, -25, 66, 51, -118, 19, -62, 63, 116, 124, -123, 60, 107, 24, -40, 28, 29, 73, -45, 90, -83, 61, -117, -81, 64, -43, -94, -56, -119, 113, -16, 38, 60, -70, -24, 71, -123, 12, -100, 125, -80, 62, 85, 126, 88, 93, 24, -85, 68, 66, -12, 7, -3, -86, -79, -115, 67, 16, 65, 35, -57, 66, 107, 104, -76, -55, 104, -26, 81, -40, -11, -58, -99, 40, -127, -37, 56, -49, -115, 101, 101, 117, 48, 8, -70, -77, 19, -82, 54, -96, 72, -60, -54, 118, -36, 116, 21, -107, -108, -94, 53, -56, 69, -111, -61, -32, 49, 3, 30, 53, 57, 29, -71, 7, -68, 119, -4, 107, 43, 40, -112, 48, -78, 124, 123, -111, -91, 110, 57, 28, -98, 92, -23, -102, -35, 101, 64, -119, 65, 35, -107, -43, -40, -6, -102, 48, 3, 59, 117, -84, -84, -88, 99, 68, -121, -38, 52, 66, -60, 71, -90, -107, -107, -107, 33, 34, 92, -60, 38, 116, 39, -50, -94, -77, 54, 25, -41, 10, 67, 99, 65, 89, 89, 82, -122, 16, 18, -48, 9, 11, 28, -73, -98, -44, 118, 99, -18, 12, -28, 86, 86, 84, -80, 54, -57, 57, -50, -70, 86, -56, -60, 121, 26, 31, -10, -84, -84, -87, 99, 102, -41, 87, -83, -119, 24, 72, 71, 77, 43, 43, 40, 36, 41, 118, 80, 72, 39, 92, 86, -111, -55, 63, 42, -54, -54, 72, 100, -7, -113, 49, -14, -51, 77, 29, -126, 3, -109, -100, 86, 86, 84, -79, 18, 82, 91, -109, -104, -109, -100, 102, -92, 119, 35, 29, 43, 43, 42, 70, 109, -16, -40, 12, -93, 24, -94, 40, -62, 18, 52, -64, -48, 86, 86, 80, -64, -108, 100, -70, 6, 59, -42, -71, -40, 54, 1, -46, -78, -78, -89, -72, -40, 68, 99, -55, -100, -21, -118, -97, 59, 16, 50, 126, -41, -27, 89, 89, 72, 9, -32, 49, 33, -70, -43, 121, 109, -29, 4, -31, 113, -83, 106, -78, -124, -35, -115, 31, -1, -39]]
2026-05-30 16:03:13:060 | [BookPort] | INFO  | com.example.BookPort.auth.controller.v1.RegistrController | RegistrController--> Sending call to AuthRegisterService.
2026-05-30 16:03:13:060 | [BookPort] | INFO  | com.example.BookPort.auth.service.AuthRegisterService | AuthRegisterService--> Inside register method.
2026-05-30 16:03:13:060 | [BookPort] | INFO  | com.example.BookPort.auth.service.AuthRegisterService | AuthRegisterService--> Checking abhogal7 already exist in staging table or not.
2026-05-30 16:03:13:102 | [BookPort] | WARN  | org.springframework.web.servlet.mvc.method.annotation.ExceptionHandlerExceptionResolver | Resolved [org.springframework.dao.IncorrectResultSizeDataAccessException: Query did not return a unique result: 2 results were returned]
2026-05-30 16:04:32:917 | [BookPort] | INFO  | org.springframework.boot.devtools.autoconfigure.LocalDevToolsAutoConfiguration$RestartingClassPathChangeChangedEventListener | Restarting due to 1 class path change (0 additions, 0 deletions, 1 modification)
2026-05-30 16:04:32:921 | [BookPort] | INFO  | org.springframework.boot.tomcat.GracefulShutdown | Commencing graceful shutdown. Waiting for active requests to complete
2026-05-30 16:04:32:922 | [BookPort] | INFO  | org.apache.coyote.http11.Http11NioProtocol | Pausing ProtocolHandler ["http-nio-8081"]
2026-05-30 16:04:32:933 | [BookPort] | INFO  | org.springframework.boot.tomcat.GracefulShutdown | Graceful shutdown complete
2026-05-30 16:04:32:934 | [BookPort] | INFO  | org.apache.coyote.http11.Http11NioProtocol | Stopping ProtocolHandler ["http-nio-8081"]
2026-05-30 16:04:32:936 | [BookPort] | INFO  | org.springframework.orm.jpa.LocalContainerEntityManagerFactoryBean | Closing JPA EntityManagerFactory for persistence unit 'default'
2026-05-30 16:04:32:937 | [BookPort] | INFO  | com.zaxxer.hikari.HikariDataSource | HikariPool-5 - Shutdown initiated...
2026-05-30 16:04:32:947 | [BookPort] | INFO  | com.zaxxer.hikari.HikariDataSource | HikariPool-5 - Shutdown completed.
2026-05-30 16:04:33:076 | [BookPort] | INFO  | com.example.BookPort.BookPortApplication | Starting BookPortApplication using Java 21.0.8 with PID 25684 (D:\Project\BookPort\bin\main started by lenovo in D:\Project\BookPort)
2026-05-30 16:04:33:078 | [BookPort] | INFO  | com.example.BookPort.BookPortApplication | No active profile set, falling back to 1 default profile: "default"
2026-05-30 16:04:33:300 | [BookPort] | INFO  | org.springframework.data.repository.config.RepositoryConfigurationDelegate | Bootstrapping Spring Data JPA repositories in DEFAULT mode.
2026-05-30 16:04:33:327 | [BookPort] | INFO  | org.springframework.data.repository.config.RepositoryConfigurationDelegate | Finished Spring Data repository scanning in 24 ms. Found 2 JPA repository interfaces.
2026-05-30 16:04:33:443 | [BookPort] | INFO  | org.springframework.boot.tomcat.TomcatWebServer | Tomcat initialized with port 8081 (http)
2026-05-30 16:04:33:445 | [BookPort] | INFO  | org.apache.coyote.http11.Http11NioProtocol | Initializing ProtocolHandler ["http-nio-8081"]
2026-05-30 16:04:33:445 | [BookPort] | INFO  | org.apache.catalina.core.StandardService | Starting service [Tomcat]
2026-05-30 16:04:33:446 | [BookPort] | INFO  | org.apache.catalina.core.StandardEngine | Starting Servlet engine: [Apache Tomcat/11.0.21]
2026-05-30 16:04:33:498 | [BookPort] | INFO  | org.springframework.boot.web.context.servlet.WebApplicationContextInitializer | Root WebApplicationContext: initialization completed in 415 ms
2026-05-30 16:04:33:572 | [BookPort] | INFO  | org.hibernate.orm.jpa | HHH008540: Processing PersistenceUnitInfo [name: default]
2026-05-30 16:04:33:623 | [BookPort] | INFO  | org.springframework.orm.jpa.persistenceunit.SpringPersistenceUnitInfo | No LoadTimeWeaver setup: ignoring JPA class transformer
2026-05-30 16:04:33:625 | [BookPort] | INFO  | com.zaxxer.hikari.HikariDataSource | HikariPool-6 - Starting...
2026-05-30 16:04:33:652 | [BookPort] | INFO  | com.zaxxer.hikari.pool.HikariPool | HikariPool-6 - Added connection com.mysql.cj.jdbc.ConnectionImpl@242bca5e
2026-05-30 16:04:33:653 | [BookPort] | INFO  | com.zaxxer.hikari.HikariDataSource | HikariPool-6 - Start completed.
2026-05-30 16:04:33:656 | [BookPort] | INFO  | org.hibernate.orm.connections.pooling | HHH10001005: Database info:
	Database JDBC URL [jdbc:mysql://localhost:3306/library_management]
	Database driver: MySQL Connector/J
	Database dialect: MySQLDialect
	Database version: 8.0.39
	Default catalog/schema: library_management/undefined
	Autocommit mode: undefined/unknown
	Isolation level: REPEATABLE_READ [default REPEATABLE_READ]
	JDBC fetch size: none
	Pool: DataSourceConnectionProvider
	Minimum pool size: undefined/unknown
	Maximum pool size: undefined/unknown
2026-05-30 16:04:33:780 | [BookPort] | INFO  | org.hibernate.orm.core | HHH000489: No JTA platform available (set 'hibernate.transaction.jta.platform' to enable JTA platform integration)
2026-05-30 16:04:33:781 | [BookPort] | INFO  | org.springframework.orm.jpa.LocalContainerEntityManagerFactoryBean | Initialized JPA EntityManagerFactory for persistence unit 'default'
2026-05-30 16:04:33:890 | [BookPort] | WARN  | org.springframework.boot.jpa.autoconfigure.JpaBaseConfiguration$JpaWebConfiguration | spring.jpa.open-in-view is enabled by default. Therefore, database queries may be performed during view rendering. Explicitly configure spring.jpa.open-in-view to disable this warning
2026-05-30 16:04:33:988 | [BookPort] | INFO  | org.apache.coyote.http11.Http11NioProtocol | Starting ProtocolHandler ["http-nio-8081"]
2026-05-30 16:04:33:995 | [BookPort] | INFO  | org.springframework.boot.tomcat.TomcatWebServer | Tomcat started on port 8081 (http) with context path '/'
2026-05-30 16:04:33:998 | [BookPort] | INFO  | com.example.BookPort.BookPortApplication | Started BookPortApplication in 0.971 seconds (process running for 358.266)
2026-05-30 16:04:34:000 | [BookPort] | INFO  | org.springframework.boot.devtools.autoconfigure.ConditionEvaluationDeltaLoggingListener | Condition evaluation unchanged
2026-05-30 16:04:40:658 | [BookPort] | INFO  | org.apache.catalina.core.ContainerBase.[Tomcat].[localhost].[/] | Initializing Spring DispatcherServlet 'dispatcherServlet'
2026-05-30 16:04:40:658 | [BookPort] | INFO  | org.springframework.web.servlet.DispatcherServlet | Initializing Servlet 'dispatcherServlet'
2026-05-30 16:04:40:658 | [BookPort] | INFO  | org.springframework.web.servlet.DispatcherServlet | Completed initialization in 0 ms
2026-05-30 16:04:40:709 | [BookPort] | INFO  | com.example.BookPort.auth.controller.v1.RegistrController | RegistrController--> Inside register method.
2026-05-30 16:04:40:709 | [BookPort] | INFO  | com.example.BookPort.common.util.IdGenerator | IdGenerator--> IdGenerator bean created for module 1
2026-05-30 16:04:40:709 | [BookPort] | INFO  | com.example.BookPort.common.util.IdGenerator | IdGenerator--> Inside generateId for module 1
2026-05-30 16:04:40:709 | [BookPort] | INFO  | com.example.BookPort.common.util.IdGenerator | IdGenerator--> current MilliSecond 1780137280709
2026-05-30 16:04:40:709 | [BookPort] | INFO  | com.example.BookPort.common.util.IdGenerator | IdGenerator--> lastTimestamp -1
2026-05-30 16:04:40:709 | [BookPort] | INFO  | com.example.BookPort.common.util.IdGenerator | IdGenerator--> counter: 0
2026-05-30 16:04:40:709 | [BookPort] | INFO  | com.example.BookPort.common.util.IdGenerator | IdGenerator--> counter post millisecond check: 0
2026-05-30 16:04:40:709 | [BookPort] | INFO  | com.example.BookPort.common.util.IdGenerator | IdGenerator--> RETURNING ID : 2615001057880709000
2026-05-30 16:04:40:709 | [BookPort] | INFO  | com.example.BookPort.auth.controller.v1.RegistrController | RegistrController--> Registration ID generated: 2615001057880709000
2026-05-30 16:04:40:709 | [BookPort] | INFO  | com.example.BookPort.common.util.IdGenerator | IdGenerator--> Inside generateId for module 1
2026-05-30 16:04:40:709 | [BookPort] | INFO  | com.example.BookPort.common.util.IdGenerator | IdGenerator--> current MilliSecond 1780137280709
2026-05-30 16:04:40:709 | [BookPort] | INFO  | com.example.BookPort.common.util.IdGenerator | IdGenerator--> lastTimestamp 1780137280709
2026-05-30 16:04:40:709 | [BookPort] | INFO  | com.example.BookPort.common.util.IdGenerator | IdGenerator--> counter: 0
2026-05-30 16:04:40:709 | [BookPort] | INFO  | com.example.BookPort.common.util.IdGenerator | IdGenerator--> counter post millisecond check: 1
2026-05-30 16:04:40:709 | [BookPort] | INFO  | com.example.BookPort.common.util.IdGenerator | IdGenerator--> RETURNING ID : 2615001057880709001
2026-05-30 16:04:40:727 | [BookPort] | INFO  | com.example.BookPort.auth.controller.v1.RegistrController | RegistrController--> Incoming request: AuthRegisterRequestDto [registrationId=2615001057880709001, username=abhogal7, name=Aman Singh Bhogal, email=aman5@example.com, mobNumber=9427461183, gender=null, dob=Sun Sep 22 00:00:00 IST 2002, status=null, createdAt=null, updatedAt=null, password=Password@123, govIdFront=[-1, -40, -1, -32, 0, 16, 74, 70, 73, 70, 0, 1, 1, 0, 0, 1, 0, 1, 0, 0, -1, -37, 0, -124, 0, 9, 6, 7, 8, 7, 6, 9, 8, 7, 8, 10, 10, 9, 11, 13, 22, 15, 13, 12, 12, 13, 27, 20, 21, 16, 22, 32, 29, 34, 34, 32, 29, 31, 31, 36, 40, 52, 44, 36, 38, 49, 39, 31, 31, 45, 61, 45, 49, 53, 55, 58, 58, 58, 35, 43, 63, 68, 63, 56, 67, 52, 57, 58, 55, 1, 10, 10, 10, 13, 12, 13, 26, 15, 15, 26, 55, 37, 31, 37, 55, 55, 55, 55, 55, 55, 55, 55, 55, 55, 55, 55, 55, 55, 55, 55, 55, 55, 55, 55, 55, 55, 55, 55, 55, 55, 55, 55, 55, 55, 55, 55, 55, 55, 55, 55, 55, 55, 55, 55, 55, 55, 55, 55, 55, 55, 55, 55, 55, 55, -1, -64, 0, 17, 8, 0, -108, 1, 14, 3, 1, 34, 0, 2, 17, 1, 3, 17, 1, -1, -60, 0, 28, 0, 0, 2, 2, 3, 1, 1, 0, 0, 0, 0, 0, 0, 0, 0, 0, 0, 3, 5, 2, 4, 0, 1, 6, 7, 8, -1, -60, 0, 65, 16, 0, 2, 1, 3, 2, 3, 5, 5, 4, 8, 5, 3, 5, 0, 0, 0, 1, 2, 3, 0, 4, 17, 33, 49, 5, 18, 65, 6, 19, 81, 97, 113, 20, 34, 50, -127, -111, 66, -95, -63, -47, 7, 21, 35, 82, 98, 114, -126, -79, 51, 67, -110, -31, -16, 22, 83, -15, 52, 68, 115, -109, -94, -1, -60, 0, 26, 1, 0, 3, 1, 1, 1, 1, 0, 0, 0, 0, 0, 0, 0, 0, 0, 0, 0, 1, 2, 3, 4, 5, 6, -1, -60, 0, 40, 17, 0, 2, 2, 1, 3, 3, 3, 4, 3, 0, 0, 0, 0, 0, 0, 0, 0, 1, 2, 17, 3, 18, 33, 49, 4, 65, 81, 5, 19, 34, 20, 21, 50, 66, 97, -127, -95, -1, -38, 0, 12, 3, 1, 0, 2, 17, 3, 17, 0, 63, 0, -13, 108, 84, -46, 38, 109, -75, -84, 2, -92, -71, 31, 9, 34, -66, -124, -15, -84, -63, 25, 27, -125, 83, -18, -21, 57, -53, 111, 83, 86, 56, -42, -127, 89, 16, -75, 32, 42, 65, -65, -122, -120, 27, 77, -121, -46, -102, 17, -91, 20, 104, -50, 58, 100, 86, -108, -7, 15, -91, 16, 107, -48, 80, 38, 25, 38, 11, -94, -88, -59, 77, -97, -97, 29, 40, 10, 40, -118, 41, -47, 45, -122, 10, 60, 86, -120, -76, 53, 20, 100, 90, 100, -123, 78, 118, -9, 70, -85, -46, -116, -79, -107, -8, -76, -95, 38, 87, 111, -70, -118, -96, -17, -110, 73, -15, -96, 65, 20, 81, 80, 84, 16, 81, -44, 80, 34, 104, -75, 97, 5, 14, 49, 86, 80, 84, 48, 38, -126, -84, 34, -44, 17, 122, -43, -120, -93, 102, 56, 85, 36, -8, 1, 89, -71, 34, -46, 101, -2, 21, 99, -19, -20, -16, 38, 22, 64, 57, -107, -67, 43, -91, -32, 118, 83, 88, 67, 50, -80, -60, -124, -12, -37, -27, 72, 56, 36, -122, -34, -19, 93, 84, -77, 96, -116, 1, -83, 117, 54, -9, -20, -17, -56, -15, -108, 108, 103, 4, 98, -72, 122, -119, 74, -24, -17, -23, -29, 30, 123, -108, 56, -68, 45, 113, 18, -27, 71, 120, -97, 9, -95, -61, 24, -122, 62, -19, 23, 3, -87, -3, -22, -67, 112, 121, -51, 7, -69, -14, -84, -93, 45, -88, -42, 81, -7, 106, 55, 29, 77, -100, -88, 10, -75, 16, -104, 27, 86, -71, 117, -92, -54, 15, 30, 15, -81, 90, -73, 24, -86, 74, 113, -118, -67, 110, -68, -29, 122, -50, 69, -60, 60, 122, 10, 42, -44, 85, 49, 82, -38, -77, 53, 52, 85, 114, 67, 96, -126, 122, -118, -33, 74, -39, -38, -94, 13, 0, 42, -67, -110, 83, 33, 71, -9, 84, 108, 60, 106, -83, 57, -71, -73, -114, -32, 2, 91, 12, 54, 34, -86, -120, 22, -33, 73, 19, -68, -50, -51, 90, -87, -86, 49, -108, 29, -97, 48, -14, -42, -15, 69, -27, -14, -84, -27, -14, -81, 112, -14, -20, 24, 90, -112, 21, 48, -75, 32, -96, 80, 34, 32, 81, 21, 107, 97, 104, -118, 40, 17, -118, 40, -118, 43, 21, 104, -86, -76, -60, 104, 10, 42, -83, 96, 90, 34, -83, 49, 27, 85, -93, 32, -88, -88, -94, -86, -48, 34, 74, 40, -56, -75, 5, 20, 116, 20, 18, 77, 22, -114, -119, 80, -116, 109, -91, 117, -10, 125, -101, -74, -70, -32, 113, -34, 91, -68, -83, 55, 46, -85, -47, -50, 118, -84, -78, -27, 88, -22, -53, -122, 55, 55, -15, 17, -16, -34, 27, 115, -60, 36, 41, 105, 17, -111, -108, 115, 31, 120, 12, 15, -99, 118, 92, 47, -77, 16, 90, 93, 36, -13, -49, -34, -29, 7, -69, 100, 26, 31, 58, -33, 10, -114, -42, 23, 105, -83, 99, 8, -52, -95, 78, -124, 109, -75, 93, 105, 88, -71, 53, -25, -26, -49, 57, 58, 92, 29, -8, -80, -62, 42, -33, 37, -104, -8, 55, 14, 25, 100, -76, -125, 87, 44, 73, 92, -111, -23, 87, 87, -70, 67, -92, 105, -112, 52, -64, -23, 75, -31, -99, -41, 99, -67, 100, -78, -76, 106, 92, 12, -80, -40, 87, 51, 77, -67, -39, -46, -100, 82, -39, 27, 19, 91, 69, 117, 35, -92, 28, -100, -5, -80, 24, -26, -96, -36, 93, -57, 113, 112, -116, -54, 65, -113, 60, -104, 29, 14, 55, -86, 50, -35, -103, 9, -25, 62, -15, -5, 62, 21, 4, -63, -15, -51, 90, -123, 25, 57, -115, 99, 2, 81, -111, -82, 40, -94, 61, 54, -96, -40, -57, -53, -93, 28, 18, 116, -51, 48, 72, -11, 21, 18, 116, -51, -94, -83, 21, -69, -83, 54, -95, -76, 120, -90, 13, -54, -93, -50, -76, 99, -120, -116, -79, -59, 78, -95, -23, 23, -123, 57, 26, 31, -91, 92, -73, 96, -121, 93, 42, 38, 95, -119, 84, 124, 63, 125, 12, 30, 125, 73, -94, -20, 18, -95, -110, -100, -118, -58, 56, -96, 70, -40, 81, 88, -20, 15, -115, 69, 23, 102, -35, -51, 68, 62, 40, 78, -58, -122, 88, -45, -95, 89, 111, -104, 81, 57, -44, -113, 120, 103, 21, 67, -100, -42, -60, -124, 81, 67, -77, -63, -41, -78, -100, 97, -83, 13, -46, -38, 115, 71, -116, -128, -83, -106, 35, -46, -88, -55, -62, 111, -29, -116, -56, -10, 83, 42, 40, -55, 102, 92, 1, 94, -73, -62, 120, -27, -107, -38, -14, 66, -31, 72, -45, -105, 108, -46, -66, -35, -53, 114, -4, 55, -71, -75, 28, -53, 33, -52, -124, 111, -118, -12, -29, -44, 77, -50, -102, 60, -41, -122, 58, 109, 51, -50, -72, 95, 12, 126, 33, 43, 34, -70, -58, 20, 106, -51, 86, 110, -72, 58, -37, 70, -54, -45, -85, -50, 14, -61, -62, -123, 11, 24, -78, 8, 57, -49, -114, 49, 86, -51, -52, 79, -126, -22, 73, 11, -128, -89, 99, 93, 50, -69, -40, -63, 85, 10, -28, -74, -110, 28, 119, -120, 84, 29, -119, 27, -42, -128, 25, -63, -34, -70, 20, -102, 62, 33, 8, -118, 126, 72, -93, 77, -78, 112, 69, 91, -31, -4, 11, -122, -36, 69, 38, 110, -3, -32, 14, 50, 113, 71, -71, 92, -117, 77, -16, 114, -22, -72, 25, 58, 81, 21, 115, -80, 63, 74, -23, 120, 21, -107, -110, 25, 94, 118, 66, -24, 112, 27, 124, -4, -85, -89, -105, -122, -16, -117, -69, 85, -73, 107, 120, -69, -48, -92, -85, 69, -128, 114, 125, 42, 101, -99, 39, -63, 81, -58, -38, -28, -13, 117, 95, 26, 42, -83, 49, -30, -36, 45, -84, 46, -28, -115, 68, -116, -120, 6, 93, -105, 26, -1, 0, -52, 85, 68, 94, -67, 43, 104, -55, 73, 90, 50, -110, 113, -39, -102, 85, -14, -93, 42, -47, 33, -127, -28, 96, -79, -93, 51, 19, -128, 20, 100, -102, -71, 63, 15, -71, -75, 115, 29, -51, -68, -79, 56, 25, 33, -41, 26, 81, -87, 45, -104, -110, 111, 116, 84, 85, -94, -94, -22, 41, -27, -113, 103, 37, -98, -38, 59, -121, -99, 17, 24, 100, -116, 106, -75, -87, 123, 63, 117, 28, -100, -79, 21, -112, 116, 35, 74, -113, 118, 23, 86, 63, 110, 85, 116, 84, -31, -10, -85, 60, -63, 93, -71, 80, 110, -34, 21, -24, 60, 22, 104, 34, -77, 17, 91, 114, -80, 93, 52, 53, -60, -89, 11, -65, -128, -107, -18, 28, -125, -15, 5, -89, 92, 39, -122, -15, 27, 107, -108, 43, 19, -92, 79, -71, 36, 87, 55, 80, -93, 37, -55, -45, -127, -72, 62, 14, -78, -39, 64, 113, -123, -50, 117, -55, 21, -69, -59, 73, 55, -9, 66, -11, -57, 90, -126, -5, 64, 88, -33, -105, 109, 49, -102, 52, -28, -53, 25, 82, 112, 119, 58, 87, -100, -7, 61, 5, -70, 23, -62, -20, -31, -121, 33, 1, 118, 39, -83, 17, -27, -18, -30, 119, -54, -110, -85, -79, 53, 97, -96, -26, -119, 79, 54, 0, -40, 120, -46, -114, 61, 8, 101, -17, 57, -80, -60, 0, 84, 85, -57, 118, 68, -66, 40, 92, -46, -76, -78, 23, 56, -44, -25, 74, -75, 110, -84, -20, 0, -86, 17, -18, 0, 26, 83, -98, 22, -63, 27, 44, -71, -83, -25, -78, 57, -15, -18, -58, -80, -122, 76, 22, 57, -94, 61, -55, 78, -103, -86, -73, 19, 16, -70, 109, 85, -60, -124, -99, 14, 107, -106, -84, -22, -70, 47, -5, 66, -79, -55, 6, -79, -7, -89, 66, 35, -40, 117, -51, 5, 1, -64, -56, -56, -85, 22, -84, -79, -125, -125, -116, -12, -95, -20, 82, -36, -81, 108, 102, 89, 88, -78, 28, -114, -92, 85, -120, -62, 62, 85, -68, 104, -83, 113, 24, 24, -48, -102, -87, 35, -14, 18, -54, -89, 94, -76, -71, 14, 11, -68, -70, 96, 26, -125, -87, 80, 58, -43, 104, -91, 36, -4, 85, 118, 50, 10, -21, -42, -109, -40, 107, 114, -77, 102, -74, 23, -101, 97, 69, -112, 5, -83, 25, 21, 62, 17, 64, -24, -120, -127, -79, -102, -113, 119, -115, -51, 16, 94, 70, -93, 86, -91, -9, 87, -103, 127, 116, -23, 70, -30, 109, 35, -52, -82, -82, 44, -117, -76, -112, 56, 89, 64, -9, 89, 70, 42, -117, 113, -69, -41, -124, -60, -20, -78, 47, -117, 111, 66, -18, 61, 107, 94, -49, -27, 94, -60, 99, 21, -55, -28, 60, -115, -117, -39, 11, 63, 55, 90, -48, -115, -87, -113, -77, -97, 10, -33, -77, -26, -76, -44, -120, -90, 80, -28, 39, 122, 34, 43, 3, -85, 17, 87, 61, -102, -119, 29, -93, -56, 112, -120, 88, -17, -96, -95, -76, 27, -127, -74, 10, -78, -122, 125, 71, 92, 83, 14, 29, 115, 29, -83, -46, -52, -124, -128, -89, 32, -99, 107, 35, -31, 55, -114, 50, -74, -14, 99, -7, 104, -16, 112, -103, -106, 104, -110, 104, -54, -93, 54, -67, 113, 81, 39, 23, -55, 113, -44, -72, 59, 11, 9, -31, -30, 48, -107, -103, 20, -13, 46, 10, -80, -50, -97, -107, 14, -17, -77, 28, 54, 75, 102, -114, 40, -42, 23, 119, 4, 58, -115, 71, -91, 57, -32, -10, 54, 118, -10, -54, -79, -59, -115, 48, 89, -66, 35, -13, -93, -67, -78, -13, 21, 26, -83, 121, -81, 43, -116, -66, 44, -12, 22, 52, -29, -14, 71, 57, -63, 120, 82, -16, -71, -104, 58, -58, -19, -51, -107, -108, 40, -55, 30, 21, -43, -107, 89, -19, 94, 57, -108, 72, -82, 10, -80, -15, 6, -86, 61, -86, -17, -51, -125, 67, -122, -36, 6, -28, 73, -101, 93, -13, 74, 114, -42, -19, -79, -62, 26, 21, 80, -65, -116, 114, 90, -73, 50, 42, 8, -16, 2, -86, -29, 24, -91, 23, 28, 66, -22, 120, -64, -116, 48, 7, 113, -115, -87, -19, -9, 14, 120, -26, 105, 21, -124, -118, -33, 101, -86, -76, 62, -47, 17, -18, -47, 35, 40, 79, -68, -104, -83, 97, 40, -41, -109, 25, -58, 87, -32, 47, 9, 49, -83, -84, 125, -31, 118, 56, -55, -55, -21, 87, 19, -118, -58, -110, -70, -55, -112, -67, 42, -83, -52, -42, -42, 112, 73, 51, -107, 64, -117, -52, -39, -39, 107, -50, -81, -69, 108, -105, 82, -81, -77, 97, -97, -104, 126, -55, 70, -66, -128, -11, -15, -41, 27, 15, 26, -61, 36, -30, -99, -78, -11, 56, 42, 71, -86, -89, 17, -117, -97, 42, -40, 67, -71, 38, -93, 113, 125, 27, 74, 121, 95, 74, -15, 11, -18, -45, 113, 86, -102, 104, -31, -119, -71, 99, -62, -70, -9, -127, -76, 7, 57, -56, 27, -45, 46, 25, -37, 43, -89, -99, -51, -62, -26, 36, 62, -14, -86, 96, -81, -49, 93, 63, -26, 107, 37, -105, 29, -16, 39, -106, 71, -86, -36, 92, -69, -123, -18, -37, 110, -126, -88, 92, -51, 47, 121, -5, 82, 65, 62, 52, -115, 59, 79, 105, 19, 102, 73, -107, 1, -63, 25, 56, -9, 73, -64, 56, -4, 41, -77, -15, 24, 56, -116, 8, -32, -13, 48, 26, 21, -4, 107, -94, 45, 94, -60, -71, 89, 20, 30, -9, 49, -85, -16, 74, 83, -31, 56, -91, -27, -76, -94, 68, -25, -58, -76, 123, -119, 58, 29, 91, 58, -50, 64, -112, -32, 13, -22, -55, -74, 80, -54, 80, -23, -42, -108, -119, 0, -117, 0, 124, -24, -80, -33, -14, 46, 36, 108, -118, -55, -59, -10, 55, 82, 75, -111, -116, -81, -35, -116, 19, -12, -91, 115, 93, 58, 49, -63, 56, -13, -93, -75, -60, 114, 16, -51, -95, -58, 6, 40, 114, -63, 28, -117, -107, 109, 105, 47, -28, 37, -65, 5, 101, -71, 110, 108, -28, -26, -82, -37, 75, 36, -24, -36, -52, -27, 87, -88, -86, 109, 104, -32, 103, 25, -88, -60, -46, 68, 72, 4, -116, -8, 85, 52, -97, 4, -90, -41, 35, 72, -61, 44, -64, 99, 122, -76, 111, 2, 47, -99, 46, -114, -31, -37, 82, -58, -94, -18, 95, -82, -75, 26, 75, 82, 44, -49, 127, -99, -88, 39, -120, -80, 24, -46, -85, 50, 26, 4, -120, -21, -45, 52, -44, 80, -100, -104, 87, -97, 39, 122, -41, 123, 85, -116, 111, -99, -113, -46, -74, 1, 27, -125, 84, -110, 39, 80, -116, 112, 114, -39, 60, -54, 64, -16, 6, -73, 31, 7, 14, 112, 0, 63, 60, 83, 52, 86, 7, -31, -85, -42, -14, -58, -119, -17, -90, -43, -93, -55, 36, 102, -79, -59, -120, -41, -124, 47, 123, -125, 108, 79, -95, -90, 22, -4, 41, 93, 64, 123, 111, 117, 122, 53, 49, -17, 35, 39, -99, 99, 35, -106, -120, -73, 97, 116, 109, -86, 94, 73, 50, -42, 56, -95, 87, -22, -53, 56, -92, -52, -74, -61, -23, -91, 22, 59, 27, 62, -16, -111, 25, -27, -16, 83, 76, -89, -71, -123, -93, -57, 40, 38, -105, 18, 17, -77, -49, -53, -102, 90, -92, -60, -44, 81, 117, 32, -73, -116, -13, 69, 35, 8, -49, -39, 18, 105, 89, 34, 90, 71, 63, 56, 111, 80, 105, 108, -82, 1, -54, -116, -30, -124, -18, -46, 16, 73, -90, -96, -7, -79, 57, -41, 7, 64, -73, 75, -116, 33, 24, -87, -117, -126, 54, -44, -46, 123, 8, -71, -36, -13, 57, 24, -38, -100, -64, 33, -26, 8, -111, -98, 99, -71, 53, -100, -94, -94, 105, 25, -71, 5, 73, -103, -109, 44, -128, -48, 101, -70, -58, -100, -122, -82, -86, -60, -96, -107, -48, -3, -43, 86, 112, 6, -70, 28, -44, 42, 52, 118, 82, -98, -22, 73, -74, 20, -93, -120, -15, -88, 120, 113, 94, -7, -3, -10, 58, 42, -17, -113, 26, 107, 40, -63, -45, -18, -81, 40, -3, 37, -33, -54, -100, 64, 90, -105, -120, -9, 105, -108, 104, -80, 100, 58, 12, -13, 14, -99, 113, -29, -67, 86, 73, 104, -118, -93, 6, -37, 116, 83, -19, 15, 104, -18, 47, -81, 111, 22, -42, 119, 104, -7, -71, 74, 19, -123, -57, -111, -41, 57, 0, 125, 13, 114, -9, 13, 8, 80, -4, -45, -107, 77, -103, 87, 82, 14, -6, -23, -127, 75, -46, -22, 69, -123, -33, -102, 80, 57, -71, 121, -74, 3, 115, -113, 51, -42, -81, -38, 92, 61, -73, 36, -110, -62, -56, -61, 61, -41, -69, -107, -25, -41, 1, -44, -18, 51, -53, -81, 79, -70, -72, -102, 109, -37, 52, 80, -14, 29, 110, 90, -38, -37, -35, 73, 88, 1, -54, 29, -41, 83, -52, 15, 46, 117, -45, 94, -66, 70, -118, -105, -100, 66, -38, -38, 88, -94, 6, 46, -7, 4, -92, -55, -94, -120, -63, -45, 76, 120, -20, 106, -124, -77, -13, 75, 63, -74, -36, 97, 102, 37, -53, 34, -106, 44, -53, -88, 26, 109, -82, 49, -31, -91, 18, -22, -26, 41, 5, -78, -40, 73, 51, 14, -17, -110, -32, -56, -68, -85, 44, -99, 112, 58, -25, 56, -59, 20, 61, 40, -75, 101, -58, -26, -127, 37, 55, 49, -103, 35, -109, 67, -52, 6, 80, 121, 120, 116, -81, 67, -20, -89, 29, -31, 79, 97, 21, -76, -73, 15, 13, -54, 40, 86, 51, 96, 115, -73, -105, -106, -101, -8, 98, -68, -50, 91, -39, 46, -124, 125, -30, -88, -111, 125, -50, 98, 113, -49, -96, 31, 60, 99, 115, 89, 109, 26, -37, -36, -21, 39, 54, 78, -118, 24, -112, 117, -14, -86, -57, -111, -29, 118, -116, -36, 19, 61, -26, -50, 22, -69, -120, -54, -102, -81, 49, 83, -99, 48, 70, -30, -83, -83, -117, -14, -13, 40, -64, -13, -83, -2, -113, 37, -114, 110, -56, 89, -52, 34, 16, -31, 74, 48, -58, 57, -71, 73, 94, 111, -98, 5, 55, -70, -108, 48, -28, 64, 43, -78, 57, 92, -121, -95, 37, 98, -40, -30, 96, 57, 72, -48, -44, 90, -53, -104, -28, 10, -72, -85, 68, 85, -13, -85, 109, -119, 36, 82, -118, -56, -125, -31, 86, -110, -41, 31, 17, 52, 112, 49, -10, -77, 91, -51, 70, -20, -91, 72, -113, 116, -36, -72, -26, -56, -96, 53, -66, -69, 85, -60, 36, 3, -127, -67, 96, -119, -104, -26, -107, -47, 117, 101, 37, -73, -14, -87, 123, 54, -71, -50, 42, -1, 0, 114, 85, 114, 106, 5, 105, 88, -88, -87, -36, 47, 92, -47, -95, -74, -120, 107, 47, -35, 83, -27, -83, -124, -94, -58, -111, -124, -37, 103, -35, 64, 71, -104, -88, 77, 4, 15, -126, 10, -81, -91, 23, -70, -42, -73, -56, 60, 41, 20, 38, -10, 111, -89, -115, 78, 27, 65, -110, 105, 42, 118, -53, -123, 54, -84, -110, -81, -86, -125, -3, -86, -62, 118, -61, -125, -9, 100, 43, 72, -57, -64, 46, 63, -67, 97, -11, -72, 107, -14, 51, 73, 88, -42, 88, 15, -62, 14, -108, 46, -29, 29, 53, -92, -78, -10, -62, -44, 124, 16, 22, -2, 103, 2, -86, 73, -37, 25, 0, -3, -108, 81, 47, -85, 115, 86, 111, -44, 112, 46, -10, 27, 29, 39, 118, -39, -40, 84, 90, -33, -101, 117, 21, -57, 92, 118, -65, -120, 54, 121, 39, -126, 63, -27, -117, 95, -68, -43, 23, -19, 47, 22, 115, -91, -4, -96, 31, -35, 69, 31, -123, 71, -36, -15, -10, 76, 78, -114, -5, -39, -120, -40, 98, -76, -74, 36, -100, -102, -31, -31, -29, -41, -31, 63, 105, 119, 114, -25, -50, 70, 31, -38, -123, 39, 29, -30, 76, 127, 103, 61, -62, -7, -9, -122, -95, -6, -74, -5, 68, -102, -119, -24, -80, 88, -80, 57, 31, 13, 95, -118, 17, 30, -58, -68, -91, 56, -89, 25, 118, -49, -73, 95, 127, -9, -112, 63, -67, 90, -121, -118, 113, -108, 63, -6, -37, -109, -4, -41, 77, -3, -77, 81, 47, 85, -117, -3, 127, -47, -89, 20, 122, -103, -116, 98, -94, 97, 70, -34, -68, -14, 14, 55, -58, 65, -46, -20, -6, 52, -123, -65, -67, 48, -73, -29, 124, 111, -2, -20, 109, -3, 53, 11, -43, 113, -82, 81, 126, -28, 78, -64, -38, 64, 84, -29, 35, 77, -63, -38, -66, 117, -3, 36, 89, 92, 88, 118, -126, -17, 51, -67, -44, 65, -108, 25, -28, 64, -84, 88, -82, -60, 87, -75, 67, -57, 120, -127, -1, 0, 22, 40, -113, -53, 21, -30, -65, -92, 14, 39, 117, -57, 120, -11, -19, -44, 113, -72, -73, 82, -86, 28, 70, 116, 10, -95, 78, 78, 49, -65, 74, -24, -57, -42, 99, -22, 31, -57, -80, -45, -115, -20, 114, -23, 52, 16, -37, -76, 102, 37, 45, 42, -31, -28, -50, 88, 48, 36, -114, 95, 13, -58, 71, 94, 90, -119, 110, -8, -123, 48, 20, 126, -20, -79, 37, -114, 72, -24, 112, 107, -87, -31, -99, -125, -68, -68, -31, -80, 95, 64, -62, 71, -107, -49, -20, 8, 49, -78, -128, 9, -44, -99, -74, -12, -44, 82, 110, 53, -62, 111, 120, 44, -26, -54, -12, -56, -114, -64, 50, -123, -109, 66, -65, -113, -2, 106, -29, -105, 28, -37, -118, 123, -102, 90, 22, -119, -117, 18, 7, 123, -81, -119, -49, -67, -80, -51, 110, 70, -26, 33, 4, 92, -18, 1, 3, 27, -109, -90, -92, 85, -71, -8, 79, 16, 107, 41, -81, 86, -58, 101, -75, 93, 28, -88, -8, 78, 51, -106, 4, -28, 14, -71, -86, -111, -62, -46, -25, -69, 94, 83, -114, -103, 98, -33, -97, -91, 90, -95, 108, 104, 93, 57, 85, 105, 25, -92, 24, -41, -99, -119, 39, -56, -7, 85, -21, 25, -118, -121, 46, -62, 57, 0, -36, 13, 65, -50, -122, -70, -103, -69, 15, -60, -102, -50, 43, -5, 86, 23, 44, -22, -84, 83, -108, -85, -74, 113, -65, 54, -71, 30, 122, -41, 53, -60, 98, 110, 25, 48, -114, 107, 110, 75, -128, 57, -52, 108, 6, 72, 58, 107, -41, -21, -29, -102, -54, 57, -95, -111, -44, 25, 45, -89, -79, -17, -33, -93, -34, 86, -20, -91, -118, 34, -86, -14, 2, 31, -107, -108, -28, -28, -27, -76, 39, 115, -13, -82, -119, -48, 46, -58, -68, -125, -12, 91, -60, 98, -68, -76, -69, -123, 72, -114, -31, 36, 15, -110, 73, 44, -92, 99, 63, 44, 125, -11, -34, -91, -60, -47, 109, 112, 126, 76, 107, -105, 47, -85, -82, -97, 35, -57, 40, -16, 70, -53, 99, -92, 72, -13, -74, -76, 85, -128, 117, 21, -51, 55, 18, -99, 127, -9, 108, 7, -121, 49, -95, -98, 40, -8, -55, -71, -101, -48, 49, 21, -97, -33, 96, -1, 0, 70, 53, -92, -22, -3, -100, -115, -9, -83, 119, 88, -36, -118, -29, -37, -116, -111, -2, 124, -39, -1, 0, -28, 53, 6, -29, -78, 32, -56, -72, -109, -3, 102, -102, -11, -75, -34, 12, 119, 19, -75, -115, -71, 91, 2, -89, -50, 75, 109, 92, 68, 125, -90, -71, 25, -61, 43, 15, -30, -42, -116, -99, -83, -111, 8, 18, -63, 27, 15, 34, 71, -9, -83, -31, -22, -72, 37, -7, 90, 5, 36, 118, -117, -126, 9, -56, -88, -123, 83, -26, 107, -100, -73, -19, 117, -101, 17, -34, 69, 42, 121, -24, 69, 48, -117, -76, 60, 46, 124, 98, -19, 20, -1, 0, 26, -30, -70, -95, -43, -31, -105, 18, 69, 90, 99, 22, 77, 107, 88, -83, 69, 117, 111, 63, -8, 83, -58, -28, -8, 56, -51, 17, -127, 29, 43, 117, 52, -8, 99, -40, -46, 22, -87, 21, -26, -42, -94, 42, 98, -104, -49, 21, 91, 25, 24, -32, -86, -113, -99, 25, 120, 107, -19, -128, 43, -81, -3, 77, 24, -8, 100, 111, -69, -14, -83, 14, 24, -128, -29, -99, -2, -17, -54, -66, 41, -25, 103, 61, 51, -105, 94, 21, 39, -39, 98, -65, 32, 104, -119, -63, 25, -121, -67, 35, 124, -64, 31, -38, -70, 97, -61, 99, 31, -26, 55, -35, -7, 84, -113, 15, 81, -77, -75, 79, -70, -62, -114, 122, 62, 7, 26, -22, 74, -73, -11, 26, -78, -100, 22, 35, -47, 71, -104, 38, -100, -117, 32, -65, 108, -3, 43, 94, -54, 115, -15, -100, 122, 82, 121, 101, -28, 84, 45, 94, 11, 107, -10, -105, 62, -90, -120, -68, 22, -53, -9, 7, -42, -81, -117, 76, -3, -78, 42, 94, -58, -33, 102, 81, -12, -87, 115, -105, -112, -94, -102, -16, -117, 17, -89, 116, 15, -52, -47, -109, -121, 89, 70, 125, -37, 116, -49, -103, -93, -2, -81, -108, -115, 37, 81, -11, -88, -2, -82, -70, -23, 60, 68, 121, -106, -4, -87, 106, -105, -112, -2, -115, -120, 96, 77, -96, -117, -23, 91, -62, 116, 69, 90, -48, -31, 119, 45, -15, 92, 66, -66, -103, 53, 49, -62, -104, 124, 119, -93, -6, 99, -1, 0, 122, -101, -112, -66, 94, 8, 23, -63, -9, 113, -12, 31, -107, 64, 96, 15, -123, 48, 119, -9, 6, -75, 117, 120, 125, -78, -97, -38, 77, 35, -6, -112, 40, -123, -20, 45, -64, 37, 84, 124, -63, -4, 104, 90, -5, 49, -88, -56, -94, -67, -21, 124, 17, -25, -7, 86, -125, 117, -62, 34, -65, 116, 123, -85, 24, 102, 104, -40, 50, 52, -79, -87, 42, 70, -40, -49, -87, -93, 94, -10, -105, -124, 89, -116, 60, -8, 36, 103, -107, 72, -49, -46, -111, 93, -10, -6, -43, 85, -67, -117, -121, -50, -17, -48, -54, 66, 3, -8, -42, -40, -15, 101, -69, 86, 27, 46, -29, 30, 17, -39, -72, -72, 74, -36, 45, -100, 88, -114, -26, 78, 121, 21, -36, 48, -16, -64, 30, 30, 91, 87, 27, -40, 14, -51, -40, 93, -114, 37, 114, -106, 113, -69, -37, 113, 25, 18, 41, 12, -92, 114, 5, 111, 116, 0, 8, -58, -61, 106, 37, -1, 0, 108, -72, -43, -48, 101, -74, 72, 109, 1, 24, 86, 65, -52, -61, -26, 105, 47, 102, -82, 120, -81, 103, -31, 120, 44, 103, 83, 19, -65, 59, 44, -118, 27, 39, -57, 59, -41, 124, 49, 101, 88, -90, -100, -2, 78, -127, 78, 58, 94, -25, -85, -5, 37, -57, -38, 72, -105, 58, -18, 52, -6, -26, -109, 118, -125, -78, 112, -15, -95, 3, 51, -61, 5, -60, 51, -92, -94, 112, -95, -119, -27, -24, 116, 25, -45, 77, 118, -92, -79, -10, -81, -116, 3, -17, -63, 108, -1, 0, -22, -4, -22, -28, 125, -84, -68, -9, 123, -53, 8, -113, -113, 35, -111, 92, 112, -23, -14, 98, -106, -88, 61, -55, 82, -118, -32, 117, 105, -64, 44, -84, 102, 121, -84, -32, -76, -126, 73, 70, 36, 120, -93, 85, 47, -21, -128, 60, 106, -55, -79, 99, -2, 108, 95, 64, 41, 84, 125, -88, -127, -65, -59, -78, -107, 125, 49, 86, -29, -19, 7, 12, -105, -30, 46, -98, -79, -102, -58, 120, -92, -35, -53, -112, -43, 22, 29, -72, 107, -25, 67, 19, 124, -24, 50, 112, -106, 39, 61, -38, 103, -42, -82, 71, 125, 99, 47, -8, 119, 9, -23, -100, 81, 75, -61, -116, -122, 39, -48, -44, 104, -94, -76, -57, -56, -91, -8, 75, 13, 121, 53, -14, 53, 90, 94, 13, 33, -44, 18, 62, 116, -5, -36, -36, 51, 124, -21, 68, 120, 107, -22, 106, -107, -82, 24, -100, 81, -53, -73, 4, -112, 19, -121, 57, -88, 126, -90, -67, -39, 101, 36, 121, -100, -41, 85, -54, -67, 64, -84, 33, 105, -21, -110, 21, 28, -88, -32, -105, -37, 101, 0, -11, -59, 26, 62, -49, -49, -97, 126, 100, 81, -4, 32, -109, 93, 33, -27, 29, 7, -46, -93, -52, -66, 95, 74, 107, 36, -71, 69, 10, 97, -32, -94, 45, -18, 28, -3, 7, -31, 87, 96, 19, -37, -1, 0, -123, 117, 50, -6, 72, 69, 29, -92, 81, -10, 71, -46, -96, 102, 30, 95, 74, 107, 36, -41, 14, -123, 108, -79, 31, 20, -30, 41, -89, -76, 6, -2, 101, 7, -16, -94, 14, 51, -60, 6, -26, 54, -2, -111, 84, 76, -93, -2, 10, -119, -101, -2, 98, -74, 93, 86, 117, -5, 49, -36, -68, -127, -3, 101, -90, 72, 3, -52, -102, 32, -67, 111, 3, 73, -60, -38, -24, 126, 91, 84, -124, -51, -53, -112, -52, 107, -97, 65, 90, -122, -34, -36, -33, -69, -12, -83, 11, -87, -113, 74, 84, -73, 12, 126, -41, -46, -90, 46, 24, 121, -118, 90, 71, 99, 81, 113, 33, -35, -79, -27, 82, -17, -36, 106, 90, -107, 9, -119, -41, 36, 15, 42, -112, -105, 63, 107, -21, 75, 72, -83, 13, 22, -27, -114, -20, 62, 117, 33, 40, 39, 124, 122, -46, -93, 41, -50, 65, 3, -17, -87, 9, 91, 76, -97, -83, 45, 32, -102, 27, -121, -41, 71, 31, 90, -97, 124, -61, 108, 31, -70, -108, -117, -113, 53, -2, -43, 33, 114, -64, 107, -51, -3, 58, -46, -46, 85, -95, -80, -108, -99, 115, 82, 51, 18, 49, -49, -118, 86, 39, -50, -60, -23, -67, 73, 101, 86, -44, 55, -49, 52, 49, 12, 89, 85, -74, 43, -11, -91, -105, -4, 28, -36, -99, 24, -29, -61, -104, -47, 13, -50, 14, -128, 15, 44, -47, 18, -24, 100, 97, -108, 31, 12, 80, -89, 37, -64, -102, 76, 68, -35, -112, -22, -117, 24, -12, 56, -95, -1, 0, -46, 50, -20, 81, 15, -93, -41, 74, 38, -26, 59, -21, -27, 91, -17, -120, -36, -100, 122, -102, -43, 117, 57, 23, 114, 125, -72, -100, -41, -3, 32, -25, 25, 80, 61, 26, -90, -67, -112, 24, -8, -79, 93, 50, -52, 15, -113, -52, -44, -42, 111, 23, 52, -66, -89, 39, -111, 44, 81, 57, -127, -39, 52, 27, -51, 69, 78, -51, 67, 31, -59, 114, -29, -56, 87, 73, -34, -89, 92, 26, -116, -115, 19, 125, -111, -11, -91, -11, 19, -14, 63, 110, 34, 33, -64, -83, 87, 119, -107, -65, -88, 126, 85, 49, -62, -84, -45, -20, 72, 127, -86, -101, 52, 40, 118, 113, 66, 107, 119, 43, -112, 70, 51, -71, 56, -93, -35, -109, -18, 78, -124, 80, 91, 123, 120, -2, 24, -2, -90, -117, -34, 42, -115, 35, 65, -113, 26, -109, -37, -56, 62, 37, 63, 42, 19, 68, -8, 36, 98, -115, 72, 85, 65, -106, -28, -2, -30, 125, 106, 94, -43, -90, 90, 60, 122, 26, -87, -54, -40, -23, -14, -88, -66, 122, -125, -14, -89, 104, 45, -105, 26, -23, 116, -56, 32, 121, -44, 77, -54, -8, -3, -11, 73, -80, 119, 111, -107, 64, -56, -85, -127, -111, 79, 97, 54, -53, -51, 58, -99, -100, 80, -53, -98, -123, 13, 82, 105, 65, -48, -107, -6, 80, -99, -108, 108, -96, -7, -45, 66, -44, -58, 6, 118, -40, 119, 127, 90, 27, 92, 56, -24, -108, -65, -30, 58, -115, 61, 107, 93, -56, -21, 51, 125, 106, -110, 38, -39, 120, -35, -73, -18, -3, -11, 3, 115, 47, 84, 31, -22, -86, -84, -83, -1, 0, 112, -125, -4, -43, 14, 71, 27, 75, -1, 0, -22, -102, 66, 114, 96, 26, 96, 117, 90, -59, -72, 40, 54, -46, -107, -121, 36, -25, -104, -113, -99, 109, -114, 119, 102, -5, -85, 77, 6, -74, 48, 75, -100, -99, -57, -42, -113, -52, -92, 100, -100, 31, 58, 80, 37, 69, 24, 36, 102, -120, -105, 35, 93, 6, -98, 38, -109, -128, -20, 104, -83, -125, -80, -49, -122, -11, 62, -8, -127, -98, 76, -113, 49, 74, -59, -64, 35, 77, 7, -112, -83, 53, -55, -50, 36, 76, -113, 28, 102, -89, 64, -84, 112, 38, 3, -31, 108, 120, -5, -72, -84, 91, -113, 123, 4, 28, 82, -107, -72, 1, 70, 24, 48, -24, 5, 17, 37, 36, -28, -126, 87, -46, -109, -128, -58, 126, -47, -4, 92, -89, -96, -58, 115, 90, -25, 36, 107, -87, 59, -28, 126, 53, 67, -68, 1, -14, 84, -28, -11, 11, -118, 42, -54, -97, 99, 126, -70, 10, -99, 33, 101, -27, -109, -108, -25, -98, -116, 46, 125, -34, 108, -87, 62, 34, -107, -121, 3, -4, -49, -20, 77, 25, 94, 66, -71, 50, 30, 83, -74, 64, 63, -123, 39, 18, -84, 98, -77, -31, 112, -84, -95, 79, -104, 21, 17, 41, 81, -66, 6, -25, -35, -86, 43, 33, 125, 68, -113, -97, 37, -83, 119, -59, 64, 13, -52, -6, 107, -98, -97, 33, 75, 72, 88, -60, 93, 1, -23, -29, -102, -103, -72, -24, -82, 1, -33, -107, -76, 52, -66, 55, 13, -16, -3, -30, -92, 100, 109, -70, -113, -31, 31, 118, 105, 105, 65, 99, 21, -72, 99, -15, 6, -11, -94, 36, -121, -2, 26, 82, -73, 15, -44, -82, 124, -58, 40, -117, 41, -15, 56, -13, -87, 112, 21, -114, 22, 93, 53, -4, -22, 70, 65, -29, 74, 22, -32, -125, -128, 113, -14, -94, 123, 67, 102, -95, -64, 118, 52, 14, 115, -109, -73, -99, 111, -68, -41, 83, -54, 52, 57, -13, 20, -80, 76, -33, 103, 67, -27, 68, 23, 7, 24, 39, -52, -125, -67, 45, 33, 99, 49, 112, -61, 99, -8, 84, -69, -2, 111, -119, 84, -46, -63, 63, 48, 39, 56, -11, -83, 36, -52, -121, 37, -127, 30, 32, 109, 70, -112, -79, -82, 32, 109, 74, 16, 124, -85, 66, 4, 124, -31, -122, -37, 98, -105, -117, -110, 78, 115, -111, -29, -79, -94, 11, -116, -24, 78, 7, -114, 106, 105, -114, -61, -53, 97, -43, 49, -25, -118, -85, 45, -128, 44, 50, 15, 48, -37, 76, -118, 42, 93, -98, 126, 80, 91, 3, 99, -102, 34, -35, 16, 113, -128, 71, -83, 52, -28, -121, -79, 66, 75, 39, 25, 35, -109, 35, 122, -81, 36, 69, 65, -56, 25, -89, 45, 58, 72, 64, -48, 31, 93, 106, 6, 53, 109, -50, 125, 106, -42, 70, 75, 72, 66, -47, -25, 66, 51, -118, 19, -62, 63, 116, 124, -123, 60, 107, 24, -40, 28, 29, 73, -45, 90, -83, 61, -117, -81, 64, -43, -94, -56, -119, 113, -16, 38, 60, -70, -24, 71, -123, 12, -100, 125, -80, 62, 85, 126, 88, 93, 24, -85, 68, 66, -12, 7, -3, -86, -79, -115, 67, 16, 65, 35, -57, 66, 107, 104, -76, -55, 104, -26, 81, -40, -11, -58, -99, 40, -127, -37, 56, -49, -115, 101, 101, 117, 48, 8, -70, -77, 19, -82, 54, -96, 72, -60, -54, 118, -36, 116, 21, -107, -108, -94, 53, -56, 69, -111, -61, -32, 49, 3, 30, 53, 57, 29, -71, 7, -68, 119, -4, 107, 43, 40, -112, 48, -78, 124, 123, -111, -91, 110, 57, 28, -98, 92, -23, -102, -35, 101, 64, -119, 65, 35, -107, -43, -40, -6, -102, 48, 3, 59, 117, -84, -84, -88, 99, 68, -121, -38, 52, 66, -60, 71, -90, -107, -107, -107, 33, 34, 92, -60, 38, 116, 39, -50, -94, -77, 54, 25, -41, 10, 67, 99, 65, 89, 89, 82, -122, 16, 18, -48, 9, 11, 28, -73, -98, -44, 118, 99, -18, 12, -28, 86, 86, 84, -80, 54, -57, 57, -50, -70, 86, -56, -60, 121, 26, 31, -10, -84, -84, -87, 99, 102, -41, 87, -83, -119, 24, 72, 71, 77, 43, 43, 40, 36, 41, 118, 80, 72, 39, 92, 86, -111, -55, 63, 42, -54, -54, 72, 100, -7, -113, 49, -14, -51, 77, 29, -126, 3, -109, -100, 86, 86, 84, -79, 18, 82, 91, -109, -104, -109, -100, 102, -92, 119, 35, 29, 43, 43, 42, 70, 109, -16, -40, 12, -93, 24, -94, 40, -62, 18, 52, -64, -48, 86, 86, 80, -64, -108, 100, -70, 6, 59, -42, -71, -40, 54, 1, -46, -78, -78, -89, -72, -40, 68, 99, -55, -100, -21, -118, -97, 59, 16, 50, 126, -41, -27, 89, 89, 72, 9, -32, 49, 33, -70, -43, 121, 109, -29, 4, -31, 113, -83, 106, -78, -124, -35, -115, 31, -1, -39], govIdBack=[-1, -40, -1, -32, 0, 16, 74, 70, 73, 70, 0, 1, 1, 0, 0, 1, 0, 1, 0, 0, -1, -37, 0, -124, 0, 9, 6, 7, 8, 7, 6, 9, 8, 7, 8, 10, 10, 9, 11, 13, 22, 15, 13, 12, 12, 13, 27, 20, 21, 16, 22, 32, 29, 34, 34, 32, 29, 31, 31, 36, 40, 52, 44, 36, 38, 49, 39, 31, 31, 45, 61, 45, 49, 53, 55, 58, 58, 58, 35, 43, 63, 68, 63, 56, 67, 52, 57, 58, 55, 1, 10, 10, 10, 13, 12, 13, 26, 15, 15, 26, 55, 37, 31, 37, 55, 55, 55, 55, 55, 55, 55, 55, 55, 55, 55, 55, 55, 55, 55, 55, 55, 55, 55, 55, 55, 55, 55, 55, 55, 55, 55, 55, 55, 55, 55, 55, 55, 55, 55, 55, 55, 55, 55, 55, 55, 55, 55, 55, 55, 55, 55, 55, 55, 55, -1, -64, 0, 17, 8, 0, -108, 1, 14, 3, 1, 34, 0, 2, 17, 1, 3, 17, 1, -1, -60, 0, 28, 0, 0, 2, 2, 3, 1, 1, 0, 0, 0, 0, 0, 0, 0, 0, 0, 0, 3, 5, 2, 4, 0, 1, 6, 7, 8, -1, -60, 0, 65, 16, 0, 2, 1, 3, 2, 3, 5, 5, 4, 8, 5, 3, 5, 0, 0, 0, 1, 2, 3, 0, 4, 17, 33, 49, 5, 18, 65, 6, 19, 81, 97, 113, 20, 34, 50, -127, -111, 66, -95, -63, -47, 7, 21, 35, 82, 98, 114, -126, -79, 51, 67, -110, -31, -16, 22, 83, -15, 52, 68, 115, -109, -94, -1, -60, 0, 26, 1, 0, 3, 1, 1, 1, 1, 0, 0, 0, 0, 0, 0, 0, 0, 0, 0, 0, 1, 2, 3, 4, 5, 6, -1, -60, 0, 40, 17, 0, 2, 2, 1, 3, 3, 3, 4, 3, 0, 0, 0, 0, 0, 0, 0, 0, 1, 2, 17, 3, 18, 33, 49, 4, 65, 81, 5, 19, 34, 20, 21, 50, 66, 97, -127, -95, -1, -38, 0, 12, 3, 1, 0, 2, 17, 3, 17, 0, 63, 0, -13, 108, 84, -46, 38, 109, -75, -84, 2, -92, -71, 31, 9, 34, -66, -124, -15, -84, -63, 25, 27, -125, 83, -18, -21, 57, -53, 111, 83, 86, 56, -42, -127, 89, 16, -75, 32, 42, 65, -65, -122, -120, 27, 77, -121, -46, -102, 17, -91, 20, 104, -50, 58, 100, 86, -108, -7, 15, -91, 16, 107, -48, 80, 38, 25, 38, 11, -94, -88, -59, 77, -97, -97, 29, 40, 10, 40, -118, 41, -47, 45, -122, 10, 60, 86, -120, -76, 53, 20, 100, 90, 100, -123, 78, 118, -9, 70, -85, -46, -116, -79, -107, -8, -76, -95, 38, 87, 111, -70, -118, -96, -17, -110, 73, -15, -96, 65, 20, 81, 80, 84, 16, 81, -44, 80, 34, 104, -75, 97, 5, 14, 49, 86, 80, 84, 48, 38, -126, -84, 34, -44, 17, 122, -43, -120, -93, 102, 56, 85, 36, -8, 1, 89, -71, 34, -46, 101, -2, 21, 99, -19, -20, -16, 38, 22, 64, 57, -107, -67, 43, -91, -32, 118, 83, 88, 67, 50, -80, -60, -124, -12, -37, -27, 72, 56, 36, -122, -34, -19, 93, 84, -77, 96, -116, 1, -83, 117, 54, -9, -20, -17, -56, -15, -108, 108, 103, 4, 98, -72, 122, -119, 74, -24, -17, -23, -29, 30, 123, -108, 56, -68, 45, 113, 18, -27, 71, 120, -97, 9, -95, -61, 24, -122, 62, -19, 23, 3, -87, -3, -22, -67, 112, 121, -51, 7, -69, -14, -84, -93, 45, -88, -42, 81, -7, 106, 55, 29, 77, -100, -88, 10, -75, 16, -104, 27, 86, -71, 117, -92, -54, 15, 30, 15, -81, 90, -73, 24, -86, 74, 113, -118, -67, 110, -68, -29, 122, -50, 69, -60, 60, 122, 10, 42, -44, 85, 49, 82, -38, -77, 53, 52, 85, 114, 67, 96, -126, 122, -118, -33, 74, -39, -38, -94, 13, 0, 42, -67, -110, 83, 33, 71, -9, 84, 108, 60, 106, -83, 57, -71, -73, -114, -32, 2, 91, 12, 54, 34, -86, -120, 22, -33, 73, 19, -68, -50, -51, 90, -87, -86, 49, -108, 29, -97, 48, -14, -42, -15, 69, -27, -14, -84, -27, -14, -81, 112, -14, -20, 24, 90, -112, 21, 48, -75, 32, -96, 80, 34, 32, 81, 21, 107, 97, 104, -118, 40, 17, -118, 40, -118, 43, 21, 104, -86, -76, -60, 104, 10, 42, -83, 96, 90, 34, -83, 49, 27, 85, -93, 32, -88, -88, -94, -86, -48, 34, 74, 40, -56, -75, 5, 20, 116, 20, 18, 77, 22, -114, -119, 80, -116, 109, -91, 117, -10, 125, -101, -74, -70, -32, 113, -34, 91, -68, -83, 55, 46, -85, -47, -50, 118, -84, -78, -27, 88, -22, -53, -122, 55, 55, -15, 17, -16, -34, 27, 115, -60, 36, 41, 105, 17, -111, -108, 115, 31, 120, 12, 15, -99, 118, 92, 47, -77, 16, 90, 93, 36, -13, -49, -34, -29, 7, -69, 100, 26, 31, 58, -33, 10, -114, -42, 23, 105, -83, 99, 8, -52, -95, 78, -124, 109, -75, 93, 105, 88, -71, 53, -25, -26, -49, 57, 58, 92, 29, -8, -80, -62, 42, -33, 37, -104, -8, 55, 14, 25, 100, -76, -125, 87, 44, 73, 92, -111, -23, 87, 87, -70, 67, -92, 105, -112, 52, -64, -23, 75, -31, -99, -41, 99, -67, 100, -78, -76, 106, 92, 12, -80, -40, 87, 51, 77, -67, -39, -46, -100, 82, -39, 27, 19, 91, 69, 117, 35, -92, 28, -100, -5, -80, 24, -26, -96, -36, 93, -57, 113, 112, -116, -54, 65, -113, 60, -104, 29, 14, 55, -86, 50, -35, -103, 9, -25, 62, -15, -5, 62, 21, 4, -63, -15, -51, 90, -123, 25, 57, -115, 99, 2, 81, -111, -82, 40, -94, 61, 54, -96, -40, -57, -53, -93, 28, 18, 116, -51, 48, 72, -11, 21, 18, 116, -51, -94, -83, 21, -69, -83, 54, -95, -76, 120, -90, 13, -54, -93, -50, -76, 99, -120, -116, -79, -59, 78, -95, -23, 23, -123, 57, 26, 31, -91, 92, -73, 96, -121, 93, 42, 38, 95, -119, 84, 124, 63, 125, 12, 30, 125, 73, -94, -20, 18, -95, -110, -100, -118, -58, 56, -96, 70, -40, 81, 88, -20, 15, -115, 69, 23, 102, -35, -51, 68, 62, 40, 78, -58, -122, 88, -45, -95, 89, 111, -104, 81, 57, -44, -113, 120, 103, 21, 67, -100, -42, -60, -124, 81, 67, -77, -63, -41, -78, -100, 97, -83, 13, -46, -38, 115, 71, -116, -128, -83, -106, 35, -46, -88, -55, -62, 111, -29, -116, -56, -10, 83, 42, 40, -55, 102, 92, 1, 94, -73, -62, 120, -27, -107, -38, -14, 66, -31, 72, -45, -105, 108, -46, -66, -35, -53, 114, -4, 55, -71, -75, 28, -53, 33, -52, -124, 111, -118, -12, -29, -44, 77, -50, -102, 60, -41, -122, 58, 109, 51, -50, -72, 95, 12, 126, 33, 43, 34, -70, -58, 20, 106, -51, 86, 110, -72, 58, -37, 70, -54, -45, -85, -50, 14, -61, -62, -123, 11, 24, -78, 8, 57, -49, -114, 49, 86, -51, -52, 79, -126, -22, 73, 11, -128, -89, 99, 93, 50, -69, -40, -63, 85, 10, -28, -74, -110, 28, 119, -120, 84, 29, -119, 27, -42, -128, 25, -63, -34, -70, 20, -102, 62, 33, 8, -118, 126, 72, -93, 77, -78, 112, 69, 91, -31, -4, 11, -122, -36, 69, 38, 110, -3, -32, 14, 50, 113, 71, -71, 92, -117, 77, -16, 114, -22, -72, 25, 58, 81, 21, 115, -80, 63, 74, -23, 120, 21, -107, -110, 25, 94, 118, 66, -24, 112, 27, 124, -4, -85, -89, -105, -122, -16, -117, -69, 85, -73, 107, 120, -69, -48, -92, -85, 69, -128, 114, 125, 42, 101, -99, 39, -63, 81, -58, -38, -28, -13, 117, 95, 26, 42, -83, 49, -30, -36, 45, -84, 46, -28, -115, 68, -116, -120, 6, 93, -105, 26, -1, 0, -52, 85, 68, 94, -67, 43, 104, -55, 73, 90, 50, -110, 113, -39, -102, 85, -14, -93, 42, -47, 33, -127, -28, 96, -79, -93, 51, 19, -128, 20, 100, -102, -71, 63, 15, -71, -75, 115, 29, -51, -68, -79, 56, 25, 33, -41, 26, 81, -87, 45, -104, -110, 111, 116, 84, 85, -94, -94, -22, 41, -27, -113, 103, 37, -98, -38, 59, -121, -99, 17, 24, 100, -116, 106, -75, -87, 123, 63, 117, 28, -100, -79, 21, -112, 116, 35, 74, -113, 118, 23, 86, 63, 110, 85, 116, 84, -31, -10, -85, 60, -63, 93, -71, 80, 110, -34, 21, -24, 60, 22, 104, 34, -77, 17, 91, 114, -80, 93, 52, 53, -60, -89, 11, -65, -128, -107, -18, 28, -125, -15, 5, -89, 92, 39, -122, -15, 27, 107, -108, 43, 19, -92, 79, -71, 36, 87, 55, 80, -93, 37, -55, -45, -127, -72, 62, 14, -78, -39, 64, 113, -123, -50, 117, -55, 21, -69, -59, 73, 55, -9, 66, -11, -57, 90, -126, -5, 64, 88, -33, -105, 109, 49, -102, 52, -28, -53, 25, 82, 112, 119, 58, 87, -100, -7, 61, 5, -70, 23, -62, -20, -31, -121, 33, 1, 118, 39, -83, 17, -27, -18, -30, 119, -54, -110, -85, -79, 53, 97, -96, -26, -119, 79, 54, 0, -40, 120, -46, -114, 61, 8, 101, -17, 57, -80, -60, 0, 84, 85, -57, 118, 68, -66, 40, 92, -46, -76, -78, 23, 56, -44, -25, 74, -75, 110, -84, -20, 0, -86, 17, -18, 0, 26, 83, -98, 22, -63, 27, 44, -71, -83, -25, -78, 57, -15, -18, -58, -80, -122, 76, 22, 57, -94, 61, -55, 78, -103, -86, -73, 19, 16, -70, 109, 85, -60, -124, -99, 14, 107, -106, -84, -22, -70, 47, -5, 66, -79, -55, 6, -79, -7, -89, 66, 35, -40, 117, -51, 5, 1, -64, -56, -56, -85, 22, -84, -79, -125, -125, -116, -12, -95, -20, 82, -36, -81, 108, 102, 89, 88, -78, 28, -114, -92, 85, -120, -62, 62, 85, -68, 104, -83, 113, 24, 24, -48, -102, -87, 35, -14, 18, -54, -89, 94, -76, -71, 14, 11, -68, -70, 96, 26, -125, -87, 80, 58, -43, 104, -91, 36, -4, 85, 118, 50, 10, -21, -42, -109, -40, 107, 114, -77, 102, -74, 23, -101, 97, 69, -112, 5, -83, 25, 21, 62, 17, 64, -24, -120, -127, -79, -102, -113, 119, -115, -51, 16, 94, 70, -93, 86, -91, -9, 87, -103, 127, 116, -23, 70, -30, 109, 35, -52, -82, -82, 44, -117, -76, -112, 56, 89, 64, -9, 89, 70, 42, -117, 113, -69, -41, -124, -60, -20, -78, 47, -117, 111, 66, -18, 61, 107, 94, -49, -27, 94, -60, 99, 21, -55, -28, 60, -115, -117, -39, 11, 63, 55, 90, -48, -115, -87, -113, -77, -97, 10, -33, -77, -26, -76, -44, -120, -90, 80, -28, 39, 122, 34, 43, 3, -85, 17, 87, 61, -102, -119, 29, -93, -56, 112, -120, 88, -17, -96, -95, -76, 27, -127, -74, 10, -78, -122, 125, 71, 92, 83, 14, 29, 115, 29, -83, -46, -52, -124, -128, -89, 32, -99, 107, 35, -31, 55, -114, 50, -74, -14, 99, -7, 104, -16, 112, -103, -106, 104, -110, 104, -54, -93, 54, -67, 113, 81, 39, 23, -55, 113, -44, -72, 59, 11, 9, -31, -30, 48, -107, -103, 20, -13, 46, 10, -80, -50, -97, -107, 14, -17, -77, 28, 54, 75, 102, -114, 40, -42, 23, 119, 4, 58, -115, 71, -91, 57, -32, -10, 54, 118, -10, -54, -79, -59, -115, 48, 89, -66, 35, -13, -93, -67, -78, -13, 21, 26, -83, 121, -81, 43, -116, -66, 44, -12, 22, 52, -29, -14, 71, 57, -63, 120, 82, -16, -71, -104, 58, -58, -19, -51, -107, -108, 40, -55, 30, 21, -43, -107, 89, -19, 94, 57, -108, 72, -82, 10, -80, -15, 6, -86, 61, -86, -17, -51, -125, 67, -122, -36, 6, -28, 73, -101, 93, -13, 74, 114, -42, -19, -79, -62, 26, 21, 80, -65, -116, 114, 90, -73, 50, 42, 8, -16, 2, -86, -29, 24, -91, 23, 28, 66, -22, 120, -64, -116, 48, 7, 113, -115, -87, -19, -9, 14, 120, -26, 105, 21, -124, -118, -33, 101, -86, -76, 62, -47, 17, -18, -47, 35, 40, 79, -68, -104, -83, 97, 40, -41, -109, 25, -58, 87, -32, 47, 9, 49, -83, -84, 125, -31, 118, 56, -55, -55, -21, 87, 19, -118, -58, -110, -70, -55, -112, -67, 42, -83, -52, -42, -42, 112, 73, 51, -107, 64, -117, -52, -39, -39, 107, -50, -81, -69, 108, -105, 82, -81, -77, 97, -97, -104, 126, -55, 70, -66, -128, -11, -15, -41, 27, 15, 26, -61, 36, -30, -99, -78, -11, 56, 42, 71, -86, -89, 17, -117, -97, 42, -40, 67, -71, 38, -93, 113, 125, 27, 74, 121, 95, 74, -15, 11, -18, -45, 113, 86, -102, 104, -31, -119, -71, 99, -62, -70, -9, -127, -76, 7, 57, -56, 27, -45, 46, 25, -37, 43, -89, -99, -51, -62, -26, 36, 62, -14, -86, 96, -81, -49, 93, 63, -26, 107, 37, -105, 29, -16, 39, -106, 71, -86, -36, 92, -69, -123, -18, -37, 110, -126, -88, 92, -51, 47, 121, -5, 82, 65, 62, 52, -115, 59, 79, 105, 19, 102, 73, -107, 1, -63, 25, 56, -9, 73, -64, 56, -4, 41, -77, -15, 24, 56, -116, 8, -32, -13, 48, 26, 21, -4, 107, -94, 45, 94, -60, -71, 89, 20, 30, -9, 49, -85, -16, 74, 83, -31, 56, -91, -27, -76, -94, 68, -25, -58, -76, 123, -119, 58, 29, 91, 58, -50, 64, -112, -32, 13, -22, -55, -74, 80, -54, 80, -23, -42, -108, -119, 0, -117, 0, 124, -24, -80, -33, -14, 46, 36, 108, -118, -55, -59, -10, 55, 82, 75, -111, -116, -81, -35, -116, 19, -12, -91, 115, 93, 58, 49, -63, 56, -13, -93, -75, -60, 114, 16, -51, -95, -58, 6, 40, 114, -63, 28, -117, -107, 109, 105, 47, -28, 37, -65, 5, 101, -71, 110, 108, -28, -26, -82, -37, 75, 36, -24, -36, -52, -27, 87, -88, -86, 109, 104, -32, 103, 25, -88, -60, -46, 68, 72, 4, -116, -8, 85, 52, -97, 4, -90, -41, 35, 72, -61, 44, -64, 99, 122, -76, 111, 2, 47, -99, 46, -114, -31, -37, 82, -58, -94, -18, 95, -82, -75, 26, 75, 82, 44, -49, 127, -99, -88, 39, -120, -80, 24, -46, -85, 50, 26, 4, -120, -21, -45, 52, -44, 80, -100, -104, 87, -97, 39, 122, -41, 123, 85, -116, 111, -99, -113, -46, -74, 1, 27, -125, 84, -110, 39, 80, -116, 112, 114, -39, 60, -54, 64, -16, 6, -73, 31, 7, 14, 112, 0, 63, 60, 83, 52, 86, 7, -31, -85, -42, -14, -58, -119, -17, -90, -43, -93, -55, 36, 102, -79, -59, -120, -41, -124, 47, 123, -125, 108, 79, -95, -90, 22, -4, 41, 93, 64, 123, 111, 117, 122, 53, 49, -17, 35, 39, -99, 99, 35, -106, -120, -73, 97, 116, 109, -86, 94, 73, 50, -42, 56, -95, 87, -22, -53, 56, -92, -52, -74, -61, -23, -91, 22, 59, 27, 62, -16, -111, 25, -27, -16, 83, 76, -89, -71, -123, -93, -57, 40, 38, -105, 18, 17, -77, -49, -53, -102, 90, -92, -60, -44, 81, 117, 32, -73, -116, -13, 69, 35, 8, -49, -39, 18, 105, 89, 34, 90, 71, 63, 56, 111, 80, 105, 108, -82, 1, -54, -116, -30, -124, -18, -46, 16, 73, -90, -96, -7, -79, 57, -41, 7, 64, -73, 75, -116, 33, 24, -87, -117, -126, 54, -44, -46, 123, 8, -71, -36, -13, 57, 24, -38, -100, -64, 33, -26, 8, -111, -98, 99, -71, 53, -100, -94, -94, 105, 25, -71, 5, 73, -103, -109, 44, -128, -48, 101, -70, -58, -100, -122, -82, -86, -60, -96, -107, -48, -3, -43, 86, 112, 6, -70, 28, -44, 42, 52, 118, 82, -98, -22, 73, -74, 20, -93, -120, -15, -88, 120, 113, 94, -7, -3, -10, 58, 42, -17, -113, 26, 107, 40, -63, -45, -18, -81, 40, -3, 37, -33, -54, -100, 64, 90, -105, -120, -9, 105, -108, 104, -80, 100, 58, 12, -13, 14, -99, 113, -29, -67, 86, 73, 104, -118, -93, 6, -37, 116, 83, -19, 15, 104, -18, 47, -81, 111, 22, -42, 119, 104, -7, -71, 74, 19, -123, -57, -111, -41, 57, 0, 125, 13, 114, -9, 13, 8, 80, -4, -45, -107, 77, -103, 87, 82, 14, -6, -23, -127, 75, -46, -22, 69, -123, -33, -102, 80, 57, -71, 121, -74, 3, 115, -113, 51, -42, -81, -38, 92, 61, -73, 36, -110, -62, -56, -61, 61, -41, -69, -107, -25, -41, 1, -44, -18, 51, -53, -81, 79, -70, -72, -102, 109, -37, 52, 80, -14, 29, 110, 90, -38, -37, -35, 73, 88, 1, -54, 29, -41, 83, -52, 15, 46, 117, -45, 94, -66, 70, -118, -105, -100, 66, -38, -38, 88, -94, 6, 46, -7, 4, -92, -55, -94, -120, -63, -45, 76, 120, -20, 106, -124, -77, -13, 75, 63, -74, -36, 97, 102, 37, -53, 34, -106, 44, -53, -88, 26, 109, -82, 49, -31, -91, 18, -22, -26, 41, 5, -78, -40, 73, 51, 14, -17, -110, -32, -56, -68, -85, 44, -99, 112, 58, -25, 56, -59, 20, 61, 40, -75, 101, -58, -26, -127, 37, 55, 49, -103, 35, -109, 67, -52, 6, 80, 121, 120, 116, -81, 67, -20, -89, 29, -31, 79, 97, 21, -76, -73, 15, 13, -54, 40, 86, 51, 96, 115, -73, -105, -106, -101, -8, 98, -68, -50, 91, -39, 46, -124, 125, -30, -88, -111, 125, -50, 98, 113, -49, -96, 31, 60, 99, 115, 89, 109, 26, -37, -36, -21, 39, 54, 78, -118, 24, -112, 117, -14, -86, -57, -111, -29, 118, -116, -36, 19, 61, -26, -50, 22, -69, -120, -54, -102, -81, 49, 83, -99, 48, 70, -30, -83, -83, -117, -14, -13, 40, -64, -13, -83, -2, -113, 37, -114, 110, -56, 89, -52, 34, 16, -31, 74, 48, -58, 57, -71, 73, 94, 111, -98, 5, 55, -70, -108, 48, -28, 64, 43, -78, 57, 92, -121, -95, 37, 98, -40, -30, 96, 57, 72, -48, -44, 90, -53, -104, -28, 10, -72, -85, 68, 85, -13, -85, 109, -119, 36, 82, -118, -56, -125, -31, 86, -110, -41, 31, 17, 52, 112, 49, -10, -77, 91, -51, 70, -20, -91, 72, -113, 116, -36, -72, -26, -56, -96, 53, -66, -69, 85, -60, 36, 3, -127, -67, 96, -119, -104, -26, -107, -47, 117, 101, 37, -73, -14, -87, 123, 54, -71, -50, 42, -1, 0, 114, 85, 114, 106, 5, 105, 88, -88, -87, -36, 47, 92, -47, -95, -74, -120, 107, 47, -35, 83, -27, -83, -124, -94, -58, -111, -124, -37, 103, -35, 64, 71, -104, -88, 77, 4, 15, -126, 10, -81, -91, 23, -70, -42, -73, -56, 60, 41, 20, 38, -10, 111, -89, -115, 78, 27, 65, -110, 105, 42, 118, -53, -123, 54, -84, -110, -81, -86, -125, -3, -86, -62, 118, -61, -125, -9, 100, 43, 72, -57, -64, 46, 63, -67, 97, -11, -72, 107, -14, 51, 73, 88, -42, 88, 15, -62, 14, -108, 46, -29, 29, 53, -92, -78, -10, -62, -44, 124, 16, 22, -2, 103, 2, -86, 73, -37, 25, 0, -3, -108, 81, 47, -85, 115, 86, 111, -44, 112, 46, -10, 27, 29, 39, 118, -39, -40, 84, 90, -33, -101, 117, 21, -57, 92, 118, -65, -120, 54, 121, 39, -126, 63, -27, -117, 95, -68, -43, 23, -19, 47, 22, 115, -91, -4, -96, 31, -35, 69, 31, -123, 71, -36, -15, -10, 76, 78, -114, -5, -39, -120, -40, 98, -76, -74, 36, -100, -102, -31, -31, -29, -41, -31, 63, 105, 119, 114, -25, -50, 70, 31, -38, -123, 39, 29, -30, 76, 127, 103, 61, -62, -7, -9, -122, -95, -6, -74, -5, 68, -102, -119, -24, -80, 88, -80, 57, 31, 13, 95, -118, 17, 30, -58, -68, -91, 56, -89, 25, 118, -49, -73, 95, 127, -9, -112, 63, -67, 90, -121, -118, 113, -108, 63, -6, -37, -109, -4, -41, 77, -3, -77, 81, 47, 85, -117, -3, 127, -47, -89, 20, 122, -103, -116, 98, -94, 97, 70, -34, -68, -14, 14, 55, -58, 65, -46, -20, -6, 52, -123, -65, -67, 48, -73, -29, 124, 111, -2, -20, 109, -3, 53, 11, -43, 113, -82, 81, 126, -28, 78, -64, -38, 64, 84, -29, 35, 77, -63, -38, -66, 117, -3, 36, 89, 92, 88, 118, -126, -17, 51, -67, -44, 65, -108, 25, -28, 64, -84, 88, -82, -60, 87, -75, 67, -57, 120, -127, -1, 0, 22, 40, -113, -53, 21, -30, -65, -92, 14, 39, 117, -57, 120, -11, -19, -44, 113, -72, -73, 82, -86, 28, 70, 116, 10, -95, 78, 78, 49, -65, 74, -24, -57, -42, 99, -22, 31, -57, -80, -45, -115, -20, 114, -23, 52, 16, -37, -76, 102, 37, 45, 42, -31, -28, -50, 88, 48, 36, -114, 95, 13, -58, 71, 94, 90, -119, 110, -8, -123, 48, 20, 126, -20, -79, 37, -114, 72, -24, 112, 107, -87, -31, -99, -125, -68, -68, -31, -80, 95, 64, -62, 71, -107, -49, -20, 8, 49, -78, -128, 9, -44, -99, -74, -12, -44, 82, 110, 53, -62, 111, 120, 44, -26, -54, -12, -56, -114, -64, 50, -123, -109, 66, -65, -113, -2, 106, -29, -105, 28, -37, -118, 123, -102, 90, 22, -119, -117, 18, 7, 123, -81, -119, -49, -67, -80, -51, 110, 70, -26, 33, 4, 92, -18, 1, 3, 27, -109, -90, -92, 85, -71, -8, 79, 16, 107, 41, -81, 86, -58, 101, -75, 93, 28, -88, -8, 78, 51, -106, 4, -28, 14, -71, -86, -111, -62, -46, -25, -69, 94, 83, -114, -103, 98, -33, -97, -91, 90, -95, 108, 104, 93, 57, 85, 105, 25, -92, 24, -41, -99, -119, 39, -56, -7, 85, -21, 25, -118, -121, 46, -62, 57, 0, -36, 13, 65, -50, -122, -70, -103, -69, 15, -60, -102, -50, 43, -5, 86, 23, 44, -22, -84, 83, -108, -85, -74, 113, -65, 54, -71, 30, 122, -41, 53, -60, 98, 110, 25, 48, -114, 107, 110, 75, -128, 57, -52, 108, 6, 72, 58, 107, -41, -21, -29, -102, -54, 57, -95, -111, -44, 25, 45, -89, -79, -17, -33, -93, -34, 86, -20, -91, -118, 34, -86, -14, 2, 31, -107, -108, -28, -28, -27, -76, 39, 115, -13, -82, -119, -48, 46, -58, -68, -125, -12, 91, -60, 98, -68, -76, -69, -123, 72, -114, -31, 36, 15, -110, 73, 44, -92, 99, 63, 44, 125, -11, -34, -91, -60, -47, 109, 112, 126, 76, 107, -105, 47, -85, -82, -97, 35, -57, 40, -16, 70, -53, 99, -92, 72, -13, -74, -76, 85, -128, 117, 21, -51, 55, 18, -99, 127, -9, 108, 7, -121, 49, -95, -98, 40, -8, -55, -71, -101, -48, 49, 21, -97, -33, 96, -1, 0, 70, 53, -92, -22, -3, -100, -115, -9, -83, 119, 88, -36, -118, -29, -37, -116, -111, -2, 124, -39, -1, 0, -28, 53, 6, -29, -78, 32, -56, -72, -109, -3, 102, -102, -11, -75, -34, 12, 119, 19, -75, -115, -71, 91, 2, -89, -50, 75, 109, 92, 68, 125, -90, -71, 25, -61, 43, 15, -30, -42, -116, -99, -83, -111, 8, 18, -63, 27, 15, 34, 71, -9, -83, -31, -22, -72, 37, -7, 90, 5, 36, 118, -117, -126, 9, -56, -88, -123, 83, -26, 107, -100, -73, -19, 117, -101, 17, -34, 69, 42, 121, -24, 69, 48, -117, -76, 60, 46, 124, 98, -19, 20, -1, 0, 26, -30, -70, -95, -43, -31, -105, 18, 69, 90, 99, 22, 77, 107, 88, -83, 69, 117, 111, 63, -8, 83, -58, -28, -8, 56, -51, 17, -127, 29, 43, 117, 52, -8, 99, -40, -46, 22, -87, 21, -26, -42, -94, 42, 98, -104, -49, 21, 91, 25, 24, -32, -86, -113, -99, 25, 120, 107, -19, -128, 43, -81, -3, 77, 24, -8, 100, 111, -69, -14, -83, 14, 24, -128, -29, -99, -2, -17, -54, -66, 41, -25, 103, 61, 51, -105, 94, 21, 39, -39, 98, -65, 32, 104, -119, -63, 25, -121, -67, 35, 124, -64, 31, -38, -70, 97, -61, 99, 31, -26, 55, -35, -7, 84, -113, 15, 81, -77, -75, 79, -70, -62, -114, 122, 62, 7, 26, -22, 74, -73, -11, 26, -78, -100, 22, 35, -47, 71, -104, 38, -100, -117, 32, -65, 108, -3, 43, 94, -54, 115, -15, -100, 122, 82, 121, 101, -28, 84, 45, 94, 11, 107, -10, -105, 62, -90, -120, -68, 22, -53, -9, 7, -42, -81, -117, 76, -3, -78, 42, 94, -58, -33, 102, 81, -12, -87, 115, -105, -112, -94, -102, -16, -117, 17, -89, 116, 15, -52, -47, -109, -121, 89, 70, 125, -37, 116, -49, -103, -93, -2, -81, -108, -115, 37, 81, -11, -88, -2, -82, -70, -23, 60, 68, 121, -106, -4, -87, 106, -105, -112, -2, -115, -120, 96, 77, -96, -117, -23, 91, -62, 116, 69, 90, -48, -31, 119, 45, -15, 92, 66, -66, -103, 53, 49, -62, -104, 124, 119, -93, -6, 99, -1, 0, 122, -101, -112, -66, 94, 8, 23, -63, -9, 113, -12, 31, -107, 64, 96, 15, -123, 48, 119, -9, 6, -75, 117, 120, 125, -78, -97, -38, 77, 35, -6, -112, 40, -123, -20, 45, -64, 37, 84, 124, -63, -4, 104, 90, -5, 49, -88, -56, -94, -67, -21, 124, 17, -25, -7, 86, -125, 117, -62, 34, -65, 116, 123, -85, 24, 102, 104, -40, 50, 52, -79, -87, 42, 70, -40, -49, -87, -93, 94, -10, -105, -124, 89, -116, 60, -8, 36, 103, -107, 72, -49, -46, -111, 93, -10, -6, -43, 85, -67, -117, -121, -50, -17, -48, -54, 66, 3, -8, -42, -40, -15, 101, -69, 86, 27, 46, -29, 30, 17, -39, -72, -72, 74, -36, 45, -100, 88, -114, -26, 78, 121, 21, -36, 48, -16, -64, 30, 30, 91, 87, 27, -40, 14, -51, -40, 93, -114, 37, 114, -106, 113, -69, -37, 113, 25, 18, 41, 12, -92, 114, 5, 111, 116, 0, 8, -58, -61, 106, 37, -1, 0, 108, -72, -43, -48, 101, -74, 72, 109, 1, 24, 86, 65, -52, -61, -26, 105, 47, 102, -82, 120, -81, 103, -31, 120, 44, 103, 83, 19, -65, 59, 44, -118, 27, 39, -57, 59, -41, 124, 49, 101, 88, -90, -100, -2, 78, -127, 78, 58, 94, -25, -85, -5, 37, -57, -38, 72, -105, 58, -18, 52, -6, -26, -109, 118, -125, -78, 112, -15, -95, 3, 51, -61, 5, -60, 51, -92, -94, 112, -95, -119, -27, -24, 116, 25, -45, 77, 118, -92, -79, -10, -81, -116, 3, -17, -63, 108, -1, 0, -22, -4, -22, -28, 125, -84, -68, -9, 123, -53, 8, -113, -113, 35, -111, 92, 112, -23, -14, 98, -106, -88, 61, -55, 82, -118, -32, 117, 105, -64, 44, -84, 102, 121, -84, -32, -76, -126, 73, 70, 36, 120, -93, 85, 47, -21, -128, 60, 106, -55, -79, 99, -2, 108, 95, 64, 41, 84, 125, -88, -127, -65, -59, -78, -107, 125, 49, 86, -29, -19, 7, 12, -105, -30, 46, -98, -79, -102, -58, 120, -92, -35, -53, -112, -43, 22, 29, -72, 107, -25, 67, 19, 124, -24, 50, 112, -106, 39, 61, -38, 103, -42, -82, 71, 125, 99, 47, -8, 119, 9, -23, -100, 81, 75, -61, -116, -122, 39, -48, -44, 104, -94, -76, -57, -56, -91, -8, 75, 13, 121, 53, -14, 53, 90, 94, 13, 33, -44, 18, 62, 116, -5, -36, -36, 51, 124, -21, 68, 120, 107, -22, 106, -107, -82, 24, -100, 81, -53, -73, 4, -112, 19, -121, 57, -88, 126, -90, -67, -39, 101, 36, 121, -100, -41, 85, -54, -67, 64, -84, 33, 105, -21, -110, 21, 28, -88, -32, -105, -37, 101, 0, -11, -59, 26, 62, -49, -49, -97, 126, 100, 81, -4, 32, -109, 93, 33, -27, 29, 7, -46, -93, -52, -66, 95, 74, 107, 36, -71, 69, 10, 97, -32, -94, 45, -18, 28, -3, 7, -31, 87, 96, 19, -37, -1, 0, -123, 117, 50, -6, 72, 69, 29, -92, 81, -10, 71, -46, -96, 102, 30, 95, 74, 107, 36, -41, 14, -123, 108, -79, 31, 20, -30, 41, -89, -76, 6, -2, 101, 7, -16, -94, 14, 51, -60, 6, -26, 54, -2, -111, 84, 76, -93, -2, 10, -119, -101, -2, 98, -74, 93, 86, 117, -5, 49, -36, -68, -127, -3, 101, -90, 72, 3, -52, -102, 32, -67, 111, 3, 73, -60, -38, -24, 126, 91, 84, -124, -51, -53, -112, -52, 107, -97, 65, 90, -122, -34, -36, -33, -69, -12, -83, 11, -87, -113, 74, 84, -73, 12, 126, -41, -46, -90, 46, 24, 121, -118, 90, 71, 99, 81, 113, 33, -35, -79, -27, 82, -17, -36, 106, 90, -107, 9, -119, -41, 36, 15, 42, -112, -105, 63, 107, -21, 75, 72, -83, 13, 22, -27, -114, -20, 62, 117, 33, 40, 39, 124, 122, -46, -93, 41, -50, 65, 3, -17, -87, 9, 91, 76, -97, -83, 45, 32, -102, 27, -121, -41, 71, 31, 90, -97, 124, -61, 108, 31, -70, -108, -117, -113, 53, -2, -43, 33, 114, -64, 107, -51, -3, 58, -46, -46, 85, -95, -80, -108, -99, 115, 82, 51, 18, 49, -49, -118, 86, 39, -50, -60, -23, -67, 73, 101, 86, -44, 55, -49, 52, 49, 12, 89, 85, -74, 43, -11, -91, -105, -4, 28, -36, -99, 24, -29, -61, -104, -47, 13, -50, 14, -128, 15, 44, -47, 18, -24, 100, 97, -108, 31, 12, 80, -89, 37, -64, -102, 76, 68, -35, -112, -22, -117, 24, -12, 56, -95, -1, 0, -46, 50, -20, 81, 15, -93, -41, 74, 38, -26, 59, -21, -27, 91, -17, -120, -36, -100, 122, -102, -43, 117, 57, 23, 114, 125, -72, -100, -41, -3, 32, -25, 25, 80, 61, 26, -90, -67, -112, 24, -8, -79, 93, 50, -52, 15, -113, -52, -44, -42, 111, 23, 52, -66, -89, 39, -111, 44, 81, 57, -127, -39, 52, 27, -51, 69, 78, -51, 67, 31, -59, 114, -29, -56, 87, 73, -34, -89, 92, 26, -116, -115, 19, 125, -111, -11, -91, -11, 19, -14, 63, 110, 34, 33, -64, -83, 87, 119, -107, -65, -88, 126, 85, 49, -62, -84, -45, -20, 72, 127, -86, -101, 52, 40, 118, 113, 66, 107, 119, 43, -112, 70, 51, -71, 56, -93, -35, -109, -18, 78, -124, 80, 91, 123, 120, -2, 24, -2, -90, -117, -34, 42, -115, 35, 65, -113, 26, -109, -37, -56, 62, 37, 63, 42, 19, 68, -8, 36, 98, -115, 72, 85, 65, -106, -28, -2, -30, 125, 106, 94, -43, -90, 90, 60, 122, 26, -87, -54, -40, -23, -14, -88, -66, 122, -125, -14, -89, 104, 45, -105, 26, -23, 116, -56, 32, 121, -44, 77, -54, -8, -3, -11, 73, -80, 119, 111, -107, 64, -56, -85, -127, -111, 79, 97, 54, -53, -51, 58, -99, -100, 80, -53, -98, -123, 13, 82, 105, 65, -48, -107, -6, 80, -99, -108, 108, -96, -7, -45, 66, -44, -58, 6, 118, -40, 119, 127, 90, 27, 92, 56, -24, -108, -65, -30, 58, -115, 61, 107, 93, -56, -21, 51, 125, 106, -110, 38, -39, 120, -35, -73, -18, -3, -11, 3, 115, 47, 84, 31, -22, -86, -84, -83, -1, 0, 112, -125, -4, -43, 14, 71, 27, 75, -1, 0, -22, -102, 66, 114, 96, 26, 96, 117, 90, -59, -72, 40, 54, -46, -107, -121, 36, -25, -104, -113, -99, 109, -114, 119, 102, -5, -85, 77, 6, -74, 48, 75, -100, -99, -57, -42, -113, -52, -92, 100, -100, 31, 58, 80, 37, 69, 24, 36, 102, -120, -105, 35, 93, 6, -98, 38, -109, -128, -20, 104, -83, -125, -80, -49, -122, -11, 62, -8, -127, -98, 76, -113, 49, 74, -59, -64, 35, 77, 7, -112, -83, 53, -55, -50, 36, 76, -113, 28, 102, -89, 64, -84, 112, 38, 3, -31, 108, 120, -5, -72, -84, 91, -113, 123, 4, 28, 82, -107, -72, 1, 70, 24, 48, -24, 5, 17, 37, 36, -28, -126, 87, -46, -109, -128, -58, 126, -47, -4, 92, -89, -96, -58, 115, 90, -25, 36, 107, -87, 59, -28, 126, 53, 67, -68, 1, -14, 84, -28, -11, 11, -118, 42, -54, -97, 99, 126, -70, 10, -99, 33, 101, -27, -109, -108, -25, -98, -116, 46, 125, -34, 108, -87, 62, 34, -107, -121, 3, -4, -49, -20, 77, 25, 94, 66, -71, 50, 30, 83, -74, 64, 63, -123, 39, 18, -84, 98, -77, -31, 112, -84, -95, 79, -104, 21, 17, 41, 81, -66, 6, -25, -35, -86, 43, 33, 125, 68, -113, -97, 37, -83, 119, -59, 64, 13, -52, -6, 107, -98, -97, 33, 75, 72, 88, -60, 93, 1, -23, -29, -102, -103, -72, -24, -82, 1, -33, -107, -76, 52, -66, 55, 13, -16, -3, -30, -92, 100, 109, -70, -113, -31, 31, 118, 105, 105, 65, 99, 21, -72, 99, -15, 6, -11, -94, 36, -121, -2, 26, 82, -73, 15, -44, -82, 124, -58, 40, -117, 41, -15, 56, -13, -87, 112, 21, -114, 22, 93, 53, -4, -22, 70, 65, -29, 74, 22, -32, -125, -128, 113, -14, -94, 123, 67, 102, -95, -64, 118, 52, 14, 115, -109, -73, -99, 111, -68, -41, 83, -54, 52, 57, -13, 20, -80, 76, -33, 103, 67, -27, 68, 23, 7, 24, 39, -52, -125, -67, 45, 33, 99, 49, 112, -61, 99, -8, 84, -69, -2, 111, -119, 84, -46, -63, 63, 48, 39, 56, -11, -83, 36, -52, -121, 37, -127, 30, 32, 109, 70, -112, -79, -82, 32, 109, 74, 16, 124, -85, 66, 4, 124, -31, -122, -37, 98, -105, -117, -110, 78, 115, -111, -29, -79, -94, 11, -116, -24, 78, 7, -114, 106, 105, -114, -61, -53, 97, -43, 49, -25, -118, -85, 45, -128, 44, 50, 15, 48, -37, 76, -118, 42, 93, -98, 126, 80, 91, 3, 99, -102, 34, -35, 16, 113, -128, 71, -83, 52, -28, -121, -79, 66, 75, 39, 25, 35, -109, 35, 122, -81, 36, 69, 65, -56, 25, -89, 45, 58, 72, 64, -48, 31, 93, 106, 6, 53, 109, -50, 125, 106, -42, 70, 75, 72, 66, -47, -25, 66, 51, -118, 19, -62, 63, 116, 124, -123, 60, 107, 24, -40, 28, 29, 73, -45, 90, -83, 61, -117, -81, 64, -43, -94, -56, -119, 113, -16, 38, 60, -70, -24, 71, -123, 12, -100, 125, -80, 62, 85, 126, 88, 93, 24, -85, 68, 66, -12, 7, -3, -86, -79, -115, 67, 16, 65, 35, -57, 66, 107, 104, -76, -55, 104, -26, 81, -40, -11, -58, -99, 40, -127, -37, 56, -49, -115, 101, 101, 117, 48, 8, -70, -77, 19, -82, 54, -96, 72, -60, -54, 118, -36, 116, 21, -107, -108, -94, 53, -56, 69, -111, -61, -32, 49, 3, 30, 53, 57, 29, -71, 7, -68, 119, -4, 107, 43, 40, -112, 48, -78, 124, 123, -111, -91, 110, 57, 28, -98, 92, -23, -102, -35, 101, 64, -119, 65, 35, -107, -43, -40, -6, -102, 48, 3, 59, 117, -84, -84, -88, 99, 68, -121, -38, 52, 66, -60, 71, -90, -107, -107, -107, 33, 34, 92, -60, 38, 116, 39, -50, -94, -77, 54, 25, -41, 10, 67, 99, 65, 89, 89, 82, -122, 16, 18, -48, 9, 11, 28, -73, -98, -44, 118, 99, -18, 12, -28, 86, 86, 84, -80, 54, -57, 57, -50, -70, 86, -56, -60, 121, 26, 31, -10, -84, -84, -87, 99, 102, -41, 87, -83, -119, 24, 72, 71, 77, 43, 43, 40, 36, 41, 118, 80, 72, 39, 92, 86, -111, -55, 63, 42, -54, -54, 72, 100, -7, -113, 49, -14, -51, 77, 29, -126, 3, -109, -100, 86, 86, 84, -79, 18, 82, 91, -109, -104, -109, -100, 102, -92, 119, 35, 29, 43, 43, 42, 70, 109, -16, -40, 12, -93, 24, -94, 40, -62, 18, 52, -64, -48, 86, 86, 80, -64, -108, 100, -70, 6, 59, -42, -71, -40, 54, 1, -46, -78, -78, -89, -72, -40, 68, 99, -55, -100, -21, -118, -97, 59, 16, 50, 126, -41, -27, 89, 89, 72, 9, -32, 49, 33, -70, -43, 121, 109, -29, 4, -31, 113, -83, 106, -78, -124, -35, -115, 31, -1, -39]]
2026-05-30 16:04:40:727 | [BookPort] | INFO  | com.example.BookPort.auth.controller.v1.RegistrController | RegistrController--> Sending call to AuthRegisterService.
2026-05-30 16:04:40:727 | [BookPort] | INFO  | com.example.BookPort.auth.service.AuthRegisterService | AuthRegisterService--> Inside register method.
2026-05-30 16:04:40:736 | [BookPort] | INFO  | com.example.BookPort.auth.service.AuthRegisterService | AuthRegisterService--> Checking abhogal7 already exist in staging table or not.
2026-05-30 16:04:40:752 | [BookPort] | WARN  | com.example.BookPort.common.aspects.RestExceptionsHandler | RestExceptionsHandler--> Something went wrong: 
org.springframework.dao.IncorrectResultSizeDataAccessException: Query did not return a unique result: 2 results were returned
	at org.springframework.orm.jpa.hibernate.HibernateExceptionTranslator.convertHibernateAccessException(HibernateExceptionTranslator.java:180)
	at org.springframework.orm.jpa.hibernate.HibernateExceptionTranslator.convertHibernateAccessException(HibernateExceptionTranslator.java:131)
	at org.springframework.orm.jpa.hibernate.HibernateExceptionTranslator.translateExceptionIfPossible(HibernateExceptionTranslator.java:109)
	at org.springframework.orm.jpa.vendor.HibernateJpaDialect.translateExceptionIfPossible(HibernateJpaDialect.java:223)
	at org.springframework.orm.jpa.AbstractEntityManagerFactoryBean.translateExceptionIfPossible(AbstractEntityManagerFactoryBean.java:576)
	at org.springframework.dao.support.ChainedPersistenceExceptionTranslator.translateExceptionIfPossible(ChainedPersistenceExceptionTranslator.java:61)
	at org.springframework.dao.support.DataAccessUtils.translateIfNecessary(DataAccessUtils.java:346)
	at org.springframework.dao.support.PersistenceExceptionTranslationInterceptor.invoke(PersistenceExceptionTranslationInterceptor.java:157)
	at org.springframework.aop.framework.ReflectiveMethodInvocation.proceed(ReflectiveMethodInvocation.java:179)
	at org.springframework.data.jpa.repository.support.CrudMethodMetadataPostProcessor$CrudMethodMetadataPopulatingMethodInterceptor.invoke(CrudMethodMetadataPostProcessor.java:137)
	at org.springframework.aop.framework.ReflectiveMethodInvocation.proceed(ReflectiveMethodInvocation.java:179)
	at org.springframework.aop.framework.JdkDynamicAopProxy.invoke(JdkDynamicAopProxy.java:222)
	at jdk.proxy9/jdk.proxy9.$Proxy174.findUserByUsername(Unknown Source)
	at com.example.BookPort.auth.service.AuthRegisterService.register(AuthRegisterService.java:39)
	at java.base/jdk.internal.reflect.DirectMethodHandleAccessor.invoke(DirectMethodHandleAccessor.java:103)
	at java.base/java.lang.reflect.Method.invoke(Method.java:580)
	at org.springframework.aop.support.AopUtils.invokeJoinpointUsingReflection(AopUtils.java:359)
	at org.springframework.aop.framework.ReflectiveMethodInvocation.invokeJoinpoint(ReflectiveMethodInvocation.java:190)
	at org.springframework.aop.framework.ReflectiveMethodInvocation.proceed(ReflectiveMethodInvocation.java:158)
	at org.springframework.transaction.interceptor.TransactionInterceptor$1.proceedWithInvocation(TransactionInterceptor.java:133)
	at org.springframework.transaction.interceptor.TransactionAspectSupport.invokeWithinTransaction(TransactionAspectSupport.java:371)
	at org.springframework.transaction.interceptor.TransactionInterceptor.invoke(TransactionInterceptor.java:130)
	at org.springframework.aop.framework.ReflectiveMethodInvocation.proceed(ReflectiveMethodInvocation.java:179)
	at org.springframework.aop.framework.CglibAopProxy$DynamicAdvisedInterceptor.intercept(CglibAopProxy.java:719)
	at com.example.BookPort.auth.service.AuthRegisterService$$SpringCGLIB$$0.register(<generated>)
	at com.example.BookPort.auth.controller.v1.RegistrController.register(RegistrController.java:101)
	at java.base/jdk.internal.reflect.DirectMethodHandleAccessor.invoke(DirectMethodHandleAccessor.java:103)
	at java.base/java.lang.reflect.Method.invoke(Method.java:580)
	at org.springframework.web.method.support.InvocableHandlerMethod.doInvoke(InvocableHandlerMethod.java:252)
	at org.springframework.web.method.support.InvocableHandlerMethod.invokeForRequest(InvocableHandlerMethod.java:184)
	at org.springframework.web.servlet.mvc.method.annotation.ServletInvocableHandlerMethod.invokeAndHandle(ServletInvocableHandlerMethod.java:117)
	at org.springframework.web.servlet.mvc.method.annotation.RequestMappingHandlerAdapter.invokeHandlerMethod(RequestMappingHandlerAdapter.java:934)
	at org.springframework.web.servlet.mvc.method.annotation.RequestMappingHandlerAdapter.handleInternal(RequestMappingHandlerAdapter.java:853)
	at org.springframework.web.servlet.mvc.method.AbstractHandlerMethodAdapter.handle(AbstractHandlerMethodAdapter.java:86)
	at org.springframework.web.servlet.DispatcherServlet.doDispatch(DispatcherServlet.java:963)
	at org.springframework.web.servlet.DispatcherServlet.doService(DispatcherServlet.java:866)
	at org.springframework.web.servlet.FrameworkServlet.processRequest(FrameworkServlet.java:1000)
	at org.springframework.web.servlet.FrameworkServlet.doPost(FrameworkServlet.java:903)
	at jakarta.servlet.http.HttpServlet.service(HttpServlet.java:649)
	at org.springframework.web.servlet.FrameworkServlet.service(FrameworkServlet.java:874)
	at jakarta.servlet.http.HttpServlet.service(HttpServlet.java:710)
	at org.apache.catalina.core.ApplicationFilterChain.doFilter(ApplicationFilterChain.java:128)
	at org.apache.tomcat.websocket.server.WsFilter.doFilter(WsFilter.java:53)
	at org.apache.catalina.core.ApplicationFilterChain.doFilter(ApplicationFilterChain.java:107)
	at org.springframework.web.filter.RequestContextFilter.doFilterInternal(RequestContextFilter.java:100)
	at org.springframework.web.filter.OncePerRequestFilter.doFilter(OncePerRequestFilter.java:116)
	at org.apache.catalina.core.ApplicationFilterChain.doFilter(ApplicationFilterChain.java:107)
	at org.springframework.web.filter.FormContentFilter.doFilterInternal(FormContentFilter.java:93)
	at org.springframework.web.filter.OncePerRequestFilter.doFilter(OncePerRequestFilter.java:116)
	at org.apache.catalina.core.ApplicationFilterChain.doFilter(ApplicationFilterChain.java:107)
	at org.springframework.web.filter.CharacterEncodingFilter.doFilterInternal(CharacterEncodingFilter.java:199)
	at org.springframework.web.filter.OncePerRequestFilter.doFilter(OncePerRequestFilter.java:116)
	at org.apache.catalina.core.ApplicationFilterChain.doFilter(ApplicationFilterChain.java:107)
	at org.apache.catalina.core.StandardWrapperValve.invoke(StandardWrapperValve.java:165)
	at org.apache.catalina.core.StandardContextValve.invoke(StandardContextValve.java:77)
	at org.apache.catalina.authenticator.AuthenticatorBase.invoke(AuthenticatorBase.java:492)
	at org.apache.catalina.core.StandardHostValve.invoke(StandardHostValve.java:113)
	at org.apache.catalina.valves.ErrorReportValve.invoke(ErrorReportValve.java:83)
	at org.apache.catalina.core.StandardEngineValve.invoke(StandardEngineValve.java:72)
	at org.apache.catalina.connector.CoyoteAdapter.service(CoyoteAdapter.java:341)
	at org.apache.coyote.http11.Http11Processor.service(Http11Processor.java:397)
	at org.apache.coyote.AbstractProcessorLight.process(AbstractProcessorLight.java:63)
	at org.apache.coyote.AbstractProtocol$ConnectionHandler.process(AbstractProtocol.java:903)
	at org.apache.tomcat.util.net.NioEndpoint$SocketProcessor.doRun(NioEndpoint.java:1801)
	at org.apache.tomcat.util.net.SocketProcessorBase.run(SocketProcessorBase.java:52)
	at org.apache.tomcat.util.threads.ThreadPoolExecutor.runWorker(ThreadPoolExecutor.java:946)
	at org.apache.tomcat.util.threads.ThreadPoolExecutor$Worker.run(ThreadPoolExecutor.java:480)
	at org.apache.tomcat.util.threads.TaskThread$WrappingRunnable.run(TaskThread.java:57)
	at java.base/java.lang.Thread.run(Thread.java:1583)
Caused by: org.hibernate.NonUniqueResultException: Query did not return a unique result: 2 results were returned
	at org.hibernate.query.spi.AbstractSelectionQuery.uniqueElement(AbstractSelectionQuery.java:315)
	at org.hibernate.query.spi.AbstractSelectionQuery.getSingleResultOrNull(AbstractSelectionQuery.java:330)
	at org.springframework.data.jpa.repository.query.JpaQueryExecution$SingleEntityExecution.doExecute(JpaQueryExecution.java:328)
	at org.springframework.data.jpa.repository.query.JpaQueryExecution.execute(JpaQueryExecution.java:99)
	at org.springframework.data.jpa.repository.query.AbstractJpaQuery.doExecute(AbstractJpaQuery.java:164)
	at org.springframework.data.jpa.repository.query.AbstractJpaQuery.execute(AbstractJpaQuery.java:154)
	at org.springframework.data.repository.core.support.RepositoryMethodInvoker.doInvoke(RepositoryMethodInvoker.java:169)
	at org.springframework.data.repository.core.support.RepositoryMethodInvoker.invoke(RepositoryMethodInvoker.java:158)
	at org.springframework.data.repository.core.support.QueryExecutorMethodInterceptor.doInvoke(QueryExecutorMethodInterceptor.java:167)
	at org.springframework.data.repository.core.support.QueryExecutorMethodInterceptor.invoke(QueryExecutorMethodInterceptor.java:146)
	at org.springframework.aop.framework.ReflectiveMethodInvocation.proceed(ReflectiveMethodInvocation.java:179)
	at org.springframework.data.projection.DefaultMethodInvokingMethodInterceptor.invoke(DefaultMethodInvokingMethodInterceptor.java:69)
	at org.springframework.aop.framework.ReflectiveMethodInvocation.proceed(ReflectiveMethodInvocation.java:179)
	at org.springframework.transaction.interceptor.TransactionInterceptor$1.proceedWithInvocation(TransactionInterceptor.java:133)
	at org.springframework.transaction.interceptor.TransactionAspectSupport.invokeWithinTransaction(TransactionAspectSupport.java:371)
	at org.springframework.transaction.interceptor.TransactionInterceptor.invoke(TransactionInterceptor.java:130)
	at org.springframework.aop.framework.ReflectiveMethodInvocation.proceed(ReflectiveMethodInvocation.java:179)
	at org.springframework.dao.support.PersistenceExceptionTranslationInterceptor.invoke(PersistenceExceptionTranslationInterceptor.java:135)
	... 61 more
2026-05-30 16:04:40:774 | [BookPort] | WARN  | org.springframework.web.servlet.mvc.method.annotation.ExceptionHandlerExceptionResolver | Resolved [org.springframework.dao.IncorrectResultSizeDataAccessException: Query did not return a unique result: 2 results were returned]
2026-05-30 16:08:58:287 | [BookPort] | INFO  | com.example.BookPort.auth.controller.v1.RegistrController | RegistrController--> Inside register method.
2026-05-30 16:08:58:289 | [BookPort] | INFO  | com.example.BookPort.common.util.IdGenerator | IdGenerator--> IdGenerator bean created for module 1
2026-05-30 16:08:58:289 | [BookPort] | INFO  | com.example.BookPort.common.util.IdGenerator | IdGenerator--> Inside generateId for module 1
2026-05-30 16:08:58:289 | [BookPort] | INFO  | com.example.BookPort.common.util.IdGenerator | IdGenerator--> current MilliSecond 1780137538289
2026-05-30 16:08:58:289 | [BookPort] | INFO  | com.example.BookPort.common.util.IdGenerator | IdGenerator--> lastTimestamp -1
2026-05-30 16:08:58:289 | [BookPort] | INFO  | com.example.BookPort.common.util.IdGenerator | IdGenerator--> counter: 0
2026-05-30 16:08:58:289 | [BookPort] | INFO  | com.example.BookPort.common.util.IdGenerator | IdGenerator--> counter post millisecond check: 0
2026-05-30 16:08:58:289 | [BookPort] | INFO  | com.example.BookPort.common.util.IdGenerator | IdGenerator--> RETURNING ID : 2615001058138289000
2026-05-30 16:08:58:289 | [BookPort] | INFO  | com.example.BookPort.auth.controller.v1.RegistrController | RegistrController--> Registration ID generated: 2615001058138289000
2026-05-30 16:08:58:289 | [BookPort] | INFO  | com.example.BookPort.common.util.IdGenerator | IdGenerator--> Inside generateId for module 1
2026-05-30 16:08:58:289 | [BookPort] | INFO  | com.example.BookPort.common.util.IdGenerator | IdGenerator--> current MilliSecond 1780137538289
2026-05-30 16:08:58:291 | [BookPort] | INFO  | com.example.BookPort.common.util.IdGenerator | IdGenerator--> lastTimestamp 1780137538289
2026-05-30 16:08:58:291 | [BookPort] | INFO  | com.example.BookPort.common.util.IdGenerator | IdGenerator--> counter: 0
2026-05-30 16:08:58:291 | [BookPort] | INFO  | com.example.BookPort.common.util.IdGenerator | IdGenerator--> counter post millisecond check: 1
2026-05-30 16:08:58:291 | [BookPort] | INFO  | com.example.BookPort.common.util.IdGenerator | IdGenerator--> RETURNING ID : 2615001058138289001
2026-05-30 16:08:58:293 | [BookPort] | INFO  | com.example.BookPort.auth.controller.v1.RegistrController | RegistrController--> Incoming request: AuthRegisterRequestDto [registrationId=2615001058138289001, username=abhogal7, name=Aman Singh Bhogal, email=aman5@example.com, mobNumber=9427461183, gender=null, dob=Sun Sep 22 00:00:00 IST 2002, status=null, createdAt=null, updatedAt=null, password=Password@123, govIdFront=[-1, -40, -1, -32, 0, 16, 74, 70, 73, 70, 0, 1, 1, 0, 0, 1, 0, 1, 0, 0, -1, -37, 0, -124, 0, 9, 6, 7, 8, 7, 6, 9, 8, 7, 8, 10, 10, 9, 11, 13, 22, 15, 13, 12, 12, 13, 27, 20, 21, 16, 22, 32, 29, 34, 34, 32, 29, 31, 31, 36, 40, 52, 44, 36, 38, 49, 39, 31, 31, 45, 61, 45, 49, 53, 55, 58, 58, 58, 35, 43, 63, 68, 63, 56, 67, 52, 57, 58, 55, 1, 10, 10, 10, 13, 12, 13, 26, 15, 15, 26, 55, 37, 31, 37, 55, 55, 55, 55, 55, 55, 55, 55, 55, 55, 55, 55, 55, 55, 55, 55, 55, 55, 55, 55, 55, 55, 55, 55, 55, 55, 55, 55, 55, 55, 55, 55, 55, 55, 55, 55, 55, 55, 55, 55, 55, 55, 55, 55, 55, 55, 55, 55, 55, 55, -1, -64, 0, 17, 8, 0, -108, 1, 14, 3, 1, 34, 0, 2, 17, 1, 3, 17, 1, -1, -60, 0, 28, 0, 0, 2, 2, 3, 1, 1, 0, 0, 0, 0, 0, 0, 0, 0, 0, 0, 3, 5, 2, 4, 0, 1, 6, 7, 8, -1, -60, 0, 65, 16, 0, 2, 1, 3, 2, 3, 5, 5, 4, 8, 5, 3, 5, 0, 0, 0, 1, 2, 3, 0, 4, 17, 33, 49, 5, 18, 65, 6, 19, 81, 97, 113, 20, 34, 50, -127, -111, 66, -95, -63, -47, 7, 21, 35, 82, 98, 114, -126, -79, 51, 67, -110, -31, -16, 22, 83, -15, 52, 68, 115, -109, -94, -1, -60, 0, 26, 1, 0, 3, 1, 1, 1, 1, 0, 0, 0, 0, 0, 0, 0, 0, 0, 0, 0, 1, 2, 3, 4, 5, 6, -1, -60, 0, 40, 17, 0, 2, 2, 1, 3, 3, 3, 4, 3, 0, 0, 0, 0, 0, 0, 0, 0, 1, 2, 17, 3, 18, 33, 49, 4, 65, 81, 5, 19, 34, 20, 21, 50, 66, 97, -127, -95, -1, -38, 0, 12, 3, 1, 0, 2, 17, 3, 17, 0, 63, 0, -13, 108, 84, -46, 38, 109, -75, -84, 2, -92, -71, 31, 9, 34, -66, -124, -15, -84, -63, 25, 27, -125, 83, -18, -21, 57, -53, 111, 83, 86, 56, -42, -127, 89, 16, -75, 32, 42, 65, -65, -122, -120, 27, 77, -121, -46, -102, 17, -91, 20, 104, -50, 58, 100, 86, -108, -7, 15, -91, 16, 107, -48, 80, 38, 25, 38, 11, -94, -88, -59, 77, -97, -97, 29, 40, 10, 40, -118, 41, -47, 45, -122, 10, 60, 86, -120, -76, 53, 20, 100, 90, 100, -123, 78, 118, -9, 70, -85, -46, -116, -79, -107, -8, -76, -95, 38, 87, 111, -70, -118, -96, -17, -110, 73, -15, -96, 65, 20, 81, 80, 84, 16, 81, -44, 80, 34, 104, -75, 97, 5, 14, 49, 86, 80, 84, 48, 38, -126, -84, 34, -44, 17, 122, -43, -120, -93, 102, 56, 85, 36, -8, 1, 89, -71, 34, -46, 101, -2, 21, 99, -19, -20, -16, 38, 22, 64, 57, -107, -67, 43, -91, -32, 118, 83, 88, 67, 50, -80, -60, -124, -12, -37, -27, 72, 56, 36, -122, -34, -19, 93, 84, -77, 96, -116, 1, -83, 117, 54, -9, -20, -17, -56, -15, -108, 108, 103, 4, 98, -72, 122, -119, 74, -24, -17, -23, -29, 30, 123, -108, 56, -68, 45, 113, 18, -27, 71, 120, -97, 9, -95, -61, 24, -122, 62, -19, 23, 3, -87, -3, -22, -67, 112, 121, -51, 7, -69, -14, -84, -93, 45, -88, -42, 81, -7, 106, 55, 29, 77, -100, -88, 10, -75, 16, -104, 27, 86, -71, 117, -92, -54, 15, 30, 15, -81, 90, -73, 24, -86, 74, 113, -118, -67, 110, -68, -29, 122, -50, 69, -60, 60, 122, 10, 42, -44, 85, 49, 82, -38, -77, 53, 52, 85, 114, 67, 96, -126, 122, -118, -33, 74, -39, -38, -94, 13, 0, 42, -67, -110, 83, 33, 71, -9, 84, 108, 60, 106, -83, 57, -71, -73, -114, -32, 2, 91, 12, 54, 34, -86, -120, 22, -33, 73, 19, -68, -50, -51, 90, -87, -86, 49, -108, 29, -97, 48, -14, -42, -15, 69, -27, -14, -84, -27, -14, -81, 112, -14, -20, 24, 90, -112, 21, 48, -75, 32, -96, 80, 34, 32, 81, 21, 107, 97, 104, -118, 40, 17, -118, 40, -118, 43, 21, 104, -86, -76, -60, 104, 10, 42, -83, 96, 90, 34, -83, 49, 27, 85, -93, 32, -88, -88, -94, -86, -48, 34, 74, 40, -56, -75, 5, 20, 116, 20, 18, 77, 22, -114, -119, 80, -116, 109, -91, 117, -10, 125, -101, -74, -70, -32, 113, -34, 91, -68, -83, 55, 46, -85, -47, -50, 118, -84, -78, -27, 88, -22, -53, -122, 55, 55, -15, 17, -16, -34, 27, 115, -60, 36, 41, 105, 17, -111, -108, 115, 31, 120, 12, 15, -99, 118, 92, 47, -77, 16, 90, 93, 36, -13, -49, -34, -29, 7, -69, 100, 26, 31, 58, -33, 10, -114, -42, 23, 105, -83, 99, 8, -52, -95, 78, -124, 109, -75, 93, 105, 88, -71, 53, -25, -26, -49, 57, 58, 92, 29, -8, -80, -62, 42, -33, 37, -104, -8, 55, 14, 25, 100, -76, -125, 87, 44, 73, 92, -111, -23, 87, 87, -70, 67, -92, 105, -112, 52, -64, -23, 75, -31, -99, -41, 99, -67, 100, -78, -76, 106, 92, 12, -80, -40, 87, 51, 77, -67, -39, -46, -100, 82, -39, 27, 19, 91, 69, 117, 35, -92, 28, -100, -5, -80, 24, -26, -96, -36, 93, -57, 113, 112, -116, -54, 65, -113, 60, -104, 29, 14, 55, -86, 50, -35, -103, 9, -25, 62, -15, -5, 62, 21, 4, -63, -15, -51, 90, -123, 25, 57, -115, 99, 2, 81, -111, -82, 40, -94, 61, 54, -96, -40, -57, -53, -93, 28, 18, 116, -51, 48, 72, -11, 21, 18, 116, -51, -94, -83, 21, -69, -83, 54, -95, -76, 120, -90, 13, -54, -93, -50, -76, 99, -120, -116, -79, -59, 78, -95, -23, 23, -123, 57, 26, 31, -91, 92, -73, 96, -121, 93, 42, 38, 95, -119, 84, 124, 63, 125, 12, 30, 125, 73, -94, -20, 18, -95, -110, -100, -118, -58, 56, -96, 70, -40, 81, 88, -20, 15, -115, 69, 23, 102, -35, -51, 68, 62, 40, 78, -58, -122, 88, -45, -95, 89, 111, -104, 81, 57, -44, -113, 120, 103, 21, 67, -100, -42, -60, -124, 81, 67, -77, -63, -41, -78, -100, 97, -83, 13, -46, -38, 115, 71, -116, -128, -83, -106, 35, -46, -88, -55, -62, 111, -29, -116, -56, -10, 83, 42, 40, -55, 102, 92, 1, 94, -73, -62, 120, -27, -107, -38, -14, 66, -31, 72, -45, -105, 108, -46, -66, -35, -53, 114, -4, 55, -71, -75, 28, -53, 33, -52, -124, 111, -118, -12, -29, -44, 77, -50, -102, 60, -41, -122, 58, 109, 51, -50, -72, 95, 12, 126, 33, 43, 34, -70, -58, 20, 106, -51, 86, 110, -72, 58, -37, 70, -54, -45, -85, -50, 14, -61, -62, -123, 11, 24, -78, 8, 57, -49, -114, 49, 86, -51, -52, 79, -126, -22, 73, 11, -128, -89, 99, 93, 50, -69, -40, -63, 85, 10, -28, -74, -110, 28, 119, -120, 84, 29, -119, 27, -42, -128, 25, -63, -34, -70, 20, -102, 62, 33, 8, -118, 126, 72, -93, 77, -78, 112, 69, 91, -31, -4, 11, -122, -36, 69, 38, 110, -3, -32, 14, 50, 113, 71, -71, 92, -117, 77, -16, 114, -22, -72, 25, 58, 81, 21, 115, -80, 63, 74, -23, 120, 21, -107, -110, 25, 94, 118, 66, -24, 112, 27, 124, -4, -85, -89, -105, -122, -16, -117, -69, 85, -73, 107, 120, -69, -48, -92, -85, 69, -128, 114, 125, 42, 101, -99, 39, -63, 81, -58, -38, -28, -13, 117, 95, 26, 42, -83, 49, -30, -36, 45, -84, 46, -28, -115, 68, -116, -120, 6, 93, -105, 26, -1, 0, -52, 85, 68, 94, -67, 43, 104, -55, 73, 90, 50, -110, 113, -39, -102, 85, -14, -93, 42, -47, 33, -127, -28, 96, -79, -93, 51, 19, -128, 20, 100, -102, -71, 63, 15, -71, -75, 115, 29, -51, -68, -79, 56, 25, 33, -41, 26, 81, -87, 45, -104, -110, 111, 116, 84, 85, -94, -94, -22, 41, -27, -113, 103, 37, -98, -38, 59, -121, -99, 17, 24, 100, -116, 106, -75, -87, 123, 63, 117, 28, -100, -79, 21, -112, 116, 35, 74, -113, 118, 23, 86, 63, 110, 85, 116, 84, -31, -10, -85, 60, -63, 93, -71, 80, 110, -34, 21, -24, 60, 22, 104, 34, -77, 17, 91, 114, -80, 93, 52, 53, -60, -89, 11, -65, -128, -107, -18, 28, -125, -15, 5, -89, 92, 39, -122, -15, 27, 107, -108, 43, 19, -92, 79, -71, 36, 87, 55, 80, -93, 37, -55, -45, -127, -72, 62, 14, -78, -39, 64, 113, -123, -50, 117, -55, 21, -69, -59, 73, 55, -9, 66, -11, -57, 90, -126, -5, 64, 88, -33, -105, 109, 49, -102, 52, -28, -53, 25, 82, 112, 119, 58, 87, -100, -7, 61, 5, -70, 23, -62, -20, -31, -121, 33, 1, 118, 39, -83, 17, -27, -18, -30, 119, -54, -110, -85, -79, 53, 97, -96, -26, -119, 79, 54, 0, -40, 120, -46, -114, 61, 8, 101, -17, 57, -80, -60, 0, 84, 85, -57, 118, 68, -66, 40, 92, -46, -76, -78, 23, 56, -44, -25, 74, -75, 110, -84, -20, 0, -86, 17, -18, 0, 26, 83, -98, 22, -63, 27, 44, -71, -83, -25, -78, 57, -15, -18, -58, -80, -122, 76, 22, 57, -94, 61, -55, 78, -103, -86, -73, 19, 16, -70, 109, 85, -60, -124, -99, 14, 107, -106, -84, -22, -70, 47, -5, 66, -79, -55, 6, -79, -7, -89, 66, 35, -40, 117, -51, 5, 1, -64, -56, -56, -85, 22, -84, -79, -125, -125, -116, -12, -95, -20, 82, -36, -81, 108, 102, 89, 88, -78, 28, -114, -92, 85, -120, -62, 62, 85, -68, 104, -83, 113, 24, 24, -48, -102, -87, 35, -14, 18, -54, -89, 94, -76, -71, 14, 11, -68, -70, 96, 26, -125, -87, 80, 58, -43, 104, -91, 36, -4, 85, 118, 50, 10, -21, -42, -109, -40, 107, 114, -77, 102, -74, 23, -101, 97, 69, -112, 5, -83, 25, 21, 62, 17, 64, -24, -120, -127, -79, -102, -113, 119, -115, -51, 16, 94, 70, -93, 86, -91, -9, 87, -103, 127, 116, -23, 70, -30, 109, 35, -52, -82, -82, 44, -117, -76, -112, 56, 89, 64, -9, 89, 70, 42, -117, 113, -69, -41, -124, -60, -20, -78, 47, -117, 111, 66, -18, 61, 107, 94, -49, -27, 94, -60, 99, 21, -55, -28, 60, -115, -117, -39, 11, 63, 55, 90, -48, -115, -87, -113, -77, -97, 10, -33, -77, -26, -76, -44, -120, -90, 80, -28, 39, 122, 34, 43, 3, -85, 17, 87, 61, -102, -119, 29, -93, -56, 112, -120, 88, -17, -96, -95, -76, 27, -127, -74, 10, -78, -122, 125, 71, 92, 83, 14, 29, 115, 29, -83, -46, -52, -124, -128, -89, 32, -99, 107, 35, -31, 55, -114, 50, -74, -14, 99, -7, 104, -16, 112, -103, -106, 104, -110, 104, -54, -93, 54, -67, 113, 81, 39, 23, -55, 113, -44, -72, 59, 11, 9, -31, -30, 48, -107, -103, 20, -13, 46, 10, -80, -50, -97, -107, 14, -17, -77, 28, 54, 75, 102, -114, 40, -42, 23, 119, 4, 58, -115, 71, -91, 57, -32, -10, 54, 118, -10, -54, -79, -59, -115, 48, 89, -66, 35, -13, -93, -67, -78, -13, 21, 26, -83, 121, -81, 43, -116, -66, 44, -12, 22, 52, -29, -14, 71, 57, -63, 120, 82, -16, -71, -104, 58, -58, -19, -51, -107, -108, 40, -55, 30, 21, -43, -107, 89, -19, 94, 57, -108, 72, -82, 10, -80, -15, 6, -86, 61, -86, -17, -51, -125, 67, -122, -36, 6, -28, 73, -101, 93, -13, 74, 114, -42, -19, -79, -62, 26, 21, 80, -65, -116, 114, 90, -73, 50, 42, 8, -16, 2, -86, -29, 24, -91, 23, 28, 66, -22, 120, -64, -116, 48, 7, 113, -115, -87, -19, -9, 14, 120, -26, 105, 21, -124, -118, -33, 101, -86, -76, 62, -47, 17, -18, -47, 35, 40, 79, -68, -104, -83, 97, 40, -41, -109, 25, -58, 87, -32, 47, 9, 49, -83, -84, 125, -31, 118, 56, -55, -55, -21, 87, 19, -118, -58, -110, -70, -55, -112, -67, 42, -83, -52, -42, -42, 112, 73, 51, -107, 64, -117, -52, -39, -39, 107, -50, -81, -69, 108, -105, 82, -81, -77, 97, -97, -104, 126, -55, 70, -66, -128, -11, -15, -41, 27, 15, 26, -61, 36, -30, -99, -78, -11, 56, 42, 71, -86, -89, 17, -117, -97, 42, -40, 67, -71, 38, -93, 113, 125, 27, 74, 121, 95, 74, -15, 11, -18, -45, 113, 86, -102, 104, -31, -119, -71, 99, -62, -70, -9, -127, -76, 7, 57, -56, 27, -45, 46, 25, -37, 43, -89, -99, -51, -62, -26, 36, 62, -14, -86, 96, -81, -49, 93, 63, -26, 107, 37, -105, 29, -16, 39, -106, 71, -86, -36, 92, -69, -123, -18, -37, 110, -126, -88, 92, -51, 47, 121, -5, 82, 65, 62, 52, -115, 59, 79, 105, 19, 102, 73, -107, 1, -63, 25, 56, -9, 73, -64, 56, -4, 41, -77, -15, 24, 56, -116, 8, -32, -13, 48, 26, 21, -4, 107, -94, 45, 94, -60, -71, 89, 20, 30, -9, 49, -85, -16, 74, 83, -31, 56, -91, -27, -76, -94, 68, -25, -58, -76, 123, -119, 58, 29, 91, 58, -50, 64, -112, -32, 13, -22, -55, -74, 80, -54, 80, -23, -42, -108, -119, 0, -117, 0, 124, -24, -80, -33, -14, 46, 36, 108, -118, -55, -59, -10, 55, 82, 75, -111, -116, -81, -35, -116, 19, -12, -91, 115, 93, 58, 49, -63, 56, -13, -93, -75, -60, 114, 16, -51, -95, -58, 6, 40, 114, -63, 28, -117, -107, 109, 105, 47, -28, 37, -65, 5, 101, -71, 110, 108, -28, -26, -82, -37, 75, 36, -24, -36, -52, -27, 87, -88, -86, 109, 104, -32, 103, 25, -88, -60, -46, 68, 72, 4, -116, -8, 85, 52, -97, 4, -90, -41, 35, 72, -61, 44, -64, 99, 122, -76, 111, 2, 47, -99, 46, -114, -31, -37, 82, -58, -94, -18, 95, -82, -75, 26, 75, 82, 44, -49, 127, -99, -88, 39, -120, -80, 24, -46, -85, 50, 26, 4, -120, -21, -45, 52, -44, 80, -100, -104, 87, -97, 39, 122, -41, 123, 85, -116, 111, -99, -113, -46, -74, 1, 27, -125, 84, -110, 39, 80, -116, 112, 114, -39, 60, -54, 64, -16, 6, -73, 31, 7, 14, 112, 0, 63, 60, 83, 52, 86, 7, -31, -85, -42, -14, -58, -119, -17, -90, -43, -93, -55, 36, 102, -79, -59, -120, -41, -124, 47, 123, -125, 108, 79, -95, -90, 22, -4, 41, 93, 64, 123, 111, 117, 122, 53, 49, -17, 35, 39, -99, 99, 35, -106, -120, -73, 97, 116, 109, -86, 94, 73, 50, -42, 56, -95, 87, -22, -53, 56, -92, -52, -74, -61, -23, -91, 22, 59, 27, 62, -16, -111, 25, -27, -16, 83, 76, -89, -71, -123, -93, -57, 40, 38, -105, 18, 17, -77, -49, -53, -102, 90, -92, -60, -44, 81, 117, 32, -73, -116, -13, 69, 35, 8, -49, -39, 18, 105, 89, 34, 90, 71, 63, 56, 111, 80, 105, 108, -82, 1, -54, -116, -30, -124, -18, -46, 16, 73, -90, -96, -7, -79, 57, -41, 7, 64, -73, 75, -116, 33, 24, -87, -117, -126, 54, -44, -46, 123, 8, -71, -36, -13, 57, 24, -38, -100, -64, 33, -26, 8, -111, -98, 99, -71, 53, -100, -94, -94, 105, 25, -71, 5, 73, -103, -109, 44, -128, -48, 101, -70, -58, -100, -122, -82, -86, -60, -96, -107, -48, -3, -43, 86, 112, 6, -70, 28, -44, 42, 52, 118, 82, -98, -22, 73, -74, 20, -93, -120, -15, -88, 120, 113, 94, -7, -3, -10, 58, 42, -17, -113, 26, 107, 40, -63, -45, -18, -81, 40, -3, 37, -33, -54, -100, 64, 90, -105, -120, -9, 105, -108, 104, -80, 100, 58, 12, -13, 14, -99, 113, -29, -67, 86, 73, 104, -118, -93, 6, -37, 116, 83, -19, 15, 104, -18, 47, -81, 111, 22, -42, 119, 104, -7, -71, 74, 19, -123, -57, -111, -41, 57, 0, 125, 13, 114, -9, 13, 8, 80, -4, -45, -107, 77, -103, 87, 82, 14, -6, -23, -127, 75, -46, -22, 69, -123, -33, -102, 80, 57, -71, 121, -74, 3, 115, -113, 51, -42, -81, -38, 92, 61, -73, 36, -110, -62, -56, -61, 61, -41, -69, -107, -25, -41, 1, -44, -18, 51, -53, -81, 79, -70, -72, -102, 109, -37, 52, 80, -14, 29, 110, 90, -38, -37, -35, 73, 88, 1, -54, 29, -41, 83, -52, 15, 46, 117, -45, 94, -66, 70, -118, -105, -100, 66, -38, -38, 88, -94, 6, 46, -7, 4, -92, -55, -94, -120, -63, -45, 76, 120, -20, 106, -124, -77, -13, 75, 63, -74, -36, 97, 102, 37, -53, 34, -106, 44, -53, -88, 26, 109, -82, 49, -31, -91, 18, -22, -26, 41, 5, -78, -40, 73, 51, 14, -17, -110, -32, -56, -68, -85, 44, -99, 112, 58, -25, 56, -59, 20, 61, 40, -75, 101, -58, -26, -127, 37, 55, 49, -103, 35, -109, 67, -52, 6, 80, 121, 120, 116, -81, 67, -20, -89, 29, -31, 79, 97, 21, -76, -73, 15, 13, -54, 40, 86, 51, 96, 115, -73, -105, -106, -101, -8, 98, -68, -50, 91, -39, 46, -124, 125, -30, -88, -111, 125, -50, 98, 113, -49, -96, 31, 60, 99, 115, 89, 109, 26, -37, -36, -21, 39, 54, 78, -118, 24, -112, 117, -14, -86, -57, -111, -29, 118, -116, -36, 19, 61, -26, -50, 22, -69, -120, -54, -102, -81, 49, 83, -99, 48, 70, -30, -83, -83, -117, -14, -13, 40, -64, -13, -83, -2, -113, 37, -114, 110, -56, 89, -52, 34, 16, -31, 74, 48, -58, 57, -71, 73, 94, 111, -98, 5, 55, -70, -108, 48, -28, 64, 43, -78, 57, 92, -121, -95, 37, 98, -40, -30, 96, 57, 72, -48, -44, 90, -53, -104, -28, 10, -72, -85, 68, 85, -13, -85, 109, -119, 36, 82, -118, -56, -125, -31, 86, -110, -41, 31, 17, 52, 112, 49, -10, -77, 91, -51, 70, -20, -91, 72, -113, 116, -36, -72, -26, -56, -96, 53, -66, -69, 85, -60, 36, 3, -127, -67, 96, -119, -104, -26, -107, -47, 117, 101, 37, -73, -14, -87, 123, 54, -71, -50, 42, -1, 0, 114, 85, 114, 106, 5, 105, 88, -88, -87, -36, 47, 92, -47, -95, -74, -120, 107, 47, -35, 83, -27, -83, -124, -94, -58, -111, -124, -37, 103, -35, 64, 71, -104, -88, 77, 4, 15, -126, 10, -81, -91, 23, -70, -42, -73, -56, 60, 41, 20, 38, -10, 111, -89, -115, 78, 27, 65, -110, 105, 42, 118, -53, -123, 54, -84, -110, -81, -86, -125, -3, -86, -62, 118, -61, -125, -9, 100, 43, 72, -57, -64, 46, 63, -67, 97, -11, -72, 107, -14, 51, 73, 88, -42, 88, 15, -62, 14, -108, 46, -29, 29, 53, -92, -78, -10, -62, -44, 124, 16, 22, -2, 103, 2, -86, 73, -37, 25, 0, -3, -108, 81, 47, -85, 115, 86, 111, -44, 112, 46, -10, 27, 29, 39, 118, -39, -40, 84, 90, -33, -101, 117, 21, -57, 92, 118, -65, -120, 54, 121, 39, -126, 63, -27, -117, 95, -68, -43, 23, -19, 47, 22, 115, -91, -4, -96, 31, -35, 69, 31, -123, 71, -36, -15, -10, 76, 78, -114, -5, -39, -120, -40, 98, -76, -74, 36, -100, -102, -31, -31, -29, -41, -31, 63, 105, 119, 114, -25, -50, 70, 31, -38, -123, 39, 29, -30, 76, 127, 103, 61, -62, -7, -9, -122, -95, -6, -74, -5, 68, -102, -119, -24, -80, 88, -80, 57, 31, 13, 95, -118, 17, 30, -58, -68, -91, 56, -89, 25, 118, -49, -73, 95, 127, -9, -112, 63, -67, 90, -121, -118, 113, -108, 63, -6, -37, -109, -4, -41, 77, -3, -77, 81, 47, 85, -117, -3, 127, -47, -89, 20, 122, -103, -116, 98, -94, 97, 70, -34, -68, -14, 14, 55, -58, 65, -46, -20, -6, 52, -123, -65, -67, 48, -73, -29, 124, 111, -2, -20, 109, -3, 53, 11, -43, 113, -82, 81, 126, -28, 78, -64, -38, 64, 84, -29, 35, 77, -63, -38, -66, 117, -3, 36, 89, 92, 88, 118, -126, -17, 51, -67, -44, 65, -108, 25, -28, 64, -84, 88, -82, -60, 87, -75, 67, -57, 120, -127, -1, 0, 22, 40, -113, -53, 21, -30, -65, -92, 14, 39, 117, -57, 120, -11, -19, -44, 113, -72, -73, 82, -86, 28, 70, 116, 10, -95, 78, 78, 49, -65, 74, -24, -57, -42, 99, -22, 31, -57, -80, -45, -115, -20, 114, -23, 52, 16, -37, -76, 102, 37, 45, 42, -31, -28, -50, 88, 48, 36, -114, 95, 13, -58, 71, 94, 90, -119, 110, -8, -123, 48, 20, 126, -20, -79, 37, -114, 72, -24, 112, 107, -87, -31, -99, -125, -68, -68, -31, -80, 95, 64, -62, 71, -107, -49, -20, 8, 49, -78, -128, 9, -44, -99, -74, -12, -44, 82, 110, 53, -62, 111, 120, 44, -26, -54, -12, -56, -114, -64, 50, -123, -109, 66, -65, -113, -2, 106, -29, -105, 28, -37, -118, 123, -102, 90, 22, -119, -117, 18, 7, 123, -81, -119, -49, -67, -80, -51, 110, 70, -26, 33, 4, 92, -18, 1, 3, 27, -109, -90, -92, 85, -71, -8, 79, 16, 107, 41, -81, 86, -58, 101, -75, 93, 28, -88, -8, 78, 51, -106, 4, -28, 14, -71, -86, -111, -62, -46, -25, -69, 94, 83, -114, -103, 98, -33, -97, -91, 90, -95, 108, 104, 93, 57, 85, 105, 25, -92, 24, -41, -99, -119, 39, -56, -7, 85, -21, 25, -118, -121, 46, -62, 57, 0, -36, 13, 65, -50, -122, -70, -103, -69, 15, -60, -102, -50, 43, -5, 86, 23, 44, -22, -84, 83, -108, -85, -74, 113, -65, 54, -71, 30, 122, -41, 53, -60, 98, 110, 25, 48, -114, 107, 110, 75, -128, 57, -52, 108, 6, 72, 58, 107, -41, -21, -29, -102, -54, 57, -95, -111, -44, 25, 45, -89, -79, -17, -33, -93, -34, 86, -20, -91, -118, 34, -86, -14, 2, 31, -107, -108, -28, -28, -27, -76, 39, 115, -13, -82, -119, -48, 46, -58, -68, -125, -12, 91, -60, 98, -68, -76, -69, -123, 72, -114, -31, 36, 15, -110, 73, 44, -92, 99, 63, 44, 125, -11, -34, -91, -60, -47, 109, 112, 126, 76, 107, -105, 47, -85, -82, -97, 35, -57, 40, -16, 70, -53, 99, -92, 72, -13, -74, -76, 85, -128, 117, 21, -51, 55, 18, -99, 127, -9, 108, 7, -121, 49, -95, -98, 40, -8, -55, -71, -101, -48, 49, 21, -97, -33, 96, -1, 0, 70, 53, -92, -22, -3, -100, -115, -9, -83, 119, 88, -36, -118, -29, -37, -116, -111, -2, 124, -39, -1, 0, -28, 53, 6, -29, -78, 32, -56, -72, -109, -3, 102, -102, -11, -75, -34, 12, 119, 19, -75, -115, -71, 91, 2, -89, -50, 75, 109, 92, 68, 125, -90, -71, 25, -61, 43, 15, -30, -42, -116, -99, -83, -111, 8, 18, -63, 27, 15, 34, 71, -9, -83, -31, -22, -72, 37, -7, 90, 5, 36, 118, -117, -126, 9, -56, -88, -123, 83, -26, 107, -100, -73, -19, 117, -101, 17, -34, 69, 42, 121, -24, 69, 48, -117, -76, 60, 46, 124, 98, -19, 20, -1, 0, 26, -30, -70, -95, -43, -31, -105, 18, 69, 90, 99, 22, 77, 107, 88, -83, 69, 117, 111, 63, -8, 83, -58, -28, -8, 56, -51, 17, -127, 29, 43, 117, 52, -8, 99, -40, -46, 22, -87, 21, -26, -42, -94, 42, 98, -104, -49, 21, 91, 25, 24, -32, -86, -113, -99, 25, 120, 107, -19, -128, 43, -81, -3, 77, 24, -8, 100, 111, -69, -14, -83, 14, 24, -128, -29, -99, -2, -17, -54, -66, 41, -25, 103, 61, 51, -105, 94, 21, 39, -39, 98, -65, 32, 104, -119, -63, 25, -121, -67, 35, 124, -64, 31, -38, -70, 97, -61, 99, 31, -26, 55, -35, -7, 84, -113, 15, 81, -77, -75, 79, -70, -62, -114, 122, 62, 7, 26, -22, 74, -73, -11, 26, -78, -100, 22, 35, -47, 71, -104, 38, -100, -117, 32, -65, 108, -3, 43, 94, -54, 115, -15, -100, 122, 82, 121, 101, -28, 84, 45, 94, 11, 107, -10, -105, 62, -90, -120, -68, 22, -53, -9, 7, -42, -81, -117, 76, -3, -78, 42, 94, -58, -33, 102, 81, -12, -87, 115, -105, -112, -94, -102, -16, -117, 17, -89, 116, 15, -52, -47, -109, -121, 89, 70, 125, -37, 116, -49, -103, -93, -2, -81, -108, -115, 37, 81, -11, -88, -2, -82, -70, -23, 60, 68, 121, -106, -4, -87, 106, -105, -112, -2, -115, -120, 96, 77, -96, -117, -23, 91, -62, 116, 69, 90, -48, -31, 119, 45, -15, 92, 66, -66, -103, 53, 49, -62, -104, 124, 119, -93, -6, 99, -1, 0, 122, -101, -112, -66, 94, 8, 23, -63, -9, 113, -12, 31, -107, 64, 96, 15, -123, 48, 119, -9, 6, -75, 117, 120, 125, -78, -97, -38, 77, 35, -6, -112, 40, -123, -20, 45, -64, 37, 84, 124, -63, -4, 104, 90, -5, 49, -88, -56, -94, -67, -21, 124, 17, -25, -7, 86, -125, 117, -62, 34, -65, 116, 123, -85, 24, 102, 104, -40, 50, 52, -79, -87, 42, 70, -40, -49, -87, -93, 94, -10, -105, -124, 89, -116, 60, -8, 36, 103, -107, 72, -49, -46, -111, 93, -10, -6, -43, 85, -67, -117, -121, -50, -17, -48, -54, 66, 3, -8, -42, -40, -15, 101, -69, 86, 27, 46, -29, 30, 17, -39, -72, -72, 74, -36, 45, -100, 88, -114, -26, 78, 121, 21, -36, 48, -16, -64, 30, 30, 91, 87, 27, -40, 14, -51, -40, 93, -114, 37, 114, -106, 113, -69, -37, 113, 25, 18, 41, 12, -92, 114, 5, 111, 116, 0, 8, -58, -61, 106, 37, -1, 0, 108, -72, -43, -48, 101, -74, 72, 109, 1, 24, 86, 65, -52, -61, -26, 105, 47, 102, -82, 120, -81, 103, -31, 120, 44, 103, 83, 19, -65, 59, 44, -118, 27, 39, -57, 59, -41, 124, 49, 101, 88, -90, -100, -2, 78, -127, 78, 58, 94, -25, -85, -5, 37, -57, -38, 72, -105, 58, -18, 52, -6, -26, -109, 118, -125, -78, 112, -15, -95, 3, 51, -61, 5, -60, 51, -92, -94, 112, -95, -119, -27, -24, 116, 25, -45, 77, 118, -92, -79, -10, -81, -116, 3, -17, -63, 108, -1, 0, -22, -4, -22, -28, 125, -84, -68, -9, 123, -53, 8, -113, -113, 35, -111, 92, 112, -23, -14, 98, -106, -88, 61, -55, 82, -118, -32, 117, 105, -64, 44, -84, 102, 121, -84, -32, -76, -126, 73, 70, 36, 120, -93, 85, 47, -21, -128, 60, 106, -55, -79, 99, -2, 108, 95, 64, 41, 84, 125, -88, -127, -65, -59, -78, -107, 125, 49, 86, -29, -19, 7, 12, -105, -30, 46, -98, -79, -102, -58, 120, -92, -35, -53, -112, -43, 22, 29, -72, 107, -25, 67, 19, 124, -24, 50, 112, -106, 39, 61, -38, 103, -42, -82, 71, 125, 99, 47, -8, 119, 9, -23, -100, 81, 75, -61, -116, -122, 39, -48, -44, 104, -94, -76, -57, -56, -91, -8, 75, 13, 121, 53, -14, 53, 90, 94, 13, 33, -44, 18, 62, 116, -5, -36, -36, 51, 124, -21, 68, 120, 107, -22, 106, -107, -82, 24, -100, 81, -53, -73, 4, -112, 19, -121, 57, -88, 126, -90, -67, -39, 101, 36, 121, -100, -41, 85, -54, -67, 64, -84, 33, 105, -21, -110, 21, 28, -88, -32, -105, -37, 101, 0, -11, -59, 26, 62, -49, -49, -97, 126, 100, 81, -4, 32, -109, 93, 33, -27, 29, 7, -46, -93, -52, -66, 95, 74, 107, 36, -71, 69, 10, 97, -32, -94, 45, -18, 28, -3, 7, -31, 87, 96, 19, -37, -1, 0, -123, 117, 50, -6, 72, 69, 29, -92, 81, -10, 71, -46, -96, 102, 30, 95, 74, 107, 36, -41, 14, -123, 108, -79, 31, 20, -30, 41, -89, -76, 6, -2, 101, 7, -16, -94, 14, 51, -60, 6, -26, 54, -2, -111, 84, 76, -93, -2, 10, -119, -101, -2, 98, -74, 93, 86, 117, -5, 49, -36, -68, -127, -3, 101, -90, 72, 3, -52, -102, 32, -67, 111, 3, 73, -60, -38, -24, 126, 91, 84, -124, -51, -53, -112, -52, 107, -97, 65, 90, -122, -34, -36, -33, -69, -12, -83, 11, -87, -113, 74, 84, -73, 12, 126, -41, -46, -90, 46, 24, 121, -118, 90, 71, 99, 81, 113, 33, -35, -79, -27, 82, -17, -36, 106, 90, -107, 9, -119, -41, 36, 15, 42, -112, -105, 63, 107, -21, 75, 72, -83, 13, 22, -27, -114, -20, 62, 117, 33, 40, 39, 124, 122, -46, -93, 41, -50, 65, 3, -17, -87, 9, 91, 76, -97, -83, 45, 32, -102, 27, -121, -41, 71, 31, 90, -97, 124, -61, 108, 31, -70, -108, -117, -113, 53, -2, -43, 33, 114, -64, 107, -51, -3, 58, -46, -46, 85, -95, -80, -108, -99, 115, 82, 51, 18, 49, -49, -118, 86, 39, -50, -60, -23, -67, 73, 101, 86, -44, 55, -49, 52, 49, 12, 89, 85, -74, 43, -11, -91, -105, -4, 28, -36, -99, 24, -29, -61, -104, -47, 13, -50, 14, -128, 15, 44, -47, 18, -24, 100, 97, -108, 31, 12, 80, -89, 37, -64, -102, 76, 68, -35, -112, -22, -117, 24, -12, 56, -95, -1, 0, -46, 50, -20, 81, 15, -93, -41, 74, 38, -26, 59, -21, -27, 91, -17, -120, -36, -100, 122, -102, -43, 117, 57, 23, 114, 125, -72, -100, -41, -3, 32, -25, 25, 80, 61, 26, -90, -67, -112, 24, -8, -79, 93, 50, -52, 15, -113, -52, -44, -42, 111, 23, 52, -66, -89, 39, -111, 44, 81, 57, -127, -39, 52, 27, -51, 69, 78, -51, 67, 31, -59, 114, -29, -56, 87, 73, -34, -89, 92, 26, -116, -115, 19, 125, -111, -11, -91, -11, 19, -14, 63, 110, 34, 33, -64, -83, 87, 119, -107, -65, -88, 126, 85, 49, -62, -84, -45, -20, 72, 127, -86, -101, 52, 40, 118, 113, 66, 107, 119, 43, -112, 70, 51, -71, 56, -93, -35, -109, -18, 78, -124, 80, 91, 123, 120, -2, 24, -2, -90, -117, -34, 42, -115, 35, 65, -113, 26, -109, -37, -56, 62, 37, 63, 42, 19, 68, -8, 36, 98, -115, 72, 85, 65, -106, -28, -2, -30, 125, 106, 94, -43, -90, 90, 60, 122, 26, -87, -54, -40, -23, -14, -88, -66, 122, -125, -14, -89, 104, 45, -105, 26, -23, 116, -56, 32, 121, -44, 77, -54, -8, -3, -11, 73, -80, 119, 111, -107, 64, -56, -85, -127, -111, 79, 97, 54, -53, -51, 58, -99, -100, 80, -53, -98, -123, 13, 82, 105, 65, -48, -107, -6, 80, -99, -108, 108, -96, -7, -45, 66, -44, -58, 6, 118, -40, 119, 127, 90, 27, 92, 56, -24, -108, -65, -30, 58, -115, 61, 107, 93, -56, -21, 51, 125, 106, -110, 38, -39, 120, -35, -73, -18, -3, -11, 3, 115, 47, 84, 31, -22, -86, -84, -83, -1, 0, 112, -125, -4, -43, 14, 71, 27, 75, -1, 0, -22, -102, 66, 114, 96, 26, 96, 117, 90, -59, -72, 40, 54, -46, -107, -121, 36, -25, -104, -113, -99, 109, -114, 119, 102, -5, -85, 77, 6, -74, 48, 75, -100, -99, -57, -42, -113, -52, -92, 100, -100, 31, 58, 80, 37, 69, 24, 36, 102, -120, -105, 35, 93, 6, -98, 38, -109, -128, -20, 104, -83, -125, -80, -49, -122, -11, 62, -8, -127, -98, 76, -113, 49, 74, -59, -64, 35, 77, 7, -112, -83, 53, -55, -50, 36, 76, -113, 28, 102, -89, 64, -84, 112, 38, 3, -31, 108, 120, -5, -72, -84, 91, -113, 123, 4, 28, 82, -107, -72, 1, 70, 24, 48, -24, 5, 17, 37, 36, -28, -126, 87, -46, -109, -128, -58, 126, -47, -4, 92, -89, -96, -58, 115, 90, -25, 36, 107, -87, 59, -28, 126, 53, 67, -68, 1, -14, 84, -28, -11, 11, -118, 42, -54, -97, 99, 126, -70, 10, -99, 33, 101, -27, -109, -108, -25, -98, -116, 46, 125, -34, 108, -87, 62, 34, -107, -121, 3, -4, -49, -20, 77, 25, 94, 66, -71, 50, 30, 83, -74, 64, 63, -123, 39, 18, -84, 98, -77, -31, 112, -84, -95, 79, -104, 21, 17, 41, 81, -66, 6, -25, -35, -86, 43, 33, 125, 68, -113, -97, 37, -83, 119, -59, 64, 13, -52, -6, 107, -98, -97, 33, 75, 72, 88, -60, 93, 1, -23, -29, -102, -103, -72, -24, -82, 1, -33, -107, -76, 52, -66, 55, 13, -16, -3, -30, -92, 100, 109, -70, -113, -31, 31, 118, 105, 105, 65, 99, 21, -72, 99, -15, 6, -11, -94, 36, -121, -2, 26, 82, -73, 15, -44, -82, 124, -58, 40, -117, 41, -15, 56, -13, -87, 112, 21, -114, 22, 93, 53, -4, -22, 70, 65, -29, 74, 22, -32, -125, -128, 113, -14, -94, 123, 67, 102, -95, -64, 118, 52, 14, 115, -109, -73, -99, 111, -68, -41, 83, -54, 52, 57, -13, 20, -80, 76, -33, 103, 67, -27, 68, 23, 7, 24, 39, -52, -125, -67, 45, 33, 99, 49, 112, -61, 99, -8, 84, -69, -2, 111, -119, 84, -46, -63, 63, 48, 39, 56, -11, -83, 36, -52, -121, 37, -127, 30, 32, 109, 70, -112, -79, -82, 32, 109, 74, 16, 124, -85, 66, 4, 124, -31, -122, -37, 98, -105, -117, -110, 78, 115, -111, -29, -79, -94, 11, -116, -24, 78, 7, -114, 106, 105, -114, -61, -53, 97, -43, 49, -25, -118, -85, 45, -128, 44, 50, 15, 48, -37, 76, -118, 42, 93, -98, 126, 80, 91, 3, 99, -102, 34, -35, 16, 113, -128, 71, -83, 52, -28, -121, -79, 66, 75, 39, 25, 35, -109, 35, 122, -81, 36, 69, 65, -56, 25, -89, 45, 58, 72, 64, -48, 31, 93, 106, 6, 53, 109, -50, 125, 106, -42, 70, 75, 72, 66, -47, -25, 66, 51, -118, 19, -62, 63, 116, 124, -123, 60, 107, 24, -40, 28, 29, 73, -45, 90, -83, 61, -117, -81, 64, -43, -94, -56, -119, 113, -16, 38, 60, -70, -24, 71, -123, 12, -100, 125, -80, 62, 85, 126, 88, 93, 24, -85, 68, 66, -12, 7, -3, -86, -79, -115, 67, 16, 65, 35, -57, 66, 107, 104, -76, -55, 104, -26, 81, -40, -11, -58, -99, 40, -127, -37, 56, -49, -115, 101, 101, 117, 48, 8, -70, -77, 19, -82, 54, -96, 72, -60, -54, 118, -36, 116, 21, -107, -108, -94, 53, -56, 69, -111, -61, -32, 49, 3, 30, 53, 57, 29, -71, 7, -68, 119, -4, 107, 43, 40, -112, 48, -78, 124, 123, -111, -91, 110, 57, 28, -98, 92, -23, -102, -35, 101, 64, -119, 65, 35, -107, -43, -40, -6, -102, 48, 3, 59, 117, -84, -84, -88, 99, 68, -121, -38, 52, 66, -60, 71, -90, -107, -107, -107, 33, 34, 92, -60, 38, 116, 39, -50, -94, -77, 54, 25, -41, 10, 67, 99, 65, 89, 89, 82, -122, 16, 18, -48, 9, 11, 28, -73, -98, -44, 118, 99, -18, 12, -28, 86, 86, 84, -80, 54, -57, 57, -50, -70, 86, -56, -60, 121, 26, 31, -10, -84, -84, -87, 99, 102, -41, 87, -83, -119, 24, 72, 71, 77, 43, 43, 40, 36, 41, 118, 80, 72, 39, 92, 86, -111, -55, 63, 42, -54, -54, 72, 100, -7, -113, 49, -14, -51, 77, 29, -126, 3, -109, -100, 86, 86, 84, -79, 18, 82, 91, -109, -104, -109, -100, 102, -92, 119, 35, 29, 43, 43, 42, 70, 109, -16, -40, 12, -93, 24, -94, 40, -62, 18, 52, -64, -48, 86, 86, 80, -64, -108, 100, -70, 6, 59, -42, -71, -40, 54, 1, -46, -78, -78, -89, -72, -40, 68, 99, -55, -100, -21, -118, -97, 59, 16, 50, 126, -41, -27, 89, 89, 72, 9, -32, 49, 33, -70, -43, 121, 109, -29, 4, -31, 113, -83, 106, -78, -124, -35, -115, 31, -1, -39], govIdBack=[-1, -40, -1, -32, 0, 16, 74, 70, 73, 70, 0, 1, 1, 0, 0, 1, 0, 1, 0, 0, -1, -37, 0, -124, 0, 9, 6, 7, 8, 7, 6, 9, 8, 7, 8, 10, 10, 9, 11, 13, 22, 15, 13, 12, 12, 13, 27, 20, 21, 16, 22, 32, 29, 34, 34, 32, 29, 31, 31, 36, 40, 52, 44, 36, 38, 49, 39, 31, 31, 45, 61, 45, 49, 53, 55, 58, 58, 58, 35, 43, 63, 68, 63, 56, 67, 52, 57, 58, 55, 1, 10, 10, 10, 13, 12, 13, 26, 15, 15, 26, 55, 37, 31, 37, 55, 55, 55, 55, 55, 55, 55, 55, 55, 55, 55, 55, 55, 55, 55, 55, 55, 55, 55, 55, 55, 55, 55, 55, 55, 55, 55, 55, 55, 55, 55, 55, 55, 55, 55, 55, 55, 55, 55, 55, 55, 55, 55, 55, 55, 55, 55, 55, 55, 55, -1, -64, 0, 17, 8, 0, -108, 1, 14, 3, 1, 34, 0, 2, 17, 1, 3, 17, 1, -1, -60, 0, 28, 0, 0, 2, 2, 3, 1, 1, 0, 0, 0, 0, 0, 0, 0, 0, 0, 0, 3, 5, 2, 4, 0, 1, 6, 7, 8, -1, -60, 0, 65, 16, 0, 2, 1, 3, 2, 3, 5, 5, 4, 8, 5, 3, 5, 0, 0, 0, 1, 2, 3, 0, 4, 17, 33, 49, 5, 18, 65, 6, 19, 81, 97, 113, 20, 34, 50, -127, -111, 66, -95, -63, -47, 7, 21, 35, 82, 98, 114, -126, -79, 51, 67, -110, -31, -16, 22, 83, -15, 52, 68, 115, -109, -94, -1, -60, 0, 26, 1, 0, 3, 1, 1, 1, 1, 0, 0, 0, 0, 0, 0, 0, 0, 0, 0, 0, 1, 2, 3, 4, 5, 6, -1, -60, 0, 40, 17, 0, 2, 2, 1, 3, 3, 3, 4, 3, 0, 0, 0, 0, 0, 0, 0, 0, 1, 2, 17, 3, 18, 33, 49, 4, 65, 81, 5, 19, 34, 20, 21, 50, 66, 97, -127, -95, -1, -38, 0, 12, 3, 1, 0, 2, 17, 3, 17, 0, 63, 0, -13, 108, 84, -46, 38, 109, -75, -84, 2, -92, -71, 31, 9, 34, -66, -124, -15, -84, -63, 25, 27, -125, 83, -18, -21, 57, -53, 111, 83, 86, 56, -42, -127, 89, 16, -75, 32, 42, 65, -65, -122, -120, 27, 77, -121, -46, -102, 17, -91, 20, 104, -50, 58, 100, 86, -108, -7, 15, -91, 16, 107, -48, 80, 38, 25, 38, 11, -94, -88, -59, 77, -97, -97, 29, 40, 10, 40, -118, 41, -47, 45, -122, 10, 60, 86, -120, -76, 53, 20, 100, 90, 100, -123, 78, 118, -9, 70, -85, -46, -116, -79, -107, -8, -76, -95, 38, 87, 111, -70, -118, -96, -17, -110, 73, -15, -96, 65, 20, 81, 80, 84, 16, 81, -44, 80, 34, 104, -75, 97, 5, 14, 49, 86, 80, 84, 48, 38, -126, -84, 34, -44, 17, 122, -43, -120, -93, 102, 56, 85, 36, -8, 1, 89, -71, 34, -46, 101, -2, 21, 99, -19, -20, -16, 38, 22, 64, 57, -107, -67, 43, -91, -32, 118, 83, 88, 67, 50, -80, -60, -124, -12, -37, -27, 72, 56, 36, -122, -34, -19, 93, 84, -77, 96, -116, 1, -83, 117, 54, -9, -20, -17, -56, -15, -108, 108, 103, 4, 98, -72, 122, -119, 74, -24, -17, -23, -29, 30, 123, -108, 56, -68, 45, 113, 18, -27, 71, 120, -97, 9, -95, -61, 24, -122, 62, -19, 23, 3, -87, -3, -22, -67, 112, 121, -51, 7, -69, -14, -84, -93, 45, -88, -42, 81, -7, 106, 55, 29, 77, -100, -88, 10, -75, 16, -104, 27, 86, -71, 117, -92, -54, 15, 30, 15, -81, 90, -73, 24, -86, 74, 113, -118, -67, 110, -68, -29, 122, -50, 69, -60, 60, 122, 10, 42, -44, 85, 49, 82, -38, -77, 53, 52, 85, 114, 67, 96, -126, 122, -118, -33, 74, -39, -38, -94, 13, 0, 42, -67, -110, 83, 33, 71, -9, 84, 108, 60, 106, -83, 57, -71, -73, -114, -32, 2, 91, 12, 54, 34, -86, -120, 22, -33, 73, 19, -68, -50, -51, 90, -87, -86, 49, -108, 29, -97, 48, -14, -42, -15, 69, -27, -14, -84, -27, -14, -81, 112, -14, -20, 24, 90, -112, 21, 48, -75, 32, -96, 80, 34, 32, 81, 21, 107, 97, 104, -118, 40, 17, -118, 40, -118, 43, 21, 104, -86, -76, -60, 104, 10, 42, -83, 96, 90, 34, -83, 49, 27, 85, -93, 32, -88, -88, -94, -86, -48, 34, 74, 40, -56, -75, 5, 20, 116, 20, 18, 77, 22, -114, -119, 80, -116, 109, -91, 117, -10, 125, -101, -74, -70, -32, 113, -34, 91, -68, -83, 55, 46, -85, -47, -50, 118, -84, -78, -27, 88, -22, -53, -122, 55, 55, -15, 17, -16, -34, 27, 115, -60, 36, 41, 105, 17, -111, -108, 115, 31, 120, 12, 15, -99, 118, 92, 47, -77, 16, 90, 93, 36, -13, -49, -34, -29, 7, -69, 100, 26, 31, 58, -33, 10, -114, -42, 23, 105, -83, 99, 8, -52, -95, 78, -124, 109, -75, 93, 105, 88, -71, 53, -25, -26, -49, 57, 58, 92, 29, -8, -80, -62, 42, -33, 37, -104, -8, 55, 14, 25, 100, -76, -125, 87, 44, 73, 92, -111, -23, 87, 87, -70, 67, -92, 105, -112, 52, -64, -23, 75, -31, -99, -41, 99, -67, 100, -78, -76, 106, 92, 12, -80, -40, 87, 51, 77, -67, -39, -46, -100, 82, -39, 27, 19, 91, 69, 117, 35, -92, 28, -100, -5, -80, 24, -26, -96, -36, 93, -57, 113, 112, -116, -54, 65, -113, 60, -104, 29, 14, 55, -86, 50, -35, -103, 9, -25, 62, -15, -5, 62, 21, 4, -63, -15, -51, 90, -123, 25, 57, -115, 99, 2, 81, -111, -82, 40, -94, 61, 54, -96, -40, -57, -53, -93, 28, 18, 116, -51, 48, 72, -11, 21, 18, 116, -51, -94, -83, 21, -69, -83, 54, -95, -76, 120, -90, 13, -54, -93, -50, -76, 99, -120, -116, -79, -59, 78, -95, -23, 23, -123, 57, 26, 31, -91, 92, -73, 96, -121, 93, 42, 38, 95, -119, 84, 124, 63, 125, 12, 30, 125, 73, -94, -20, 18, -95, -110, -100, -118, -58, 56, -96, 70, -40, 81, 88, -20, 15, -115, 69, 23, 102, -35, -51, 68, 62, 40, 78, -58, -122, 88, -45, -95, 89, 111, -104, 81, 57, -44, -113, 120, 103, 21, 67, -100, -42, -60, -124, 81, 67, -77, -63, -41, -78, -100, 97, -83, 13, -46, -38, 115, 71, -116, -128, -83, -106, 35, -46, -88, -55, -62, 111, -29, -116, -56, -10, 83, 42, 40, -55, 102, 92, 1, 94, -73, -62, 120, -27, -107, -38, -14, 66, -31, 72, -45, -105, 108, -46, -66, -35, -53, 114, -4, 55, -71, -75, 28, -53, 33, -52, -124, 111, -118, -12, -29, -44, 77, -50, -102, 60, -41, -122, 58, 109, 51, -50, -72, 95, 12, 126, 33, 43, 34, -70, -58, 20, 106, -51, 86, 110, -72, 58, -37, 70, -54, -45, -85, -50, 14, -61, -62, -123, 11, 24, -78, 8, 57, -49, -114, 49, 86, -51, -52, 79, -126, -22, 73, 11, -128, -89, 99, 93, 50, -69, -40, -63, 85, 10, -28, -74, -110, 28, 119, -120, 84, 29, -119, 27, -42, -128, 25, -63, -34, -70, 20, -102, 62, 33, 8, -118, 126, 72, -93, 77, -78, 112, 69, 91, -31, -4, 11, -122, -36, 69, 38, 110, -3, -32, 14, 50, 113, 71, -71, 92, -117, 77, -16, 114, -22, -72, 25, 58, 81, 21, 115, -80, 63, 74, -23, 120, 21, -107, -110, 25, 94, 118, 66, -24, 112, 27, 124, -4, -85, -89, -105, -122, -16, -117, -69, 85, -73, 107, 120, -69, -48, -92, -85, 69, -128, 114, 125, 42, 101, -99, 39, -63, 81, -58, -38, -28, -13, 117, 95, 26, 42, -83, 49, -30, -36, 45, -84, 46, -28, -115, 68, -116, -120, 6, 93, -105, 26, -1, 0, -52, 85, 68, 94, -67, 43, 104, -55, 73, 90, 50, -110, 113, -39, -102, 85, -14, -93, 42, -47, 33, -127, -28, 96, -79, -93, 51, 19, -128, 20, 100, -102, -71, 63, 15, -71, -75, 115, 29, -51, -68, -79, 56, 25, 33, -41, 26, 81, -87, 45, -104, -110, 111, 116, 84, 85, -94, -94, -22, 41, -27, -113, 103, 37, -98, -38, 59, -121, -99, 17, 24, 100, -116, 106, -75, -87, 123, 63, 117, 28, -100, -79, 21, -112, 116, 35, 74, -113, 118, 23, 86, 63, 110, 85, 116, 84, -31, -10, -85, 60, -63, 93, -71, 80, 110, -34, 21, -24, 60, 22, 104, 34, -77, 17, 91, 114, -80, 93, 52, 53, -60, -89, 11, -65, -128, -107, -18, 28, -125, -15, 5, -89, 92, 39, -122, -15, 27, 107, -108, 43, 19, -92, 79, -71, 36, 87, 55, 80, -93, 37, -55, -45, -127, -72, 62, 14, -78, -39, 64, 113, -123, -50, 117, -55, 21, -69, -59, 73, 55, -9, 66, -11, -57, 90, -126, -5, 64, 88, -33, -105, 109, 49, -102, 52, -28, -53, 25, 82, 112, 119, 58, 87, -100, -7, 61, 5, -70, 23, -62, -20, -31, -121, 33, 1, 118, 39, -83, 17, -27, -18, -30, 119, -54, -110, -85, -79, 53, 97, -96, -26, -119, 79, 54, 0, -40, 120, -46, -114, 61, 8, 101, -17, 57, -80, -60, 0, 84, 85, -57, 118, 68, -66, 40, 92, -46, -76, -78, 23, 56, -44, -25, 74, -75, 110, -84, -20, 0, -86, 17, -18, 0, 26, 83, -98, 22, -63, 27, 44, -71, -83, -25, -78, 57, -15, -18, -58, -80, -122, 76, 22, 57, -94, 61, -55, 78, -103, -86, -73, 19, 16, -70, 109, 85, -60, -124, -99, 14, 107, -106, -84, -22, -70, 47, -5, 66, -79, -55, 6, -79, -7, -89, 66, 35, -40, 117, -51, 5, 1, -64, -56, -56, -85, 22, -84, -79, -125, -125, -116, -12, -95, -20, 82, -36, -81, 108, 102, 89, 88, -78, 28, -114, -92, 85, -120, -62, 62, 85, -68, 104, -83, 113, 24, 24, -48, -102, -87, 35, -14, 18, -54, -89, 94, -76, -71, 14, 11, -68, -70, 96, 26, -125, -87, 80, 58, -43, 104, -91, 36, -4, 85, 118, 50, 10, -21, -42, -109, -40, 107, 114, -77, 102, -74, 23, -101, 97, 69, -112, 5, -83, 25, 21, 62, 17, 64, -24, -120, -127, -79, -102, -113, 119, -115, -51, 16, 94, 70, -93, 86, -91, -9, 87, -103, 127, 116, -23, 70, -30, 109, 35, -52, -82, -82, 44, -117, -76, -112, 56, 89, 64, -9, 89, 70, 42, -117, 113, -69, -41, -124, -60, -20, -78, 47, -117, 111, 66, -18, 61, 107, 94, -49, -27, 94, -60, 99, 21, -55, -28, 60, -115, -117, -39, 11, 63, 55, 90, -48, -115, -87, -113, -77, -97, 10, -33, -77, -26, -76, -44, -120, -90, 80, -28, 39, 122, 34, 43, 3, -85, 17, 87, 61, -102, -119, 29, -93, -56, 112, -120, 88, -17, -96, -95, -76, 27, -127, -74, 10, -78, -122, 125, 71, 92, 83, 14, 29, 115, 29, -83, -46, -52, -124, -128, -89, 32, -99, 107, 35, -31, 55, -114, 50, -74, -14, 99, -7, 104, -16, 112, -103, -106, 104, -110, 104, -54, -93, 54, -67, 113, 81, 39, 23, -55, 113, -44, -72, 59, 11, 9, -31, -30, 48, -107, -103, 20, -13, 46, 10, -80, -50, -97, -107, 14, -17, -77, 28, 54, 75, 102, -114, 40, -42, 23, 119, 4, 58, -115, 71, -91, 57, -32, -10, 54, 118, -10, -54, -79, -59, -115, 48, 89, -66, 35, -13, -93, -67, -78, -13, 21, 26, -83, 121, -81, 43, -116, -66, 44, -12, 22, 52, -29, -14, 71, 57, -63, 120, 82, -16, -71, -104, 58, -58, -19, -51, -107, -108, 40, -55, 30, 21, -43, -107, 89, -19, 94, 57, -108, 72, -82, 10, -80, -15, 6, -86, 61, -86, -17, -51, -125, 67, -122, -36, 6, -28, 73, -101, 93, -13, 74, 114, -42, -19, -79, -62, 26, 21, 80, -65, -116, 114, 90, -73, 50, 42, 8, -16, 2, -86, -29, 24, -91, 23, 28, 66, -22, 120, -64, -116, 48, 7, 113, -115, -87, -19, -9, 14, 120, -26, 105, 21, -124, -118, -33, 101, -86, -76, 62, -47, 17, -18, -47, 35, 40, 79, -68, -104, -83, 97, 40, -41, -109, 25, -58, 87, -32, 47, 9, 49, -83, -84, 125, -31, 118, 56, -55, -55, -21, 87, 19, -118, -58, -110, -70, -55, -112, -67, 42, -83, -52, -42, -42, 112, 73, 51, -107, 64, -117, -52, -39, -39, 107, -50, -81, -69, 108, -105, 82, -81, -77, 97, -97, -104, 126, -55, 70, -66, -128, -11, -15, -41, 27, 15, 26, -61, 36, -30, -99, -78, -11, 56, 42, 71, -86, -89, 17, -117, -97, 42, -40, 67, -71, 38, -93, 113, 125, 27, 74, 121, 95, 74, -15, 11, -18, -45, 113, 86, -102, 104, -31, -119, -71, 99, -62, -70, -9, -127, -76, 7, 57, -56, 27, -45, 46, 25, -37, 43, -89, -99, -51, -62, -26, 36, 62, -14, -86, 96, -81, -49, 93, 63, -26, 107, 37, -105, 29, -16, 39, -106, 71, -86, -36, 92, -69, -123, -18, -37, 110, -126, -88, 92, -51, 47, 121, -5, 82, 65, 62, 52, -115, 59, 79, 105, 19, 102, 73, -107, 1, -63, 25, 56, -9, 73, -64, 56, -4, 41, -77, -15, 24, 56, -116, 8, -32, -13, 48, 26, 21, -4, 107, -94, 45, 94, -60, -71, 89, 20, 30, -9, 49, -85, -16, 74, 83, -31, 56, -91, -27, -76, -94, 68, -25, -58, -76, 123, -119, 58, 29, 91, 58, -50, 64, -112, -32, 13, -22, -55, -74, 80, -54, 80, -23, -42, -108, -119, 0, -117, 0, 124, -24, -80, -33, -14, 46, 36, 108, -118, -55, -59, -10, 55, 82, 75, -111, -116, -81, -35, -116, 19, -12, -91, 115, 93, 58, 49, -63, 56, -13, -93, -75, -60, 114, 16, -51, -95, -58, 6, 40, 114, -63, 28, -117, -107, 109, 105, 47, -28, 37, -65, 5, 101, -71, 110, 108, -28, -26, -82, -37, 75, 36, -24, -36, -52, -27, 87, -88, -86, 109, 104, -32, 103, 25, -88, -60, -46, 68, 72, 4, -116, -8, 85, 52, -97, 4, -90, -41, 35, 72, -61, 44, -64, 99, 122, -76, 111, 2, 47, -99, 46, -114, -31, -37, 82, -58, -94, -18, 95, -82, -75, 26, 75, 82, 44, -49, 127, -99, -88, 39, -120, -80, 24, -46, -85, 50, 26, 4, -120, -21, -45, 52, -44, 80, -100, -104, 87, -97, 39, 122, -41, 123, 85, -116, 111, -99, -113, -46, -74, 1, 27, -125, 84, -110, 39, 80, -116, 112, 114, -39, 60, -54, 64, -16, 6, -73, 31, 7, 14, 112, 0, 63, 60, 83, 52, 86, 7, -31, -85, -42, -14, -58, -119, -17, -90, -43, -93, -55, 36, 102, -79, -59, -120, -41, -124, 47, 123, -125, 108, 79, -95, -90, 22, -4, 41, 93, 64, 123, 111, 117, 122, 53, 49, -17, 35, 39, -99, 99, 35, -106, -120, -73, 97, 116, 109, -86, 94, 73, 50, -42, 56, -95, 87, -22, -53, 56, -92, -52, -74, -61, -23, -91, 22, 59, 27, 62, -16, -111, 25, -27, -16, 83, 76, -89, -71, -123, -93, -57, 40, 38, -105, 18, 17, -77, -49, -53, -102, 90, -92, -60, -44, 81, 117, 32, -73, -116, -13, 69, 35, 8, -49, -39, 18, 105, 89, 34, 90, 71, 63, 56, 111, 80, 105, 108, -82, 1, -54, -116, -30, -124, -18, -46, 16, 73, -90, -96, -7, -79, 57, -41, 7, 64, -73, 75, -116, 33, 24, -87, -117, -126, 54, -44, -46, 123, 8, -71, -36, -13, 57, 24, -38, -100, -64, 33, -26, 8, -111, -98, 99, -71, 53, -100, -94, -94, 105, 25, -71, 5, 73, -103, -109, 44, -128, -48, 101, -70, -58, -100, -122, -82, -86, -60, -96, -107, -48, -3, -43, 86, 112, 6, -70, 28, -44, 42, 52, 118, 82, -98, -22, 73, -74, 20, -93, -120, -15, -88, 120, 113, 94, -7, -3, -10, 58, 42, -17, -113, 26, 107, 40, -63, -45, -18, -81, 40, -3, 37, -33, -54, -100, 64, 90, -105, -120, -9, 105, -108, 104, -80, 100, 58, 12, -13, 14, -99, 113, -29, -67, 86, 73, 104, -118, -93, 6, -37, 116, 83, -19, 15, 104, -18, 47, -81, 111, 22, -42, 119, 104, -7, -71, 74, 19, -123, -57, -111, -41, 57, 0, 125, 13, 114, -9, 13, 8, 80, -4, -45, -107, 77, -103, 87, 82, 14, -6, -23, -127, 75, -46, -22, 69, -123, -33, -102, 80, 57, -71, 121, -74, 3, 115, -113, 51, -42, -81, -38, 92, 61, -73, 36, -110, -62, -56, -61, 61, -41, -69, -107, -25, -41, 1, -44, -18, 51, -53, -81, 79, -70, -72, -102, 109, -37, 52, 80, -14, 29, 110, 90, -38, -37, -35, 73, 88, 1, -54, 29, -41, 83, -52, 15, 46, 117, -45, 94, -66, 70, -118, -105, -100, 66, -38, -38, 88, -94, 6, 46, -7, 4, -92, -55, -94, -120, -63, -45, 76, 120, -20, 106, -124, -77, -13, 75, 63, -74, -36, 97, 102, 37, -53, 34, -106, 44, -53, -88, 26, 109, -82, 49, -31, -91, 18, -22, -26, 41, 5, -78, -40, 73, 51, 14, -17, -110, -32, -56, -68, -85, 44, -99, 112, 58, -25, 56, -59, 20, 61, 40, -75, 101, -58, -26, -127, 37, 55, 49, -103, 35, -109, 67, -52, 6, 80, 121, 120, 116, -81, 67, -20, -89, 29, -31, 79, 97, 21, -76, -73, 15, 13, -54, 40, 86, 51, 96, 115, -73, -105, -106, -101, -8, 98, -68, -50, 91, -39, 46, -124, 125, -30, -88, -111, 125, -50, 98, 113, -49, -96, 31, 60, 99, 115, 89, 109, 26, -37, -36, -21, 39, 54, 78, -118, 24, -112, 117, -14, -86, -57, -111, -29, 118, -116, -36, 19, 61, -26, -50, 22, -69, -120, -54, -102, -81, 49, 83, -99, 48, 70, -30, -83, -83, -117, -14, -13, 40, -64, -13, -83, -2, -113, 37, -114, 110, -56, 89, -52, 34, 16, -31, 74, 48, -58, 57, -71, 73, 94, 111, -98, 5, 55, -70, -108, 48, -28, 64, 43, -78, 57, 92, -121, -95, 37, 98, -40, -30, 96, 57, 72, -48, -44, 90, -53, -104, -28, 10, -72, -85, 68, 85, -13, -85, 109, -119, 36, 82, -118, -56, -125, -31, 86, -110, -41, 31, 17, 52, 112, 49, -10, -77, 91, -51, 70, -20, -91, 72, -113, 116, -36, -72, -26, -56, -96, 53, -66, -69, 85, -60, 36, 3, -127, -67, 96, -119, -104, -26, -107, -47, 117, 101, 37, -73, -14, -87, 123, 54, -71, -50, 42, -1, 0, 114, 85, 114, 106, 5, 105, 88, -88, -87, -36, 47, 92, -47, -95, -74, -120, 107, 47, -35, 83, -27, -83, -124, -94, -58, -111, -124, -37, 103, -35, 64, 71, -104, -88, 77, 4, 15, -126, 10, -81, -91, 23, -70, -42, -73, -56, 60, 41, 20, 38, -10, 111, -89, -115, 78, 27, 65, -110, 105, 42, 118, -53, -123, 54, -84, -110, -81, -86, -125, -3, -86, -62, 118, -61, -125, -9, 100, 43, 72, -57, -64, 46, 63, -67, 97, -11, -72, 107, -14, 51, 73, 88, -42, 88, 15, -62, 14, -108, 46, -29, 29, 53, -92, -78, -10, -62, -44, 124, 16, 22, -2, 103, 2, -86, 73, -37, 25, 0, -3, -108, 81, 47, -85, 115, 86, 111, -44, 112, 46, -10, 27, 29, 39, 118, -39, -40, 84, 90, -33, -101, 117, 21, -57, 92, 118, -65, -120, 54, 121, 39, -126, 63, -27, -117, 95, -68, -43, 23, -19, 47, 22, 115, -91, -4, -96, 31, -35, 69, 31, -123, 71, -36, -15, -10, 76, 78, -114, -5, -39, -120, -40, 98, -76, -74, 36, -100, -102, -31, -31, -29, -41, -31, 63, 105, 119, 114, -25, -50, 70, 31, -38, -123, 39, 29, -30, 76, 127, 103, 61, -62, -7, -9, -122, -95, -6, -74, -5, 68, -102, -119, -24, -80, 88, -80, 57, 31, 13, 95, -118, 17, 30, -58, -68, -91, 56, -89, 25, 118, -49, -73, 95, 127, -9, -112, 63, -67, 90, -121, -118, 113, -108, 63, -6, -37, -109, -4, -41, 77, -3, -77, 81, 47, 85, -117, -3, 127, -47, -89, 20, 122, -103, -116, 98, -94, 97, 70, -34, -68, -14, 14, 55, -58, 65, -46, -20, -6, 52, -123, -65, -67, 48, -73, -29, 124, 111, -2, -20, 109, -3, 53, 11, -43, 113, -82, 81, 126, -28, 78, -64, -38, 64, 84, -29, 35, 77, -63, -38, -66, 117, -3, 36, 89, 92, 88, 118, -126, -17, 51, -67, -44, 65, -108, 25, -28, 64, -84, 88, -82, -60, 87, -75, 67, -57, 120, -127, -1, 0, 22, 40, -113, -53, 21, -30, -65, -92, 14, 39, 117, -57, 120, -11, -19, -44, 113, -72, -73, 82, -86, 28, 70, 116, 10, -95, 78, 78, 49, -65, 74, -24, -57, -42, 99, -22, 31, -57, -80, -45, -115, -20, 114, -23, 52, 16, -37, -76, 102, 37, 45, 42, -31, -28, -50, 88, 48, 36, -114, 95, 13, -58, 71, 94, 90, -119, 110, -8, -123, 48, 20, 126, -20, -79, 37, -114, 72, -24, 112, 107, -87, -31, -99, -125, -68, -68, -31, -80, 95, 64, -62, 71, -107, -49, -20, 8, 49, -78, -128, 9, -44, -99, -74, -12, -44, 82, 110, 53, -62, 111, 120, 44, -26, -54, -12, -56, -114, -64, 50, -123, -109, 66, -65, -113, -2, 106, -29, -105, 28, -37, -118, 123, -102, 90, 22, -119, -117, 18, 7, 123, -81, -119, -49, -67, -80, -51, 110, 70, -26, 33, 4, 92, -18, 1, 3, 27, -109, -90, -92, 85, -71, -8, 79, 16, 107, 41, -81, 86, -58, 101, -75, 93, 28, -88, -8, 78, 51, -106, 4, -28, 14, -71, -86, -111, -62, -46, -25, -69, 94, 83, -114, -103, 98, -33, -97, -91, 90, -95, 108, 104, 93, 57, 85, 105, 25, -92, 24, -41, -99, -119, 39, -56, -7, 85, -21, 25, -118, -121, 46, -62, 57, 0, -36, 13, 65, -50, -122, -70, -103, -69, 15, -60, -102, -50, 43, -5, 86, 23, 44, -22, -84, 83, -108, -85, -74, 113, -65, 54, -71, 30, 122, -41, 53, -60, 98, 110, 25, 48, -114, 107, 110, 75, -128, 57, -52, 108, 6, 72, 58, 107, -41, -21, -29, -102, -54, 57, -95, -111, -44, 25, 45, -89, -79, -17, -33, -93, -34, 86, -20, -91, -118, 34, -86, -14, 2, 31, -107, -108, -28, -28, -27, -76, 39, 115, -13, -82, -119, -48, 46, -58, -68, -125, -12, 91, -60, 98, -68, -76, -69, -123, 72, -114, -31, 36, 15, -110, 73, 44, -92, 99, 63, 44, 125, -11, -34, -91, -60, -47, 109, 112, 126, 76, 107, -105, 47, -85, -82, -97, 35, -57, 40, -16, 70, -53, 99, -92, 72, -13, -74, -76, 85, -128, 117, 21, -51, 55, 18, -99, 127, -9, 108, 7, -121, 49, -95, -98, 40, -8, -55, -71, -101, -48, 49, 21, -97, -33, 96, -1, 0, 70, 53, -92, -22, -3, -100, -115, -9, -83, 119, 88, -36, -118, -29, -37, -116, -111, -2, 124, -39, -1, 0, -28, 53, 6, -29, -78, 32, -56, -72, -109, -3, 102, -102, -11, -75, -34, 12, 119, 19, -75, -115, -71, 91, 2, -89, -50, 75, 109, 92, 68, 125, -90, -71, 25, -61, 43, 15, -30, -42, -116, -99, -83, -111, 8, 18, -63, 27, 15, 34, 71, -9, -83, -31, -22, -72, 37, -7, 90, 5, 36, 118, -117, -126, 9, -56, -88, -123, 83, -26, 107, -100, -73, -19, 117, -101, 17, -34, 69, 42, 121, -24, 69, 48, -117, -76, 60, 46, 124, 98, -19, 20, -1, 0, 26, -30, -70, -95, -43, -31, -105, 18, 69, 90, 99, 22, 77, 107, 88, -83, 69, 117, 111, 63, -8, 83, -58, -28, -8, 56, -51, 17, -127, 29, 43, 117, 52, -8, 99, -40, -46, 22, -87, 21, -26, -42, -94, 42, 98, -104, -49, 21, 91, 25, 24, -32, -86, -113, -99, 25, 120, 107, -19, -128, 43, -81, -3, 77, 24, -8, 100, 111, -69, -14, -83, 14, 24, -128, -29, -99, -2, -17, -54, -66, 41, -25, 103, 61, 51, -105, 94, 21, 39, -39, 98, -65, 32, 104, -119, -63, 25, -121, -67, 35, 124, -64, 31, -38, -70, 97, -61, 99, 31, -26, 55, -35, -7, 84, -113, 15, 81, -77, -75, 79, -70, -62, -114, 122, 62, 7, 26, -22, 74, -73, -11, 26, -78, -100, 22, 35, -47, 71, -104, 38, -100, -117, 32, -65, 108, -3, 43, 94, -54, 115, -15, -100, 122, 82, 121, 101, -28, 84, 45, 94, 11, 107, -10, -105, 62, -90, -120, -68, 22, -53, -9, 7, -42, -81, -117, 76, -3, -78, 42, 94, -58, -33, 102, 81, -12, -87, 115, -105, -112, -94, -102, -16, -117, 17, -89, 116, 15, -52, -47, -109, -121, 89, 70, 125, -37, 116, -49, -103, -93, -2, -81, -108, -115, 37, 81, -11, -88, -2, -82, -70, -23, 60, 68, 121, -106, -4, -87, 106, -105, -112, -2, -115, -120, 96, 77, -96, -117, -23, 91, -62, 116, 69, 90, -48, -31, 119, 45, -15, 92, 66, -66, -103, 53, 49, -62, -104, 124, 119, -93, -6, 99, -1, 0, 122, -101, -112, -66, 94, 8, 23, -63, -9, 113, -12, 31, -107, 64, 96, 15, -123, 48, 119, -9, 6, -75, 117, 120, 125, -78, -97, -38, 77, 35, -6, -112, 40, -123, -20, 45, -64, 37, 84, 124, -63, -4, 104, 90, -5, 49, -88, -56, -94, -67, -21, 124, 17, -25, -7, 86, -125, 117, -62, 34, -65, 116, 123, -85, 24, 102, 104, -40, 50, 52, -79, -87, 42, 70, -40, -49, -87, -93, 94, -10, -105, -124, 89, -116, 60, -8, 36, 103, -107, 72, -49, -46, -111, 93, -10, -6, -43, 85, -67, -117, -121, -50, -17, -48, -54, 66, 3, -8, -42, -40, -15, 101, -69, 86, 27, 46, -29, 30, 17, -39, -72, -72, 74, -36, 45, -100, 88, -114, -26, 78, 121, 21, -36, 48, -16, -64, 30, 30, 91, 87, 27, -40, 14, -51, -40, 93, -114, 37, 114, -106, 113, -69, -37, 113, 25, 18, 41, 12, -92, 114, 5, 111, 116, 0, 8, -58, -61, 106, 37, -1, 0, 108, -72, -43, -48, 101, -74, 72, 109, 1, 24, 86, 65, -52, -61, -26, 105, 47, 102, -82, 120, -81, 103, -31, 120, 44, 103, 83, 19, -65, 59, 44, -118, 27, 39, -57, 59, -41, 124, 49, 101, 88, -90, -100, -2, 78, -127, 78, 58, 94, -25, -85, -5, 37, -57, -38, 72, -105, 58, -18, 52, -6, -26, -109, 118, -125, -78, 112, -15, -95, 3, 51, -61, 5, -60, 51, -92, -94, 112, -95, -119, -27, -24, 116, 25, -45, 77, 118, -92, -79, -10, -81, -116, 3, -17, -63, 108, -1, 0, -22, -4, -22, -28, 125, -84, -68, -9, 123, -53, 8, -113, -113, 35, -111, 92, 112, -23, -14, 98, -106, -88, 61, -55, 82, -118, -32, 117, 105, -64, 44, -84, 102, 121, -84, -32, -76, -126, 73, 70, 36, 120, -93, 85, 47, -21, -128, 60, 106, -55, -79, 99, -2, 108, 95, 64, 41, 84, 125, -88, -127, -65, -59, -78, -107, 125, 49, 86, -29, -19, 7, 12, -105, -30, 46, -98, -79, -102, -58, 120, -92, -35, -53, -112, -43, 22, 29, -72, 107, -25, 67, 19, 124, -24, 50, 112, -106, 39, 61, -38, 103, -42, -82, 71, 125, 99, 47, -8, 119, 9, -23, -100, 81, 75, -61, -116, -122, 39, -48, -44, 104, -94, -76, -57, -56, -91, -8, 75, 13, 121, 53, -14, 53, 90, 94, 13, 33, -44, 18, 62, 116, -5, -36, -36, 51, 124, -21, 68, 120, 107, -22, 106, -107, -82, 24, -100, 81, -53, -73, 4, -112, 19, -121, 57, -88, 126, -90, -67, -39, 101, 36, 121, -100, -41, 85, -54, -67, 64, -84, 33, 105, -21, -110, 21, 28, -88, -32, -105, -37, 101, 0, -11, -59, 26, 62, -49, -49, -97, 126, 100, 81, -4, 32, -109, 93, 33, -27, 29, 7, -46, -93, -52, -66, 95, 74, 107, 36, -71, 69, 10, 97, -32, -94, 45, -18, 28, -3, 7, -31, 87, 96, 19, -37, -1, 0, -123, 117, 50, -6, 72, 69, 29, -92, 81, -10, 71, -46, -96, 102, 30, 95, 74, 107, 36, -41, 14, -123, 108, -79, 31, 20, -30, 41, -89, -76, 6, -2, 101, 7, -16, -94, 14, 51, -60, 6, -26, 54, -2, -111, 84, 76, -93, -2, 10, -119, -101, -2, 98, -74, 93, 86, 117, -5, 49, -36, -68, -127, -3, 101, -90, 72, 3, -52, -102, 32, -67, 111, 3, 73, -60, -38, -24, 126, 91, 84, -124, -51, -53, -112, -52, 107, -97, 65, 90, -122, -34, -36, -33, -69, -12, -83, 11, -87, -113, 74, 84, -73, 12, 126, -41, -46, -90, 46, 24, 121, -118, 90, 71, 99, 81, 113, 33, -35, -79, -27, 82, -17, -36, 106, 90, -107, 9, -119, -41, 36, 15, 42, -112, -105, 63, 107, -21, 75, 72, -83, 13, 22, -27, -114, -20, 62, 117, 33, 40, 39, 124, 122, -46, -93, 41, -50, 65, 3, -17, -87, 9, 91, 76, -97, -83, 45, 32, -102, 27, -121, -41, 71, 31, 90, -97, 124, -61, 108, 31, -70, -108, -117, -113, 53, -2, -43, 33, 114, -64, 107, -51, -3, 58, -46, -46, 85, -95, -80, -108, -99, 115, 82, 51, 18, 49, -49, -118, 86, 39, -50, -60, -23, -67, 73, 101, 86, -44, 55, -49, 52, 49, 12, 89, 85, -74, 43, -11, -91, -105, -4, 28, -36, -99, 24, -29, -61, -104, -47, 13, -50, 14, -128, 15, 44, -47, 18, -24, 100, 97, -108, 31, 12, 80, -89, 37, -64, -102, 76, 68, -35, -112, -22, -117, 24, -12, 56, -95, -1, 0, -46, 50, -20, 81, 15, -93, -41, 74, 38, -26, 59, -21, -27, 91, -17, -120, -36, -100, 122, -102, -43, 117, 57, 23, 114, 125, -72, -100, -41, -3, 32, -25, 25, 80, 61, 26, -90, -67, -112, 24, -8, -79, 93, 50, -52, 15, -113, -52, -44, -42, 111, 23, 52, -66, -89, 39, -111, 44, 81, 57, -127, -39, 52, 27, -51, 69, 78, -51, 67, 31, -59, 114, -29, -56, 87, 73, -34, -89, 92, 26, -116, -115, 19, 125, -111, -11, -91, -11, 19, -14, 63, 110, 34, 33, -64, -83, 87, 119, -107, -65, -88, 126, 85, 49, -62, -84, -45, -20, 72, 127, -86, -101, 52, 40, 118, 113, 66, 107, 119, 43, -112, 70, 51, -71, 56, -93, -35, -109, -18, 78, -124, 80, 91, 123, 120, -2, 24, -2, -90, -117, -34, 42, -115, 35, 65, -113, 26, -109, -37, -56, 62, 37, 63, 42, 19, 68, -8, 36, 98, -115, 72, 85, 65, -106, -28, -2, -30, 125, 106, 94, -43, -90, 90, 60, 122, 26, -87, -54, -40, -23, -14, -88, -66, 122, -125, -14, -89, 104, 45, -105, 26, -23, 116, -56, 32, 121, -44, 77, -54, -8, -3, -11, 73, -80, 119, 111, -107, 64, -56, -85, -127, -111, 79, 97, 54, -53, -51, 58, -99, -100, 80, -53, -98, -123, 13, 82, 105, 65, -48, -107, -6, 80, -99, -108, 108, -96, -7, -45, 66, -44, -58, 6, 118, -40, 119, 127, 90, 27, 92, 56, -24, -108, -65, -30, 58, -115, 61, 107, 93, -56, -21, 51, 125, 106, -110, 38, -39, 120, -35, -73, -18, -3, -11, 3, 115, 47, 84, 31, -22, -86, -84, -83, -1, 0, 112, -125, -4, -43, 14, 71, 27, 75, -1, 0, -22, -102, 66, 114, 96, 26, 96, 117, 90, -59, -72, 40, 54, -46, -107, -121, 36, -25, -104, -113, -99, 109, -114, 119, 102, -5, -85, 77, 6, -74, 48, 75, -100, -99, -57, -42, -113, -52, -92, 100, -100, 31, 58, 80, 37, 69, 24, 36, 102, -120, -105, 35, 93, 6, -98, 38, -109, -128, -20, 104, -83, -125, -80, -49, -122, -11, 62, -8, -127, -98, 76, -113, 49, 74, -59, -64, 35, 77, 7, -112, -83, 53, -55, -50, 36, 76, -113, 28, 102, -89, 64, -84, 112, 38, 3, -31, 108, 120, -5, -72, -84, 91, -113, 123, 4, 28, 82, -107, -72, 1, 70, 24, 48, -24, 5, 17, 37, 36, -28, -126, 87, -46, -109, -128, -58, 126, -47, -4, 92, -89, -96, -58, 115, 90, -25, 36, 107, -87, 59, -28, 126, 53, 67, -68, 1, -14, 84, -28, -11, 11, -118, 42, -54, -97, 99, 126, -70, 10, -99, 33, 101, -27, -109, -108, -25, -98, -116, 46, 125, -34, 108, -87, 62, 34, -107, -121, 3, -4, -49, -20, 77, 25, 94, 66, -71, 50, 30, 83, -74, 64, 63, -123, 39, 18, -84, 98, -77, -31, 112, -84, -95, 79, -104, 21, 17, 41, 81, -66, 6, -25, -35, -86, 43, 33, 125, 68, -113, -97, 37, -83, 119, -59, 64, 13, -52, -6, 107, -98, -97, 33, 75, 72, 88, -60, 93, 1, -23, -29, -102, -103, -72, -24, -82, 1, -33, -107, -76, 52, -66, 55, 13, -16, -3, -30, -92, 100, 109, -70, -113, -31, 31, 118, 105, 105, 65, 99, 21, -72, 99, -15, 6, -11, -94, 36, -121, -2, 26, 82, -73, 15, -44, -82, 124, -58, 40, -117, 41, -15, 56, -13, -87, 112, 21, -114, 22, 93, 53, -4, -22, 70, 65, -29, 74, 22, -32, -125, -128, 113, -14, -94, 123, 67, 102, -95, -64, 118, 52, 14, 115, -109, -73, -99, 111, -68, -41, 83, -54, 52, 57, -13, 20, -80, 76, -33, 103, 67, -27, 68, 23, 7, 24, 39, -52, -125, -67, 45, 33, 99, 49, 112, -61, 99, -8, 84, -69, -2, 111, -119, 84, -46, -63, 63, 48, 39, 56, -11, -83, 36, -52, -121, 37, -127, 30, 32, 109, 70, -112, -79, -82, 32, 109, 74, 16, 124, -85, 66, 4, 124, -31, -122, -37, 98, -105, -117, -110, 78, 115, -111, -29, -79, -94, 11, -116, -24, 78, 7, -114, 106, 105, -114, -61, -53, 97, -43, 49, -25, -118, -85, 45, -128, 44, 50, 15, 48, -37, 76, -118, 42, 93, -98, 126, 80, 91, 3, 99, -102, 34, -35, 16, 113, -128, 71, -83, 52, -28, -121, -79, 66, 75, 39, 25, 35, -109, 35, 122, -81, 36, 69, 65, -56, 25, -89, 45, 58, 72, 64, -48, 31, 93, 106, 6, 53, 109, -50, 125, 106, -42, 70, 75, 72, 66, -47, -25, 66, 51, -118, 19, -62, 63, 116, 124, -123, 60, 107, 24, -40, 28, 29, 73, -45, 90, -83, 61, -117, -81, 64, -43, -94, -56, -119, 113, -16, 38, 60, -70, -24, 71, -123, 12, -100, 125, -80, 62, 85, 126, 88, 93, 24, -85, 68, 66, -12, 7, -3, -86, -79, -115, 67, 16, 65, 35, -57, 66, 107, 104, -76, -55, 104, -26, 81, -40, -11, -58, -99, 40, -127, -37, 56, -49, -115, 101, 101, 117, 48, 8, -70, -77, 19, -82, 54, -96, 72, -60, -54, 118, -36, 116, 21, -107, -108, -94, 53, -56, 69, -111, -61, -32, 49, 3, 30, 53, 57, 29, -71, 7, -68, 119, -4, 107, 43, 40, -112, 48, -78, 124, 123, -111, -91, 110, 57, 28, -98, 92, -23, -102, -35, 101, 64, -119, 65, 35, -107, -43, -40, -6, -102, 48, 3, 59, 117, -84, -84, -88, 99, 68, -121, -38, 52, 66, -60, 71, -90, -107, -107, -107, 33, 34, 92, -60, 38, 116, 39, -50, -94, -77, 54, 25, -41, 10, 67, 99, 65, 89, 89, 82, -122, 16, 18, -48, 9, 11, 28, -73, -98, -44, 118, 99, -18, 12, -28, 86, 86, 84, -80, 54, -57, 57, -50, -70, 86, -56, -60, 121, 26, 31, -10, -84, -84, -87, 99, 102, -41, 87, -83, -119, 24, 72, 71, 77, 43, 43, 40, 36, 41, 118, 80, 72, 39, 92, 86, -111, -55, 63, 42, -54, -54, 72, 100, -7, -113, 49, -14, -51, 77, 29, -126, 3, -109, -100, 86, 86, 84, -79, 18, 82, 91, -109, -104, -109, -100, 102, -92, 119, 35, 29, 43, 43, 42, 70, 109, -16, -40, 12, -93, 24, -94, 40, -62, 18, 52, -64, -48, 86, 86, 80, -64, -108, 100, -70, 6, 59, -42, -71, -40, 54, 1, -46, -78, -78, -89, -72, -40, 68, 99, -55, -100, -21, -118, -97, 59, 16, 50, 126, -41, -27, 89, 89, 72, 9, -32, 49, 33, -70, -43, 121, 109, -29, 4, -31, 113, -83, 106, -78, -124, -35, -115, 31, -1, -39]]
2026-05-30 16:08:58:293 | [BookPort] | INFO  | com.example.BookPort.auth.controller.v1.RegistrController | RegistrController--> Sending call to AuthRegisterService.
2026-05-30 16:08:58:293 | [BookPort] | INFO  | com.example.BookPort.auth.service.AuthRegisterService | AuthRegisterService--> Inside register method.
2026-05-30 16:08:58:293 | [BookPort] | INFO  | com.example.BookPort.auth.service.AuthRegisterService | AuthRegisterService--> Checking abhogal7 already exist in staging table or not.
2026-05-30 16:08:58:306 | [BookPort] | INFO  | com.example.BookPort.auth.service.AuthRegisterService | AuthRegisterService--> Checking abhogal7 exist in coreUser table or not.
2026-05-30 16:08:58:339 | [BookPort] | INFO  | com.example.BookPort.auth.service.AuthRegisterService | AuthRegisterService--> abhogal7 exist in staging table.
2026-05-30 16:08:58:347 | [BookPort] | WARN  | org.springframework.web.servlet.mvc.method.annotation.ExceptionHandlerExceptionResolver | Resolved [com.example.BookPort.auth.exceptions.UsernameAlreadyExistsException: abhogal7 is already taken.]
2026-05-30 16:10:55:602 | [BookPort] | INFO  | org.springframework.boot.devtools.autoconfigure.LocalDevToolsAutoConfiguration$RestartingClassPathChangeChangedEventListener | Restarting due to 1 class path change (0 additions, 0 deletions, 1 modification)
2026-05-30 16:10:55:611 | [BookPort] | INFO  | org.springframework.boot.tomcat.GracefulShutdown | Commencing graceful shutdown. Waiting for active requests to complete
2026-05-30 16:10:55:613 | [BookPort] | INFO  | org.apache.coyote.http11.Http11NioProtocol | Pausing ProtocolHandler ["http-nio-8081"]
2026-05-30 16:10:55:623 | [BookPort] | INFO  | org.springframework.boot.tomcat.GracefulShutdown | Graceful shutdown complete
2026-05-30 16:10:55:624 | [BookPort] | INFO  | org.apache.coyote.http11.Http11NioProtocol | Stopping ProtocolHandler ["http-nio-8081"]
2026-05-30 16:10:55:626 | [BookPort] | INFO  | org.springframework.orm.jpa.LocalContainerEntityManagerFactoryBean | Closing JPA EntityManagerFactory for persistence unit 'default'
2026-05-30 16:10:55:627 | [BookPort] | INFO  | com.zaxxer.hikari.HikariDataSource | HikariPool-6 - Shutdown initiated...
2026-05-30 16:10:55:632 | [BookPort] | INFO  | com.zaxxer.hikari.HikariDataSource | HikariPool-6 - Shutdown completed.
2026-05-30 16:10:55:712 | [BookPort] | INFO  | com.example.BookPort.BookPortApplication | Starting BookPortApplication using Java 21.0.8 with PID 25684 (D:\Project\BookPort\bin\main started by lenovo in D:\Project\BookPort)
2026-05-30 16:10:55:712 | [BookPort] | INFO  | com.example.BookPort.BookPortApplication | No active profile set, falling back to 1 default profile: "default"
2026-05-30 16:10:55:952 | [BookPort] | INFO  | org.springframework.data.repository.config.RepositoryConfigurationDelegate | Bootstrapping Spring Data JPA repositories in DEFAULT mode.
2026-05-30 16:10:55:968 | [BookPort] | INFO  | org.springframework.data.repository.config.RepositoryConfigurationDelegate | Finished Spring Data repository scanning in 14 ms. Found 2 JPA repository interfaces.
2026-05-30 16:10:56:041 | [BookPort] | INFO  | org.springframework.boot.tomcat.TomcatWebServer | Tomcat initialized with port 8081 (http)
2026-05-30 16:10:56:042 | [BookPort] | INFO  | org.apache.coyote.http11.Http11NioProtocol | Initializing ProtocolHandler ["http-nio-8081"]
2026-05-30 16:10:56:043 | [BookPort] | INFO  | org.apache.catalina.core.StandardService | Starting service [Tomcat]
2026-05-30 16:10:56:043 | [BookPort] | INFO  | org.apache.catalina.core.StandardEngine | Starting Servlet engine: [Apache Tomcat/11.0.21]
2026-05-30 16:10:56:066 | [BookPort] | INFO  | org.springframework.boot.web.context.servlet.WebApplicationContextInitializer | Root WebApplicationContext: initialization completed in 352 ms
2026-05-30 16:10:56:117 | [BookPort] | INFO  | org.hibernate.orm.jpa | HHH008540: Processing PersistenceUnitInfo [name: default]
2026-05-30 16:10:56:142 | [BookPort] | INFO  | org.springframework.orm.jpa.persistenceunit.SpringPersistenceUnitInfo | No LoadTimeWeaver setup: ignoring JPA class transformer
2026-05-30 16:10:56:143 | [BookPort] | INFO  | com.zaxxer.hikari.HikariDataSource | HikariPool-7 - Starting...
2026-05-30 16:10:56:161 | [BookPort] | INFO  | com.zaxxer.hikari.pool.HikariPool | HikariPool-7 - Added connection com.mysql.cj.jdbc.ConnectionImpl@316d4a71
2026-05-30 16:10:56:161 | [BookPort] | INFO  | com.zaxxer.hikari.HikariDataSource | HikariPool-7 - Start completed.
2026-05-30 16:10:56:164 | [BookPort] | INFO  | org.hibernate.orm.connections.pooling | HHH10001005: Database info:
	Database JDBC URL [jdbc:mysql://localhost:3306/library_management]
	Database driver: MySQL Connector/J
	Database dialect: MySQLDialect
	Database version: 8.0.39
	Default catalog/schema: library_management/undefined
	Autocommit mode: undefined/unknown
	Isolation level: REPEATABLE_READ [default REPEATABLE_READ]
	JDBC fetch size: none
	Pool: DataSourceConnectionProvider
	Minimum pool size: undefined/unknown
	Maximum pool size: undefined/unknown
2026-05-30 16:10:56:229 | [BookPort] | INFO  | org.hibernate.orm.core | HHH000489: No JTA platform available (set 'hibernate.transaction.jta.platform' to enable JTA platform integration)
2026-05-30 16:10:56:230 | [BookPort] | INFO  | org.springframework.orm.jpa.LocalContainerEntityManagerFactoryBean | Initialized JPA EntityManagerFactory for persistence unit 'default'
2026-05-30 16:10:56:295 | [BookPort] | WARN  | org.springframework.boot.jpa.autoconfigure.JpaBaseConfiguration$JpaWebConfiguration | spring.jpa.open-in-view is enabled by default. Therefore, database queries may be performed during view rendering. Explicitly configure spring.jpa.open-in-view to disable this warning
2026-05-30 16:10:56:357 | [BookPort] | INFO  | org.apache.coyote.http11.Http11NioProtocol | Starting ProtocolHandler ["http-nio-8081"]
2026-05-30 16:10:56:361 | [BookPort] | INFO  | org.springframework.boot.tomcat.TomcatWebServer | Tomcat started on port 8081 (http) with context path '/'
2026-05-30 16:10:56:365 | [BookPort] | INFO  | com.example.BookPort.BookPortApplication | Started BookPortApplication in 0.682 seconds (process running for 740.633)
2026-05-30 16:10:56:367 | [BookPort] | INFO  | org.springframework.boot.devtools.autoconfigure.ConditionEvaluationDeltaLoggingListener | Condition evaluation unchanged
2026-05-30 16:12:34:328 | [BookPort] | INFO  | org.springframework.boot.devtools.autoconfigure.LocalDevToolsAutoConfiguration$RestartingClassPathChangeChangedEventListener | Restarting due to 1 class path change (0 additions, 0 deletions, 1 modification)
2026-05-30 16:12:34:336 | [BookPort] | INFO  | org.springframework.boot.tomcat.GracefulShutdown | Commencing graceful shutdown. Waiting for active requests to complete
2026-05-30 16:12:34:338 | [BookPort] | INFO  | org.apache.coyote.http11.Http11NioProtocol | Pausing ProtocolHandler ["http-nio-8081"]
2026-05-30 16:12:34:349 | [BookPort] | INFO  | org.springframework.boot.tomcat.GracefulShutdown | Graceful shutdown complete
2026-05-30 16:12:34:349 | [BookPort] | INFO  | org.apache.coyote.http11.Http11NioProtocol | Stopping ProtocolHandler ["http-nio-8081"]
2026-05-30 16:12:34:351 | [BookPort] | INFO  | org.springframework.orm.jpa.LocalContainerEntityManagerFactoryBean | Closing JPA EntityManagerFactory for persistence unit 'default'
2026-05-30 16:12:34:351 | [BookPort] | INFO  | com.zaxxer.hikari.HikariDataSource | HikariPool-7 - Shutdown initiated...
2026-05-30 16:12:34:355 | [BookPort] | INFO  | com.zaxxer.hikari.HikariDataSource | HikariPool-7 - Shutdown completed.
2026-05-30 16:12:34:439 | [BookPort] | INFO  | com.example.BookPort.BookPortApplication | Starting BookPortApplication using Java 21.0.8 with PID 25684 (D:\Project\BookPort\bin\main started by lenovo in D:\Project\BookPort)
2026-05-30 16:12:34:440 | [BookPort] | INFO  | com.example.BookPort.BookPortApplication | No active profile set, falling back to 1 default profile: "default"
2026-05-30 16:12:34:587 | [BookPort] | INFO  | org.springframework.data.repository.config.RepositoryConfigurationDelegate | Bootstrapping Spring Data JPA repositories in DEFAULT mode.
2026-05-30 16:12:34:603 | [BookPort] | INFO  | org.springframework.data.repository.config.RepositoryConfigurationDelegate | Finished Spring Data repository scanning in 14 ms. Found 2 JPA repository interfaces.
2026-05-30 16:12:34:673 | [BookPort] | INFO  | org.springframework.boot.tomcat.TomcatWebServer | Tomcat initialized with port 8081 (http)
2026-05-30 16:12:34:674 | [BookPort] | INFO  | org.apache.coyote.http11.Http11NioProtocol | Initializing ProtocolHandler ["http-nio-8081"]
2026-05-30 16:12:34:675 | [BookPort] | INFO  | org.apache.catalina.core.StandardService | Starting service [Tomcat]
2026-05-30 16:12:34:675 | [BookPort] | INFO  | org.apache.catalina.core.StandardEngine | Starting Servlet engine: [Apache Tomcat/11.0.21]
2026-05-30 16:12:34:699 | [BookPort] | INFO  | org.springframework.boot.web.context.servlet.WebApplicationContextInitializer | Root WebApplicationContext: initialization completed in 256 ms
2026-05-30 16:12:34:742 | [BookPort] | INFO  | org.hibernate.orm.jpa | HHH008540: Processing PersistenceUnitInfo [name: default]
2026-05-30 16:12:34:772 | [BookPort] | INFO  | org.springframework.orm.jpa.persistenceunit.SpringPersistenceUnitInfo | No LoadTimeWeaver setup: ignoring JPA class transformer
2026-05-30 16:12:34:773 | [BookPort] | INFO  | com.zaxxer.hikari.HikariDataSource | HikariPool-8 - Starting...
2026-05-30 16:12:34:798 | [BookPort] | INFO  | com.zaxxer.hikari.pool.HikariPool | HikariPool-8 - Added connection com.mysql.cj.jdbc.ConnectionImpl@25fe02b3
2026-05-30 16:12:34:799 | [BookPort] | INFO  | com.zaxxer.hikari.HikariDataSource | HikariPool-8 - Start completed.
2026-05-30 16:12:34:801 | [BookPort] | INFO  | org.hibernate.orm.connections.pooling | HHH10001005: Database info:
	Database JDBC URL [jdbc:mysql://localhost:3306/library_management]
	Database driver: MySQL Connector/J
	Database dialect: MySQLDialect
	Database version: 8.0.39
	Default catalog/schema: library_management/undefined
	Autocommit mode: undefined/unknown
	Isolation level: REPEATABLE_READ [default REPEATABLE_READ]
	JDBC fetch size: none
	Pool: DataSourceConnectionProvider
	Minimum pool size: undefined/unknown
	Maximum pool size: undefined/unknown
2026-05-30 16:12:34:892 | [BookPort] | INFO  | org.hibernate.orm.core | HHH000489: No JTA platform available (set 'hibernate.transaction.jta.platform' to enable JTA platform integration)
2026-05-30 16:12:34:893 | [BookPort] | INFO  | org.springframework.orm.jpa.LocalContainerEntityManagerFactoryBean | Initialized JPA EntityManagerFactory for persistence unit 'default'
2026-05-30 16:12:34:966 | [BookPort] | WARN  | org.springframework.boot.jpa.autoconfigure.JpaBaseConfiguration$JpaWebConfiguration | spring.jpa.open-in-view is enabled by default. Therefore, database queries may be performed during view rendering. Explicitly configure spring.jpa.open-in-view to disable this warning
2026-05-30 16:12:35:033 | [BookPort] | INFO  | org.apache.coyote.http11.Http11NioProtocol | Starting ProtocolHandler ["http-nio-8081"]
2026-05-30 16:12:35:037 | [BookPort] | INFO  | org.springframework.boot.tomcat.TomcatWebServer | Tomcat started on port 8081 (http) with context path '/'
2026-05-30 16:12:35:039 | [BookPort] | INFO  | com.example.BookPort.BookPortApplication | Started BookPortApplication in 0.632 seconds (process running for 839.307)
2026-05-30 16:12:35:041 | [BookPort] | INFO  | org.springframework.boot.devtools.autoconfigure.ConditionEvaluationDeltaLoggingListener | Condition evaluation unchanged
2026-05-30 19:15:03:063 | [BookPort] | WARN  | com.zaxxer.hikari.pool.HikariPool | HikariPool-8 - Thread starvation or clock leap detected (housekeeper delta=3h28s183ms976µs).
